ph,Hardness,Solids,Chloramines,Sulfate,Conductivity,Organic_carbon,Trihalomethanes,Turbidity,Potability
,2.0489E+15,2.07913E+16,7.30021E+15,3.68516E+16,5.64309E+15,103797830780847,869909704615088,2.96314E+16,0
371608007538699,1.29423E+16,1.86301E+16,6635245883862,,5.92885E+15,1.518E+16,5.63291E+15,4.50066E+15,0
8.09912E+15,2.24236E+16,1.99095E+16,9.27588E+15,,4.18606E+15,1.68686E+16,6.64201E+15,3.05593E+16,0
8.31677E+15,2.14373E+16,2.20184E+16,805933237743854,3.56886E+16,3.63267E+15,1.84365E+16,1.00342E+16,4.62877E+15,0
9.09222E+15,1.81102E+16,1.7979E+15,6.5466E+15,3.10136E+16,3.98411E+16,1.15583E+16,3.1998E+16,4.07508E+15,0
5.58409E+15,1.88313E+15,2.87487E+15,754486878877965,3.26678E+15,2.80468E+15,8.39973E+15,5.49179E+16,2.55971E+16,0
1.02239E+16,2.48072E+16,2.87497E+16,7.51341E+16,3.93663E+16,2.83652E+15,1.37897E+16,8.46036E+15,2.67299E+15,0
8.63585E+15,2.03362E+16,1.36721E+16,4.56301E+15,3.0331E+15,4.74608E+16,1.23638E+15,6.27983E+16,4.40142E+15,0
,1.18989E+16,1.42856E+16,7.80417E+15,268646940746221,3.89376E+15,1.2706E+15,5.39288E+16,3.59502E+16,0
1.11803E+16,2.27231E+16,2.54845E+15,9.0772E+15,4.04042E+16,5.63885E+15,1.79278E+15,7.19766E+15,4.37056E+15,0
7.36064E+15,1.65521E+16,3.24526E+16,7.5507E+15,3.26624E+16,4.25383E+16,1.55868E+16,7.874E+15,3.66229E+16,0
7.97452E+15,2.18693E+16,1.87677E+15,8.11038E+15,,3.64098E+16,1.45257E+16,7.64859E+15,4.01172E+15,0
7.11982E+15,1.56705E+16,1.87308E+16,3.60604E+16,2.82344E+15,3.47715E+16,1.59295E+16,795007783369744,3.44576E+15,0
,1.50175E+15,2.73314E+16,6.83822E+15,2.99416E+16,3.79762E+16,1.93708E+16,765099955279583,4.41397E+15,0
749623220797336,2.05345E+16,2.8388E+15,5.07256E+15,,4.44645E+15,1.32283E+16,7.03002E+15,4.77738E+15,0
6.34727E+15,1.86733E+16,4.10652E+15,9.6296E+15,3.64488E+15,516743281893657,1.15398E+16,7.50716E+15,4.37635E+15,0
7.05179E+15,2.11049E+16,3.09806E+16,1.00948E+16,,3.15141E+15,2.0397E+15,5.66516E+15,4.26843E+15,0
9.18156E+15,2.73814E+16,2.40413E+15,6.90499E+15,3.98351E+15,4.77975E+15,1.33873E+16,714573622129516,4.50366E+15,0
8.97546E+15,2.79357E+16,1.94604E+16,6.20432E+15,,4.31444E+16,1.28888E+15,6.38212E+15,2.43609E+16,0
7.37105E+15,2.14497E+16,2.56303E+16,4.43267E+15,3.35754E+16,4.69915E+16,1.25092E+16,6.27973E+15,2.5603E+16,0
,2.27435E+16,2.23056E+15,1.03339E+16,,5.5482E+15,1.63317E+15,4.53828E+16,413342264357917,0
6.66021E+15,1.68284E+16,3.09444E+16,5.85877E+15,3.10931E+16,5.23671E+15,1.78842E+15,770423180517003,3.7497E+16,0
,2.15978E+16,1.71072E+16,5.60706E+15,326943977743867,4.36256E+16,1.41891E+16,5.98555E+15,5.45925E+15,0
3.90248E+15,1.96903E+15,2.11675E+16,6.99631E+15,,4.44479E+16,1.6609E+16,901816758847452,4.52852E+15,0
5.4003E+15,1.40739E+16,1.72666E+16,1.00569E+16,3.28358E+15,4.72874E+15,1.12564E+16,569319064457562,4.82479E+15,0
6.51442E+15,1.98767E+16,2.12187E+16,867093691991312,3.23596E+15,4.1329E+15,1.49E+16,7.98478E+15,5.20089E+15,0
3.44506E+16,2.07926E+16,334247686784948,8.78215E+15,3.84007E+16,4.41786E+15,1.38059E+15,3.02846E+16,4.1844E+15,0
,1.45768E+16,1.32249E+16,7.90644E+15,3.04002E+15,2.98991E+16,1.27295E+16,4.95368E+16,4.00487E+15,0
,2.66421E+15,2.6363E+16,7.70006E+15,3.95389E+16,3.6448E+16,1.0349E+15,5.30084E+15,3.99156E+16,0
,1.48153E+16,1.51934E+15,904683270725723,3.07012E+16,5.63805E+15,1.65687E+15,5.26762E+15,6.03818E+16,0
7.18145E+15,2.09626E+16,1.51962E+16,5.99468E+15,3.38336E+15,3.42111E+15,792259833302262,715379532557936,5.08886E+15,0
982548990813439,1.90757E+15,1.96779E+16,6.75754E+15,,4.52836E+15,168990378000164,4.7082E+16,2.85747E+15,0
1.04333E+16,1.17791E+16,2.23269E+16,8.1615E+15,3.07708E+16,4.12987E+15,1.28907E+16,6.57335E+15,5.05731E+15,0
7.41415E+15,2.35045E+16,3.25559E+16,6.84595E+16,3.87175E+15,411983364167012,1.02448E+16,4.44893E+15,3.16062E+15,0
,2.3228E+16,1.47872E+16,5.47491E+15,,3.83982E+15,1.21669E+15,8.60807E+15,5.02917E+15,0
5.11582E+15,1.91953E+16,1.96205E+16,6.06071E+15,3.23836E+15,4.41748E+16,1.09665E+15,4.92382E+15,3.90209E+16,0
3.64163E+15,1.83909E+16,2.47521E+16,5.53831E+15,2.8606E+15,4.5686E+15,903406675271333,735946567566564,3.46435E+16,0
5.61806E+15,3.04236E+16,1.7282E+15,6.10108E+15,,3.99472E+16,1.2265E+16,8.1589E+15,2.89655E+16,0
,1.43454E+16,1.99423E+16,589075458310612,,4.27131E+15,2.24699E+15,5.31241E+15,290756391519334,0
9.26719E+15,1.98614E+16,2.46837E+16,6.11061E+15,3.28078E+16,3.96877E+16,1.6472E+16,3.03833E+16,4.324E+15,0
,2.33859E+16,1.17039E+16,4.59939E+15,3.09039E+16,3.494E+15,1.83389E+15,4.26775E+15,3.51E+15,0
5.33194E+15,1.94874E+16,1.66589E+16,7.99383E+15,3.16675E+16,3.3512E+15,1.01805E+16,5.95727E+15,4.43482E+15,0
7.14577E+15,2.3869E+16,2.87803E+16,681402870120907,3.85976E+15,3.32033E+15,1.10932E+16,6.6138E+15,5.18259E+15,0
9.92069E+15,2.02817E+15,9.97393E+15,6.88225E+15,3.37351E+16,3.33192E+16,2.39176E+16,71833623959766,469070723013249,0
4.75844E+15,1.83349E+16,2.15684E+16,4.73135E+15,,4.03944E+15,1.86682E+15,6.69124E+15,4.5428E+15,0
5.70293E+15,2.1685E+16,3.56064E+15,71843510891688,,5.04638E+16,1.61408E+16,7.75362E+15,4.13774E+15,0
6.95386E+15,2.09638E+15,1.05752E+15,4.46271E+15,3.15607E+16,3.91184E+16,1.32853E+15,8.73909E+15,3.19571E+15,0
1.0683E+15,1.73375E+15,1.57587E+16,5.57078E+15,3.07353E+16,3.23808E+15,100908697516698,7.84728E+15,3.99978E+16,0
,1.29891E+16,3.44159E+16,6.32193E+15,3.04535E+15,4.70329E+15,1.85994E+15,7.24036E+15,440558600033858,0
8.75726E+15,2.00191E+16,2.15362E+16,4.9151E+15,3.17883E+16,4.04718E+15,1.37683E+16,4.79309E+16,3.62614E+16,0
,1.68388E+16,2.74923E+15,7.04622E+15,2.9982E+15,3.83795E+16,1.61821E+15,7.57294E+15,3.04806E+16,0
780963189801941,1.00458E+15,1.20136E+16,5.21231E+15,2.47201E+15,6.0522E+15,9.61135E+15,6.60842E+15,2.44744E+15,0
6.65249E+15,1.4501E+15,1.98718E+16,4.96107E+15,2.88052E+15,545974993762403,1.0942E+16,717274140605346,3.74209E+16,0
9.1472E+15,2.11714E+16,1.19206E+16,72307947693374,3.39752E+15,5.27709E+15,1.82753E+15,4.76349E+15,3.79453E+16,0
1.05607E+16,1.81893E+16,2.17837E+16,6.99126E+15,3.4039E+16,4.56556E+15,1.64828E+15,342520490783523,3.96469E+16,0
7.48425E+15,2.60092E+16,3.06166E+16,9.37913E+15,,4.04671E+16,1.59345E+16,666210265451665,4.78119E+15,0
8.52081E+15,2.38335E+16,287796500110336,8.28281E+15,3.81649E+15,4.81319E+15,6.01634E+15,3.90912E+15,3.9406E+16,0
4.99941E+15,1.90287E+16,2.43239E+16,7.23016E+15,3.24893E+15,4.0533E+15,8.23656E+15,9.94274E+15,4.46068E+15,0
,1.57801E+16,1.69636E+16,8.33562E+15,3.00044E+16,3.60996E+16,1.28239E+16,717170050975215,4.40539E+16,0
,1.55056E+16,2.05572E+16,8.18732E+15,,2.90181E+16,1.66223E+16,5.96221E+16,4.08991E+15,0
3.90608E+16,2.33403E+15,3.21448E+16,6.99484E+16,3.48359E+15,2.69449E+15,96541256002684,6.37431E+15,3.90288E+15,0
6.39135E+15,2.13018E+15,2.09655E+16,5.37556E+15,3.27651E+16,3.69338E+15,1.37581E+16,1.79157E+16,392374916929651,0
,2.29486E+16,3.57297E+16,8.81084E+15,3.84944E+16,2.96398E+15,1.69271E+15,,3.8556E+16,0
8.69209E+15,1.95144E+15,2.46562E+16,823190033837729,,3.98345E+15,1.23808E+16,4.84407E+16,4.47796E+15,0
8.08576E+15,1.2774E+16,3.26539E+16,6.53424E+15,,4.1624E+16,1.11197E+16,7.82751E+15,4.06869E+15,0
6.20398E+16,2.12307E+16,2.18151E+15,7.87399E+15,,3.62108E+16,149330126610987,6.38738E+15,5.21569E+15,0
5.05811E+15,2.38569E+16,348739345228707,8.98328E+15,3.74434E+16,669725086180179,1.33532E+16,7.65218E+15,5.10666E+15,0
,1.03465E+16,2.74202E+15,8.41731E+15,,4.85975E+16,1.13511E+16,678699636759021,4.62079E+15,0
,2.11201E+16,1.28305E+16,4.50212E+15,3.26962E+15,3.3333E+15,1.60451E+15,4.98984E+15,3.43974E+16,0
7.26155E+15,1.7989E+16,2.49648E+16,5.83709E+15,3.49269E+16,50118278074341,1.72877E+16,5.0993E+16,3.63636E+15,0
716046723080874,1.83089E+15,6.74335E+15,3.80304E+16,2.77599E+15,4.28036E+15,979962468961304,9.00354E+15,3.88489E+16,0
5.70476E+15,1.16299E+16,3.32236E+15,7.0505E+15,2.97078E+15,5.04379E+16,9.00182E+15,481470312534892,4.15753E+15,0
621727313516034,1.30944E+16,1.94604E+15,7.09246E+16,3.00131E+16,5.56654E+15,1.40836E+16,5.78971E+16,5.32583E+15,0
8.67993E+15,2.42229E+16,2.29841E+15,7.51876E+16,,3.52943E+16,1.87044E+16,6.99079E+15,3.87347E+15,0
,2.19301E+16,1.48595E+15,5.59833E+15,3.44442E+15,4.25214E+16,1.57718E+16,4.9352E+16,4.65592E+15,0
6.89732E+15,2.1136E+16,2.56508E+16,6.76601E+15,,3.83014E+15,1.39348E+15,9.05233E+15,5.02278E+15,0
3.51455E+15,1.58732E+16,2.30297E+16,6.82168E+15,2.86523E+15,3.07379E+15,971223191091832,7.98509E+15,3.76262E+15,0
372250048593372,1.6364E+16,3.79622E+15,6.68457E+16,3.26694E+16,4.67563E+15,1.45673E+16,5.0578E+15,3.66284E+16,0
6.455E+15,1.76684E+16,2.4468E+16,5.75693E+15,3.148E+16,4.77581E+16,1.62455E+16,5.77297E+15,2.29343E+16,0
7.3168E+15,2.17523E+15,3.19034E+16,9.86505E+15,3.76938E+16,4.25913E+15,8.99275E+15,6.95092E+15,3.50837E+15,0
1.84454E+15,2.33764E+15,2.86896E+16,7.72443E+15,,4.10387E+16,1.56119E+16,5.42994E+15,5.01346E+15,0
5.51913E+15,1.68729E+16,1.25316E+15,773072294792503,,4.4357E+15,1.80991E+16,,3.759E+15,0
7.40899E+15,2.04962E+16,9.56612E+15,6.50592E+15,3.11453E+15,5.04146E+16,1.15321E+16,8.11069E+15,3.77242E+15,0
5.97677E+15,2.58953E+15,2.7268E+16,7.6486E+15,3.83657E+15,514118920118766,1.22568E+16,8.24698E+15,2.99467E+16,0
6.39536E+15,1.33834E+15,2.38273E+16,51277468613272,2.66908E+15,5.734E+15,9.83387E+15,9.50266E+15,4.19122E+15,0
6.20964E+15,1.95418E+16,1.31167E+16,7.87935E+15,,4.17242E+16,7.50766E+15,7.05474E+15,3.61252E+16,0
6.76283E+15,2.32075E+15,2.71594E+16,7.88499E+15,3.50445E+15,4.65414E+15,1.3864E+16,6.48123E+15,4.91658E+15,0
991871706385417,1.99181E+16,2.14703E+16,6.79984E+15,3.29178E+16,4.30508E+15,1.5966E+16,5.92923E+15,3.38551E+15,0
1.01554E+15,3.00292E+16,1.26524E+16,6.65513E+15,3.98648E+16,4.87459E+16,9.34763E+15,679197886870381,5.00247E+15,0
8.72173E+15,2.0637E+16,2.86081E+16,6.32544E+15,3.77405E+16,5.06938E+16,1.35538E+16,4.23815E+16,2.55503E+16,0
,1.9798E+15,1.71533E+16,7.6592E+15,3.2928E+15,5.75115E+15,1.1871E+16,6.91098E+15,4.38392E+15,0
,1.99108E+15,2.97219E+16,6.86969E+15,3.57303E+16,4.2071E+16,9.22662E+15,5.52943E+15,3.35516E+15,0
6.09965E+15,2.3792E+15,2.04168E+15,8.45783E+15,,2.91105E+15,1.92701E+15,9.3138E+15,3.17279E+16,0
9.02679E+15,2.53217E+16,2.79651E+15,6.58837E+15,3.73553E+15,5.8832E+15,1.61457E+16,5.91245E+15,2.01904E+16,0
6.95337E+15,2.03147E+15,1.16091E+16,5.49574E+15,3.04283E+15,5.51143E+15,9.38778E+15,5.5958E+15,3.65187E+15,0
6.14088E+15,1.97876E+16,2.66879E+15,7.5872E+15,3.29232E+16,5.48073E+15,1.58363E+16,4.12636E+15,5.35946E+15,0
7.07787E+15,2.20671E+16,2.38734E+16,6.18184E+15,3.41987E+16,3.33051E+15,1.06618E+16,9.02978E+15,4.76451E+15,0
5.48831E+15,1.35802E+16,2.14852E+16,818741579072919,2.80603E+15,4.41331E+15,1.48603E+15,8.82873E+15,5.06679E+15,0
7.20556E+15,1.20328E+16,2.46279E+16,6.20247E+15,2.89769E+15,4.18433E+15,1.36431E+16,6.37337E+15,3.71005E+15,0
9.17787E+15,1.63275E+15,2.08683E+16,7.72604E+15,3.20421E+15,4.26994E+15,1.02143E+16,6.24309E+16,3.10877E+16,0
4.27072E+15,1.66838E+16,2.44053E+16,7.39151E+16,2.97207E+16,3.49519E+15,1.34785E+16,5.44748E+15,3.76391E+15,0
7.34884E+15,2.23265E+16,1.1519E+16,8.88956E+15,,4.94158E+15,1.81454E+16,7.37155E+15,4.88088E+15,0
8.52617E+15,1.75613E+16,1.18371E+15,7.48371E+15,3.08399E+16,474240482290634,2.18459E+16,5.23722E+15,5.08301E+15,0
,1.69042E+16,361528208993245,8.33039E+15,3.2904E+16,5.90749E+15,1.76951E+16,1.0315E+16,3.99597E+15,0
2.61204E+15,1.88804E+16,3.47983E+15,679643915408815,,4.6808E+15,1.31708E+16,4.95238E+16,4.76521E+15,0
8.49057E+15,2.04124E+16,2.29898E+16,827079293672615,3.58847E+16,4.35001E+15,1.70842E+16,6.24216E+15,3.87556E+16,0
,2.13542E+16,2.25397E+15,6.9572E+16,3.34041E+15,4.63399E+16,1.1623E+16,6.96158E+15,3.39859E+16,0
8.8584E+15,2.54618E+16,9.6243E+15,7.95402E+15,3.48408E+16,3.44303E+16,7.93547E+15,7.81085E+15,5.52573E+15,0
609815652147278,189995845993418,2.77769E+16,6.4431E+16,3.4793E+15,2.4586E+16,1.46369E+15,7.34246E+15,3.97736E+16,0
841997068212899,18571898879367,1.3238E+16,3.99827E+15,3.08143E+15,4.63647E+16,1.72096E+15,4.87831E+15,3.96248E+15,0
9.28616E+15,2.22662E+15,1.23113E+16,7.28987E+15,3.32239E+15,3.5374E+16,1.41718E+16,,5.23998E+15,0
7.8759E+15,2.26285E+16,1.27102E+16,7.30313E+16,3.46403E+15,4.45374E+15,6.06346E+15,6.3128E+15,4.23859E+15,0
7.72533E+16,2.52265E+16,3.64777E+16,838676100823379,4.26544E+15,3.39411E+16,1.74858E+16,6.04839E+15,3.72484E+16,0
3.38809E+15,2.12029E+15,2.02301E+16,8.56978E+15,3.49156E+16,3.53913E+15,1.82083E+16,8.23879E+15,2.7986E+15,0
6.74531E+15,2.18425E+16,2.18718E+16,7.16551E+15,,3.7305E+16,1.68266E+16,7.40861E+15,3.90235E+16,0
,1.90424E+16,2.80626E+16,9.61515E+15,3.57227E+15,2.63772E+16,1.34452E+15,6.70556E+15,5.62902E+16,0
7.18383E+15,2.61851E+16,1.4101E+16,9.0085E+15,3.58725E+15,2.90424E+15,1.71499E+15,8.20251E+15,4.59717E+15,0
1.0112E+16,2.40432E+15,1.53313E+16,5.39265E+15,3.61903E+16,4.03042E+15,1.61311E+15,6.11111E+15,3.42576E+15,0
7.39741E+15,1.22541E+16,8.85511E+15,6.88869E+15,2.41608E+16,4.89852E+16,1.33659E+16,,3.14916E+15,0
7.8128E+15,1.96584E+16,4.25508E+16,7.33465E+15,,4.42546E+16,1.46669E+16,,6.20485E+15,0
6.87746E+15,1.36879E+16,2.74336E+16,7.09152E+15,3.07397E+15,3.42196E+15,1.84038E+16,8.11934E+15,3.82765E+16,0
,1.4697E+15,1.63675E+16,7.68704E+15,,4.68945E+16,1.86014E+15,4.9562E+15,4.66435E+15,0
,2.30809E+16,2.74188E+16,7.1365E+15,3.6931E+15,2.74661E+16,9.57858E+15,7.23769E+15,4.1976E+15,0
7.52105E+15,2.6706E+16,2.68654E+15,1.04495E+16,,5.05709E+16,1.62377E+16,5.70378E+15,2.88079E+16,0
8.55088E+15,2.31249E+15,2.89184E+16,7.82253E+15,369264222748674,4.32285E+16,1.62663E+16,7.31495E+15,3.77289E+16,0
1.03085E+16,2.1722E+15,2.76532E+16,8.91227E+15,3.69531E+15,3.82952E+15,6.5804E+15,5.9576E+15,3.28508E+15,0
,2.5267E+16,2.93687E+16,9.90615E+15,4.33952E+15,4.65217E+15,1.3221E+16,8.41986E+15,5.05274E+15,0
7.37109E+15,2.07717E+16,2.49138E+16,9.61633E+15,3.623E+15,3.63169E+16,1.15427E+16,6.77207E+15,4.41259E+16,0
1.11807E+16,2.28301E+16,1.66004E+16,6.094E+16,,5.04051E+15,1.5035E+16,1.10739E+16,3.80984E+16,0
6.50649E+15,2.02286E+16,1.70871E+16,6.20198E+15,3.26662E+16,48177193425228,1.65352E+16,4.62057E+15,3.54878E+16,0
6.64394E+15,1.5189E+15,1.09092E+16,3.74963E+16,2.40937E+16,4.37909E+15,1.52647E+16,6.4204E+15,3.81295E+16,0
5.03377E+15,1.55321E+16,3.49718E+15,7.12148E+15,3.20115E+15,5.00637E+15,1.83125E+16,6.31933E+15,3.24495E+16,0
691260756198984,1.5574E+15,1.79732E+16,4.9163E+15,2.75908E+15,4.39648E+15,1.83807E+16,555074684684337,2.61225E+16,0
7.97764E+15,2.45895E+16,3.21701E+15,963563608296433,3.99583E+15,4.73662E+15,1.17283E+16,2.3817E+15,3.55213E+15,0
6.07834E+15,1.97502E+16,3.59578E+15,8.13047E+15,3.79528E+15,3.6006E+16,2.00984E+15,4.1866E+15,420158090550856,0
6.24241E+15,1.91909E+16,2.81494E+16,7.13044E+15,3.19307E+15,4.48243E+15,1.93701E+16,6.09395E+15,4.50871E+16,0
6.06335E+15,1.60767E+16,1.47751E+15,7.4841E+15,3.05829E+16,3.2727E+16,1.2309E+16,6.90385E+15,3.46734E+16,0
8.12959E+15,1.77899E+16,2.78342E+15,900600774687328,3.34439E+15,3.97021E+15,1.59363E+16,8.13908E+15,3.36254E+16,0
9.56241E+15,2.02014E+16,1.30418E+16,5.82066E+15,3.27119E+15,4.33382E+16,1.41391E+16,6.3549E+15,3.76272E+16,0
8.16779E+15,2.00914E+16,2.71414E+16,7.26242E+15,3.44161E+16,5.25599E+15,1.61423E+16,6.62314E+15,4.2894E+15,0
8.59442E+15,2.70023E+16,1.57917E+16,591269062429658,,6.72557E+15,2.01841E+15,5.49613E+16,3.56899E+15,0
,1.67386E+16,2.09446E+16,4.96312E+15,,5.66339E+15,1.13188E+15,,3.6798E+16,0
6.82547E+15,1.87052E+16,4.61401E+15,6.13776E+15,3.52702E+15,3.73427E+15,1.26064E+16,587522013156628,3.02745E+15,0
7.86118E+15,2.04274E+16,2.5145E+16,7.92332E+15,3.38214E+15,4.69487E+16,1.59934E+16,8.61673E+15,4.15766E+15,0
4.96577E+15,2.20849E+16,2.18027E+15,6.25058E+15,3.11598E+15,3.86413E+15,1.80352E+16,5.39082E+15,3.42177E+16,0
6.20743E+15,1.92937E+16,1.34426E+16,5.81902E+15,3.25907E+16,5.33796E+15,1.46875E+15,6.0485E+15,3.5493E+15,0
,1.57001E+16,2.00671E+16,8.07105E+15,,4.9091E+15,1.73229E+15,7.19693E+15,4.41756E+15,0
976925100608684,2.64266E+15,847167738143048,8.34971E+15,3.59269E+16,353196475487524,1.50471E+16,5.26455E+16,4.63656E+15,0
9.63067E+15,1.52862E+15,2.36417E+15,6.92571E+15,3.33148E+16,417167072927369,1.66702E+15,8.99976E+15,4.92009E+15,0
5.18747E+15,1.04752E+16,2.00601E+16,6.91391E+15,,368815428587841,1.51403E+16,9.86566E+15,3.20326E+16,0
7.63357E+15,1.99653E+16,1.63122E+16,9.90055E+15,3.58566E+16,4.20534E+16,1.05394E+16,1.00243E+16,2.92707E+16,0
5.7712E+15,1.55051E+16,2.49094E+15,6.53126E+15,2.97009E+15,3.13702E+15,1.17048E+16,8.56883E+15,4.68896E+15,0
6.57997E+15,1.97227E+15,1.76571E+15,4.50629E+15,2.9029E+15,2.54393E+16,9.84766E+15,7.37497E+15,4.57593E+15,0
480115436807586,1.80773E+16,1.35567E+16,8.97729E+15,3.22062E+16,5.87395E+15,1.24014E+16,6.20282E+15,4.41864E+15,0
7.94882E+15,2.38236E+15,1.91295E+16,5.85196E+15,,434655458610077,8.66329E+15,6.7304E+15,3.69225E+16,0
6.90699E+15,2.16785E+16,1.99912E+15,7.30235E+15,3.40106E+16,3.56459E+15,9.61411E+15,6.11226E+15,2.12476E+16,0
,2.81269E+15,2.24521E+16,6.7737E+15,343635821280367,3.95342E+15,1.49031E+16,6.71252E+15,4.44435E+15,0
,1.90779E+16,1.22243E+16,4.64621E+15,3.08565E+16,3.99271E+16,1.18768E+16,6.18866E+15,3.46317E+16,0
846133087400179,2.12581E+16,3.44068E+15,8.67915E+15,3.84855E+16,477343368601036,1.38017E+16,,3.77194E+15,0
7.72613E+15,2.33948E+16,2.16679E+16,6.31318E+15,3.40273E+16,4.72259E+16,1.43999E+15,3.6578E+15,3.72064E+16,0
,2.47662E+16,1.95495E+16,8.76967E+15,,4.38866E+15,1.66247E+16,6.4949E+15,3.77774E+15,0
8.92708E+15,2.41875E+16,2.28213E+16,854973827385147,3.67976E+16,3.80197E+15,1.08593E+16,758570678201616,460186095914794,0
6.20802E+15,1.53221E+15,1.73588E+16,821493885317026,3.28282E+15,4.81196E+16,1.42741E+15,6.27182E+15,4.33462E+15,0
6.12843E+15,1.41492E+15,9.61583E+15,762791913004187,2.77952E+15,4.15009E+15,1.64358E+16,5.06939E+15,4.63382E+15,0
,2.02255E+15,1.19817E+16,9.18911E+15,3.39984E+15,4.16589E+15,1.40792E+16,6.27655E+16,2.67891E+16,0
7.30805E+15,2.74705E+15,1.46005E+16,8.1058E+15,3.84565E+16,4.15607E+15,1.67616E+16,689372269462471,3.69612E+15,0
,1.70099E+16,3.99062E+15,6.555E+15,,5.15387E+15,1.35161E+15,4.05142E+15,4.35324E+16,0
8.64089E+15,2.01569E+16,2.64737E+16,6.96709E+15,3.52307E+15,3.09983E+15,1.76651E+16,6.86649E+15,5.2631E+16,0
,2.05509E+16,2.04069E+15,6.81007E+15,3.55266E+15,4.8233E+16,1.23378E+15,7.05806E+15,4.10253E+16,0
8.15321E+15,1.27145E+16,1.02809E+15,5.82836E+15,2.67637E+15,4.87908E+16,1.19435E+16,9.06194E+15,2.90579E+15,0
8.29372E+15,2.0616E+15,3.52164E+16,6.441E+15,3.47062E+16,3.99484E+15,1.60657E+16,7.99545E+15,3.95472E+16,0
,2.3385E+16,2.11363E+16,6.68988E+15,,3.32738E+16,9.74528E+15,7.75299E+15,3.31086E+16,0
,237677383112304,2.60091E+15,7.07453E+15,3.726E+15,3.44768E+16,1.44422E+15,7.26962E+15,3.7066E+16,0
9.48997E+15,2.3407E+16,1.55137E+16,4.73533E+15,,2.7797E+16,1.66982E+15,8.14272E+15,4.21997E+15,0
783097634338162,1.90799E+16,7.69506E+15,4.84521E+16,2.92516E+15,5.07445E+15,1.55267E+16,8.50095E+15,4.58878E+15,0
4.43028E+15,1.39686E+16,2.88623E+16,896137237710277,2.98379E+16,4.34781E+15,172992944626111,6.30425E+15,4.38457E+15,0
7.24074E+15,201186804455864,2.37831E+15,7.75129E+15,3.40984E+15,5.7922E+15,1.34864E+16,6.26502E+15,3.5563E+15,0
,260205359611888,1.95177E+16,8.76417E+15,3.68821E+16,2.51021E+16,1.28046E+16,4.86519E+15,3.66552E+16,0
6.8673E+15,1.74185E+15,2.41122E+16,5.52994E+15,2.97656E+15,4.84123E+16,1.14827E+15,6.53044E+15,3.8236E+16,0
6.12964E+15,2.00278E+15,3.09899E+15,8.8301E+15,3.48868E+15,3.41389E+16,9.30012E+15,7.95536E+15,4.61589E+15,0
7.91705E+15,2.78056E+15,2.71923E+15,9.22013E+15,4.24788E+15,358781736184615,1.50543E+16,5.68396E+15,3.65948E+16,0
6.51162E+15,1.81873E+16,2.91368E+16,7.68578E+15,3.45752E+16,4.75341E+15,1.23212E+16,5.24376E+15,4.85043E+15,0
532381558430839,2.32369E+16,3.76258E+15,8.87982E+15,3.80576E+16,5.80898E+15,1.22938E+16,5.531E+15,2.88072E+16,0
6.76957E+15,1.68937E+16,1.10672E+16,7.12126E+15,3.05795E+16,2.89542E+15,1.85459E+16,6.20016E+15,5.22054E+15,0
5.87797E+15,1.41615E+16,1.36523E+16,5.70166E+15,2.79782E+15,5.38495E+15,1.2034E+15,6.79073E+15,4.03226E+16,0
9.53402E+15,2.01955E+15,9.47261E+15,6.10571E+16,3.19576E+15,2.59637E+16,1.56256E+15,,2.76824E+16,0
6.34003E+15,2.25028E+16,4.52225E+15,5.80903E+15,3.63006E+15,4.355E+15,1.13859E+16,8.06703E+15,3.686E+16,0
8.66159E+15,2.84098E+16,2.70885E+16,7.89786E+16,,5.12277E+15,1.69121E+16,7.24658E+15,3.67043E+16,0
5.65351E+15,1.4659E+16,1.64625E+16,6.5016E+15,2.99645E+15,272440558304258,1.37953E+15,8.78226E+15,5.19899E+15,0
6.62601E+16,1.12299E+16,2.58399E+16,7.65875E+15,3.12247E+15,3.27248E+16,1.94091E+16,8.57851E+15,4.19431E+15,0
7.79383E+15,1.76866E+16,1.83447E+16,7.56768E+15,3.3823E+16,3.71217E+15,9.03904E+15,762880763113865,4.17294E+15,0
7.59313E+15,2.61566E+16,1.83711E+16,6.29754E+15,,3.8763E+15,1.6576E+15,5.18309E+15,3.37734E+16,0
7.36274E+15,185692181022348,1.62684E+15,5.31702E+16,3.16919E+15,4.19258E+16,1.60242E+16,6.46789E+15,4.40851E+15,0
932030544529501,1.29824E+16,1.60021E+16,4.40503E+15,2.71671E+16,4.99844E+15,1.30769E+16,8.28376E+15,420580973235456,0
3.71979E+16,2.48859E+15,2.35909E+15,7.68374E+15,3.51555E+15,4.27496E+15,2.03938E+16,3.86049E+15,2.7184E+16,0
6.65561E+15,2.16441E+16,2.05718E+16,8.98424E+15,,3.36831E+16,1.7746E+16,7.17043E+15,2.95164E+16,0
9.86888E+15,2.14166E+16,1.53269E+16,3.3516E+15,2.97084E+15,4.24293E+16,1.91884E+16,7.00705E+15,3.35549E+15,0
5.59061E+15,229192139486151,3.53707E+15,7.98964E+15,,4.69413E+15,1.32816E+15,7.69927E+15,4.72685E+15,0
5.55444E+15,2.29123E+15,3.13445E+16,7.76143E+15,,306872525988099,1.39748E+16,8.72734E+15,2.09591E+16,0
4.12653E+15,1.25475E+16,1.12159E+16,5.36601E+15,2.61445E+16,4.45241E+15,1.85759E+16,8.64337E+15,4.4602E+16,0
5.97004E+15,2.30449E+16,1.63241E+16,5.29392E+15,3.15186E+16,3.27787E+15,1.3326E+16,3.95542E+15,5.42867E+15,0
,2.29771E+16,1.61623E+16,4.93366E+15,,4.48846E+15,881648689936901,,4.60093E+15,0
8.36915E+15,1.835E+16,129759003341113,6.60085E+15,3.15901E+16,4.93465E+16,1.29871E+15,8.70294E+15,3.62975E+15,0
6.28425E+15,1.90018E+15,1.22067E+16,7.91071E+15,,3.95261E+16,1.32461E+16,5.89277E+15,3.37713E+15,0
1.12678E+15,1.61896E+16,6.04037E+15,7.20541E+15,,3.16536E+15,1.17683E+16,2.55253E+16,4.15335E+15,0
9.29802E+15,1.63039E+15,1.39905E+16,4.2497E+15,,3.99477E+15,1.53659E+16,8.39232E+15,3.68132E+16,0
7.89547E+15,1.54266E+16,7.76962E+15,7.20526E+15,2.58313E+15,4.07732E+16,1.642E+16,630160175779737,4.23695E+15,0
7.94749E+15,2.69809E+16,3.44408E+15,6.95828E+15,3.90104E+15,4.25628E+16,1.37493E+16,566358113166401,3.70085E+16,0
1.00262E+16,2.24266E+16,1.49622E+16,7.42831E+15,3.36973E+16,5.17513E+15,188585188822683,6.53635E+15,4.18228E+15,0
648819323961521,2.25482E+15,3.48644E+15,8.95169E+15,3.85506E+15,3.2451E+16,1.26965E+15,9.71129E+15,4.59207E+15,0
5.86974E+15,2.07725E+16,2.22442E+16,6.59776E+16,3.52564E+15,4.65616E+16,1.48381E+16,778227370729317,4.68932E+15,0
,2.20814E+16,2.14103E+15,6.32488E+15,3.35846E+15,3.82198E+15,9.5003E+15,8.69901E+15,3.65997E+16,0
5.30414E+15,1.60968E+15,2.52995E+15,628604310963364,3.00501E+16,4.9779E+16,1.5013E+16,6.11155E+16,4.16572E+15,0
7.53361E+15,1.86918E+15,1.16427E+16,5.89068E+15,,3.63506E+16,1.07401E+16,4.95743E+15,3.46276E+15,0
407760772456597,2.07838E+16,1.8195E+15,7.92397E+15,,2.88365E+15,1.33067E+16,3.58246E+15,2.75866E+15,0
,1.05859E+16,3.79281E+15,5.60944E+15,,3.58889E+16,1.22071E+16,7.11199E+15,3.87385E+15,0
7.08617E+16,1.89145E+15,4.30449E+15,3.61589E+16,2.59373E+16,4.00904E+15,1.2993E+16,6.39023E+16,34165397533412,0
6.27101E+15,2.13445E+16,2.48461E+16,8.373E+15,,5.43392E+15,179165263662577,8.45789E+15,5.30358E+15,0
795776834399615,2.76734E+16,1.71624E+16,7.84154E+15,397431962226721,51442172196485,1.45298E+16,6.05597E+15,3.45075E+16,0
8.87564E+15,2.28922E+16,284877085978243,5.31873E+15,3.51961E+15,4.74773E+16,1.4684E+16,525788600217086,4.00699E+15,0
,1.92447E+16,1.82576E+16,7.47225E+15,3.13777E+15,4.62402E+16,1.39321E+16,5.31859E+15,4.3583E+15,0
6.61371E+15,1.41129E+15,2.56486E+16,722297155669755,2.95237E+16,374770315796252,1.40383E+16,7.42992E+15,3.53977E+16,0
7.73571E+15,1.37318E+16,1.6724E+15,7.67583E+15,2.8254E+16,5.95329E+15,1.87561E+16,6.30428E+15,2.14861E+16,0
9.92504E+15,2.38713E+16,107046031822988,6.11002E+15,3.51597E+15,4.059E+15,1.35504E+16,5.94627E+15,4.7038E+15,0
9.00258E+15,2.02991E+15,1.95231E+16,7.24475E+15,3.30362E+16,3.66492E+16,1.56894E+16,5.56974E+16,4.90484E+15,0
5.09577E+15,2.73408E+16,2.63073E+15,1.02198E+16,3.80201E+15,5.13878E+15,1.82724E+16,6.14252E+16,4.35219E+15,0
8.59468E+15,2.63765E+15,2.32201E+16,6.39446E+15,3.83963E+15,5.88853E+15,1.358E+16,8.61916E+15,4.75407E+15,0
7.08378E+15,1.1282E+16,8.58025E+15,4.21028E+16,2.34853E+16,4.34748E+15,2.33995E+15,941603073012966,3.88768E+15,0
7.68287E+15,1.80701E+15,1.21057E+16,5.39672E+15,2.96239E+15,4.69836E+15,1.58318E+15,6.18021E+15,3.77861E+15,0
,1.33813E+16,1.82725E+15,5.91187E+15,,4.15212E+15,1.15045E+16,9.29758E+15,3.3132E+15,0
6.41977E+15,2.0876E+16,3.07597E+16,7.76786E+15,,5.236E+15,2.02325E+15,,3.09523E+15,0
4.44324E+15,1.78956E+15,2.50085E+15,4.94881E+15,2.98577E+16,4.29545E+15,1.77297E+16,5.63477E+15,3.26832E+15,0
6.97866E+15,1.83243E+16,2.31144E+16,6.50083E+15,3.23156E+15,4.70079E+15,1.60828E+15,6.59957E+15,4.76694E+15,0
6.62361E+15,203030141349452,1.71673E+16,6.0496E+15,3.11726E+16,4.10243E+16,159145000730461,6.50212E+15,2.91517E+16,0
3.66471E+15,2.01097E+15,2.81028E+15,5.68204E+15,3.30024E+16,2.91148E+16,1.74706E+15,7.51018E+15,3.31616E+16,0
4.81414E+15,2.05214E+16,1.76504E+16,812108014749549,3.50488E+15,4.14031E+15,1.09994E+16,474026658716864,5.19085E+15,0
5.77967E+15,199586080284079,2.41604E+16,9.45813E+15,,4.28553E+15,1.60225E+16,6.48727E+15,4.65638E+15,0
693781878337901,1.77578E+16,1.26262E+16,7.38088E+15,,4.39625E+16,934825215511188,8.31632E+15,3.72409E+16,0
7.43678E+16,2.08094E+16,2.85446E+15,6.50005E+15,3.39024E+15,5.22794E+15,1.71153E+16,653112772256807,3.72766E+16,0
4.72331E+15,252274895005436,2.28332E+16,5.92245E+15,3.7856E+16,4.11295E+15,1.65846E+15,6.67284E+15,3.91759E+15,0
9.38066E+15,2.65061E+16,1.51568E+15,4.27154E+15,3.33334E+15,5.03171E+15,1.12864E+16,9.9016E+15,4.03435E+15,0
7.81014E+16,1.87315E+15,2.04189E+15,7.2149E+15,3.25229E+16,3.51186E+16,1.68004E+16,6.84855E+15,4.03377E+15,0
9.43664E+15,1.43788E+15,2.07249E+16,7.7001E+15,,4.69761E+15,1.42158E+16,6.6078E+15,4.41112E+15,0
9.40633E+15,2.16762E+16,2.79486E+15,6.15611E+15,3.55473E+16,3.47983E+15,1.63407E+16,3.21083E+16,3.09728E+15,0
632125931522299,2.07258E+16,8.53214E+15,5.98788E+15,2.86489E+15,4.91765E+15,1.05469E+16,7.45028E+15,4.50146E+16,0
,2.1737E+16,1.79843E+16,859416288489055,,4.09221E+15,1.02138E+16,1.84E+16,3.60515E+15,0
47053564957747,1.03174E+16,1.95558E+15,6.7673E+16,,3.70178E+15,9.18283E+15,9.39005E+15,3.43745E+15,0
8.89642E+15,2.22256E+16,8.8709E+15,6.01134E+15,3.32003E+15,4.25227E+15,1.08477E+15,,3.70095E+16,0
6.58188E+15,2.72983E+15,3.71694E+15,811473101538499,4.16083E+15,3.51477E+16,151293344878207,792610264962444,4.20166E+15,0
6.75515E+15,2.3126E+16,1.85367E+15,8.75713E+15,3.42548E+15,3.85115E+16,1.38888E+15,793024357267662,5.16273E+15,0
9.44513E+15,1.45805E+16,1.31685E+16,944447108562294,310583373858597,5.92659E+15,8.6064E+15,7.75775E+15,3.87517E+16,1
9.02485E+15,1.28097E+15,1.98597E+15,8.01642E+15,3.0015E+16,4.51143E+15,1.47709E+16,7.3778E+15,3.98525E+16,1
,1.69975E+15,2.34036E+15,8.51973E+15,,4.75574E+15,1.29241E+16,5.08619E+15,2.74731E+16,1
6.80012E+15,2.42008E+15,3.91434E+15,950169458771527,1.87171E+15,3.76457E+16,1.14325E+15,737772750262626,3.85494E+15,1
7.17414E+15,2.03409E+16,2.04011E+16,7.68181E+15,2.87086E+15,3.1555E+15,1.45335E+16,7.44056E+15,3.9399E+15,1
7.65799E+15,2.36961E+16,1.42458E+15,628906485943393,3.73165E+15,4.16624E+16,1.04642E+16,8.58528E+15,2.4373E+15,1
8.32299E+15,2.07252E+16,2.80496E+16,8.82706E+15,2.97813E+16,358725868777638,1.87093E+15,6.09114E+15,4.05214E+15,1
5.93428E+15,2.23858E+15,2.32497E+16,4.60285E+15,,2.77385E+16,1.13669E+16,6.66239E+15,5.2179E+15,1
980272078232571,987716435320576,2.73575E+16,9.21815E+15,3.23199E+15,5.12429E+15,1.41689E+16,5.94544E+15,2.76463E+15,1
6.10196E+15,2.15268E+16,1.59769E+16,8.85716E+15,3.08483E+16,4.17844E+16,1.31473E+16,6.25056E+15,3.5356E+16,1
4.99777E+15,2.80082E+16,2.68492E+16,6.13076E+15,3.74233E+16,297611540021754,1.55716E+16,705602746097244,3.40463E+16,1
4.81577E+15,2.17687E+15,1.63921E+16,7.46117E+15,2.78742E+15,4.81481E+15,1.55173E+16,7.76934E+15,437522381127182,1
6.54802E+16,2.78585E+15,2.55084E+16,6.74938E+15,3.66872E+16,4.97322E+16,1.65632E+16,7.93237E+15,3.61186E+16,1
1.31754E+16,47432,1.92379E+16,8.90702E+15,3.75147E+15,5.00246E+15,1.20839E+16,,4.10692E+16,1
6.61801E+15,2.33662E+16,1.95989E+15,470104934575262,4.32556E+15,401669790618845,1.17661E+16,7.31919E+15,4.4377E+15,1
7.78805E+15,2.12691E+16,2.98791E+15,6.99896E+15,3.60668E+15,3.59569E+15,1.48287E+16,8.38563E+15,3.36876E+16,1
5.19183E+16,2.11094E+16,1.48661E+16,723869130092435,3.23109E+16,3.88717E+15,1.778E+16,8.35054E+15,3.8598E+15,1
5.62634E+15,2.30858E+16,1.44424E+15,5.21037E+15,,346553206388495,1.13687E+16,4.31952E+15,194331877663582,1
6.86964E+15,2.51293E+15,2.17288E+16,8.80317E+15,2.79777E+16,539466876868315,1.29941E+16,5.64097E+15,472670245351097,1
9.05863E+15,1.55358E+16,1.57375E+15,7.25198E+15,3.43234E+15,4.63389E+15,1.78545E+15,8.31752E+15,3.65213E+15,1
729188832527326,1.27544E+16,2.7784E+15,9.75448E+15,2.47335E+16,4.39649E+15,1.7285E+15,5.95563E+15,5.32871E+15,1
7.27591E+15,1.7522E+16,2.26448E+16,7.88685E+15,2.9331E+15,3.73346E+15,1.74117E+15,5.67993E+15,5.0623E+15,1
6.51274E+15,2.29264E+16,2.2475E+16,1.258E+16,1.92034E+16,4.79501E+15,9.98346E+15,6.66686E+15,4.61296E+15,1
7.20789E+15,1.7587E+16,3.58043E+15,8.06606E+15,320102172631951,4.68563E+16,1.61641E+16,711466606777528,3.76274E+15,1
,1.56521E+16,1.61462E+16,6.6296E+15,3.52353E+16,6.29281E+15,1.35077E+15,4.23402E+15,3.77292E+15,1
5.32494E+15,2.8009E+16,3.53447E+16,1.30438E+16,1.80207E+16,3.92421E+16,1.05048E+15,5.50847E+16,4.42714E+15,1
7.0823E+15,1.69469E+15,2.98467E+16,5.44339E+15,3.50402E+16,353030380268577,1.89595E+16,3.03891E+16,3.48558E+15,1
5.33418E+15,2.24788E+16,2.88975E+16,6.04852E+15,,3.60179E+15,1.22473E+15,6.71548E+15,5.09136E+15,1
1.07619E+16,817108952702466,2.6E+16,8.47739E+15,3.18427E+16,3.92704E+16,1.27164E+16,5.2247E+15,4.6618E+15,1
6.28681E+15,2.583E+16,1.37774E+15,7.48326E+15,3.28681E+16,5.63435E+15,1.64608E+16,7.35167E+15,4.10486E+16,1
979455869937693,1.29871E+16,2.06827E+15,9.39084E+15,291980083478375,427123948431111,1.18532E+16,787114694303526,2.94542E+16,1
8.21044E+15,1.67102E+16,1.39331E+16,1.04228E+16,2.43486E+16,3.91069E+16,1.37471E+16,6.10582E+15,4.97606E+15,1
69417194379777,1.73334E+16,2.01118E+15,6.69719E+15,,3.74485E+16,1.99375E+15,,4.56318E+15,1
1.03561E+16,1.36324E+15,4.86216E+15,9.1587E+15,3.27923E+16,3.6572E+15,1.79756E+15,7.73599E+15,4.20185E+15,1
7.95898E+16,1.71484E+16,2.36258E+16,9.53774E+15,2.5998E+15,3.27624E+16,1.61171E+16,1.07754E+16,4.69801E+15,1
3.88263E+15,2.43808E+16,7.75181E+15,5.30351E+15,,3.41291E+15,1.29906E+16,6.011E+15,3.734E+15,1
5.67177E+15,2.16043E+15,1.59492E+16,7.50057E+15,,3.72535E+15,1.78957E+16,7.74579E+15,3.83316E+16,1
1.00033E+16,1.43094E+16,4.6114E+16,1.29122E+16,,574555041307426,169633097764721,3.67677E+15,4.74638E+16,1
6.55285E+15,1.98807E+15,3.40064E+15,8.69121E+15,2.74904E+16,4.77164E+15,1.43696E+16,7.81731E+15,4.68799E+15,1
7.62855E+15,1.56794E+16,2.6244E+16,8.33761E+15,2.55043E+16,4.95967E+15,1.3634E+16,6.56048E+15,4.18206E+15,1
4.79084E+15,268720881226567,178623690025893,4.55457E+16,3.77241E+15,6.08847E+15,1.08063E+16,8.37022E+15,3.25886E+16,1
7.71096E+15,1.81938E+16,6.55263E+15,5.38925E+15,3.90596E+16,5.16284E+15,1.70108E+15,5.82417E+15,4.28895E+15,1
8.2913E+15,2.11217E+16,2.00081E+16,876787503481929,2.75767E+15,4.75909E+15,1.26147E+16,6.6613E+15,3.4247E+16,1
6.19317E+15,2.25683E+16,1.28837E+16,473936011678666,,3.89406E+15,1.45601E+16,7.64578E+15,3.46665E+16,1
9.03266E+15,1.21441E+16,1.56182E+16,6.15749E+15,3.72927E+16,3.90657E+15,1.50303E+16,6.31256E+15,4.92722E+15,1
6.13949E+15,2.36674E+16,8.08147E+15,6.25081E+16,,4.16239E+15,1.2777E+16,1.06037E+16,3.26091E+15,1
7.12942E+15,1.78372E+16,2.58406E+16,7.48782E+15,3.12983E+16,3.23299E+15,1.64062E+15,6.91576E+15,3.41861E+15,1
,1.91285E+16,2.19483E+16,5.62679E+15,3.55489E+15,5.09407E+15,1.66915E+16,8.41077E+15,4.10959E+15,1
5.4185E+15,1.87777E+15,3.59027E+16,4.35709E+15,,4.5452E+16,6.37407E+15,1.03373E+16,4.50654E+15,1
8.07549E+15,1.95805E+15,2.94836E+16,1.04938E+16,298737219288431,3.21748E+16,9.75109E+15,7.27344E+15,3.68292E+15,1
,2.25288E+16,2.25117E+16,7.05758E+15,3.77129E+15,2.91354E+16,1.159E+16,7.25085E+15,408170139800861,1
1.00497E+15,1.32833E+16,1.1557E+16,8.55057E+15,3.23508E+15,4.42768E+16,1.33761E+16,9.21762E+15,5.13348E+15,1
5.66765E+15,2.29928E+15,1.69539E+15,877430610207418,2.93574E+15,5.54121E+15,1.42546E+16,544367023778621,3.63321E+15,1
,1.81689E+15,2.77762E+16,7.58987E+15,2.98227E+15,4.17631E+16,8.63009E+15,7.29233E+15,3.80792E+16,1
892398060773871,1.35938E+16,2.79198E+16,1.23633E+15,,4.15629E+15,1.19499E+15,6.93149E+15,4.15558E+15,1
6.42887E+15,2.25613E+16,1.55965E+16,6.15347E+15,,4.66044E+15,1.80154E+16,8.71636E+15,4.18478E+15,1
6.9606E+15,2.01715E+15,1.13487E+16,4.29789E+15,,4.68591E+15,104905886425434,8.96862E+15,4.97882E+15,1
5.87368E+15,2.0333E+16,1.92167E+16,9.21278E+15,,4.20291E+16,1.11193E+16,6.52296E+15,5.41209E+15,1
6.79547E+15,1.87783E+16,1.53008E+16,7.4866E+15,3.16957E+15,4.98666E+16,1.96004E+15,5.54011E+16,5.16309E+15,1
1.0041E+16,1.13831E+16,1.62664E+16,7.93907E+15,3.63867E+16,5.57486E+15,1.31953E+16,7.52332E+15,3.80756E+16,1
,2.73256E+15,4.45064E+16,84126881311681,2.33793E+16,4.85647E+15,1.4705E+16,5.21642E+16,412478067750866,1
7.29604E+15,2.35735E+16,3.60437E+15,5.19621E+15,3.77191E+16,3.85614E+16,1.70527E+16,8.96236E+15,4.16853E+15,1
,1.61826E+16,2.92991E+16,7.0288E+15,3.50431E+16,3.75781E+16,1.97626E+16,8.66985E+15,3.49758E+16,1
5.86264E+15,1.85065E+16,4.40693E+15,4.38272E+15,4.1269E+15,3.3157E+16,1.53061E+16,5.96058E+15,5.50742E+15,1
729214180515922,1.7448E+16,3.39917E+15,9.51179E+15,2.59165E+16,4.35108E+15,1.62936E+16,8.16901E+15,4.46691E+15,1
8.06281E+15,2.00493E+16,1.15679E+16,9.88995E+15,,5.10414E+16,1.06509E+16,4.09928E+15,4.47184E+15,1
7.82197E+15,1.57182E+16,2.33182E+15,908403988031659,3.24852E+16,2.94637E+15,1.71868E+15,7.25684E+15,3.53296E+15,1
1.13018E+16,7.74596E+15,3.92276E+15,8.51799E+15,3.37501E+16,4.10856E+15,1.43269E+16,5.31213E+16,3.30958E+15,1
6.59376E+15,2.33514E+16,2.55896E+16,9.7857E+15,,4.89703E+16,1.43896E+16,4.6464E+15,2.34658E+15,1
9.16109E+15,119841904634348,2.66181E+16,6.10557E+15,3.43289E+15,3.79725E+15,1.08999E+16,5.45807E+15,4.88806E+15,1
,1.44815E+16,1.4507E+16,5.81909E+15,3.53607E+15,2.90889E+15,8.94207E+15,6.75873E+15,5.92258E+15,1
4.64295E+15,3.07706E+16,1.61159E+16,7.70734E+15,,4.39944E+15,1.84408E+15,6.01458E+15,3.98287E+15,1
7.79845E+16,1.88395E+16,3.27046E+16,1.10789E+16,2.58191E+15,5.07179E+15,1.82724E+16,8.51777E+15,4.10727E+15,1
5.56434E+15,2.56209E+16,1.12457E+16,7.21225E+15,3.29338E+16,3.69556E+15,1.56401E+16,5.11503E+15,2.28599E+16,1
788659122732868,2.13053E+16,3.8852E+16,1.11708E+16,2.81701E+16,3.26115E+15,1.03852E+16,6.46625E+15,4.58998E+15,1
7.44319E+15,1.93125E+16,1.3552E+16,4.31326E+15,,4.30487E+15,1.93963E+16,7.20756E+15,2.66483E+16,1
3.65712E+15,2.75767E+16,2.37368E+16,9.10077E+15,,4.26231E+16,1.7986E+16,5.56949E+15,3.31463E+16,1
9.59719E+15,1.67089E+15,2.11533E+16,79444693087435,3.46075E+15,3.35198E+16,1.43477E+16,5.06424E+16,5.14515E+15,1
6.96423E+16,2.12764E+16,2.99572E+16,7.67519E+15,3.21251E+16,3.78086E+15,1.31277E+16,7.2089E+15,3.99044E+16,1
7.67291E+15,1.52878E+16,2.29894E+16,6.23191E+15,343439017311167,4.01141E+16,1.42527E+16,6.42913E+15,4.26823E+15,1
6.737E+16,2.201E+16,2.46947E+16,837365987599885,,3.84309E+16,6.74809E+16,8.17588E+15,4.06317E+15,1
,1.63224E+16,1.85703E+16,8.10935E+15,2.9619E+15,4.63742E+16,1.69001E+15,6.13498E+16,4.13575E+16,1
5.38249E+15,2.40018E+16,1.81894E+16,5.55199E+15,3.977E+15,5.51476E+15,1.28187E+16,797799110766843,4.17333E+15,1
7.02295E+15,2.64526E+16,1.59784E+16,1.09562E+15,2.62065E+16,4.12709E+16,5.31529E+15,7.60245E+15,4.97191E+15,1
,2.50705E+16,2.73559E+16,6.48204E+15,3.77358E+15,5.59818E+15,1.3654E+16,7.79177E+15,2.96914E+16,1
1.00262E+16,940913074831264,2.55101E+15,661411403077891,3.85403E+15,3.88467E+16,1.18872E+16,6.9274E+15,3.73623E+15,1
5.58383E+15,2.61234E+16,352786817427457,6.59462E+15,,2.78639E+16,1.35654E+16,8.32749E+15,3.87016E+15,1
7.95293E+15,2.2137E+15,1.86214E+16,6.87942E+16,,3.09255E+15,1.9057E+16,7.26894E+15,5.26001E+15,1
5.50019E+15,2.54673E+16,2.10829E+15,8.36935E+15,3.47817E+16,4.69795E+15,1.34964E+16,6.00459E+16,4.17848E+15,1
754370046605691,1.61623E+15,1.9116E+15,8.49341E+15,2.8996E+15,4.40283E+16,1.33368E+16,8.02432E+15,3.63054E+16,1
6.84833E+15,1.59188E+16,1.28375E+16,5.16445E+15,3.73992E+16,5.58816E+15,1.22541E+16,6.97722E+15,4.3966E+15,1
,1.81211E+15,3.02808E+16,1.03825E+16,2.5663E+15,4.87997E+15,1.13463E+16,6.88439E+15,3.77955E+16,1
5.91025E+16,2.82739E+16,1.52448E+16,6.63655E+15,3.63385E+16,6.9537E+15,1.31384E+16,8.9801E+15,3.66092E+15,1
8.71682E+15,1.5398E+15,1.17344E+16,7.12361E+15,,4.47028E+15,1.2736E+16,3.99275E+15,3.20513E+16,1
6.01689E+15,2.21147E+15,1.66561E+16,5.20169E+16,,3.83208E+16,2.25179E+16,816262321540199,4.42227E+15,1
9.56782E+15,1.73111E+16,3.87875E+15,5.15E+15,4.44971E+16,4.92412E+15,1.29042E+16,484814771779191,4.19792E+15,1
4.29625E+15,2.78148E+15,1.96725E+15,4.95522E+15,4.14637E+15,3.30067E+16,1.12932E+16,7.06655E+15,416332898150423,1
3.55158E+15,323124,3.89694E+15,8.92552E+15,,5.14763E+15,1.01603E+16,7.11E+15,3.96599E+15,1
852966934763357,1.577E+15,1.82037E+16,8.92683E+15,3.09542E+16,4.98651E+15,1.22878E+16,5.20287E+15,3.77604E+16,1
8.06534E+15,1.74121E+15,2.13663E+16,7.49094E+15,3.1518E+16,4.97019E+15,1.1417E+16,4.62132E+15,375639170748219,1
9.15845E+15,1.86673E+16,1.5797E+16,8.15108E+15,3.33812E+15,4.25752E+16,1.21826E+16,1.12623E+15,4.52524E+15,1
8.84859E+15,1.8892E+15,3.20333E+16,1.3127E+16,1.82397E+16,4.79792E+16,1.20704E+15,7.76713E+15,4.01468E+15,1
9.49546E+15,1.85879E+16,1.80884E+16,752737530907068,3.88769E+16,4.09451E+16,1.23977E+16,6.33591E+16,4.16854E+15,1
8.05289E+15,1.98994E+16,902507935959796,7.21779E+15,3.38397E+15,3.28433E+16,9.14252E+15,4.27532E+15,3.63484E+16,1
2.79855E+15,3.11384E+16,2.69312E+16,7.1169E+15,,521140523649194,1.42352E+16,4.20804E+16,3.66325E+16,1
6.42587E+15,1.8898E+16,1.19654E+16,7.57112E+15,3.65454E+15,5.02991E+15,1.38665E+16,9.68181E+15,3.73194E+16,1
7.75727E+15,2.13048E+16,2.52598E+16,7.63515E+15,3.63685E+16,5.43529E+15,1.5254E+16,1.0719E+16,4.16543E+15,1
7.74865E+15,2.39788E+16,2.93312E+16,1.07131E+16,2.17001E+15,4.4153E+15,1.63894E+16,,251181049287789,1
5.11739E+15,2.25657E+15,3.09141E+16,6.20773E+15,3.71649E+15,3.56862E+16,8.07342E+15,773881380783752,3.93719E+16,1
7.48154E+15,218261169772179,1.20884E+15,4.87066E+16,4.07297E+15,5.18376E+15,1.7121E+16,5.6711E+15,4.26207E+15,1
5.37422E+15,2.01331E+16,1.94102E+16,3.23958E+16,3.84563E+15,3.50178E+16,1.34511E+16,,3.64278E+16,1
7.06365E+15,1.40613E+16,1.79418E+16,6.2753E+15,3.76046E+15,402593602031447,1.24397E+16,2.94684E+16,3.39587E+16,1
687645104288265,1.90845E+16,2.1979E+16,5.63056E+15,3.63832E+16,3.49186E+15,9.55173E+15,6.84109E+15,454534092739007,1
4.81243E+15,2.50184E+16,1.14656E+16,4.36264E+16,3.98162E+15,6.07027E+15,182100315015482,6.25115E+15,3.021E+16,1
499353073414005,2.42621E+15,1.39008E+16,6.46774E+15,,429827818905013,1.72747E+16,6.12458E+16,3.15381E+15,1
478886106249815,2.34894E+16,2.81746E+16,1.085E+16,1.87424E+16,4.44854E+15,1.17848E+16,8.9011E+15,2.89685E+16,1
4.03729E+15,2.91462E+15,5.23189E+15,7.77946E+16,,4.01204E+15,1.65429E+16,8.78148E+15,3.04505E+15,1
6.50587E+15,2.40288E+16,2.95347E+16,6.77528E+15,3.41728E+16,2.65251E+15,1.35702E+15,9.31665E+15,4.49753E+15,1
677977396685122,1.53886E+16,2.44151E+15,7.32267E+15,,4.59877E+16,1.47823E+15,9.39147E+15,2.7291E+16,1
6.95251E+15,2.11697E+16,3.37373E+15,63008707021111,,3.95407E+16,1.41824E+16,3.98029E+16,4.1055E+16,1
5.62841E+15,2.2683E+15,2.83345E+15,8.0125E+15,2.93924E+15,3.51161E+15,150192406194937,3.51787E+16,5.05068E+15,1
5.966E+15,1.94796E+15,1.73501E+15,4.46658E+15,4.0461E+16,4.06806E+15,1.154E+16,4.81734E+15,4.17714E+15,1
6.31943E+16,1.80966E+16,3.62787E+15,9.96055E+15,2.75592E+15,3.07691E+16,1.81969E+16,9.35942E+15,2.65313E+16,1
8.02725E+15,1.93352E+15,7.71475E+15,6.08724E+15,,4.40939E+15,2.25047E+16,6.2007E+15,3.48064E+15,1
8.88268E+15,1.35523E+16,4.85725E+15,5.20978E+15,,5.32337E+15,2.02963E+15,2.03378E+16,3.82792E+16,1
5.99128E+15,2.24609E+15,2.99831E+16,7.38382E+16,3.29732E+16,6.04631E+15,1.77412E+15,6.5117E+15,4.84056E+15,1
1.02724E+16,1.63625E+16,1.88949E+16,1.00682E+16,2.69647E+15,4.46451E+16,1.18569E+16,8.24455E+15,3.17988E+15,1
,1.31548E+16,2.16265E+16,7.20785E+15,,3.90955E+15,1.4845E+15,2.65055E+16,472812398548281,1
6.10514E+16,2.49141E+15,4.52494E+15,7.36936E+15,3.38771E+15,3.14965E+16,1.12518E+16,8.86575E+15,3.10309E+16,1
9.44336E+15,734922336890611,204382246900842,8.02495E+15,3.15806E+16,4.58677E+16,1.25387E+15,5.08525E+15,3.48665E+16,1
6.88741E+15,2.23603E+16,2.91891E+15,1.05145E+16,2.53831E+16,3.86623E+16,1.13123E+15,679161827033808,4.56419E+15,1
6.5129E+15,1.69217E+16,2.51514E+15,4.61331E+15,3.75612E+15,2.96074E+16,1.50887E+16,7.40759E+15,4.40404E+15,1
5.77272E+15,2.13364E+16,2.61249E+16,863071896535268,2.73279E+15,4.65559E+15,8.00621E+15,5.99643E+16,6.49425E+15,1
4.91256E+15,3.08254E+15,4.40631E+16,7.92798E+16,2.80934E+15,3.27476E+15,1.4858E+16,,4.89737E+15,1
973956194896991,1.66949E+16,1.36232E+16,723592175948416,3.85059E+16,3.69591E+16,1.23226E+15,6.85059E+15,2.56808E+15,1
5.54198E+16,1.85672E+16,2.01431E+15,1.02362E+16,2.09471E+16,5.17936E+15,1.8464E+15,4.93713E+15,3.67298E+16,1
,1.93503E+16,4.22683E+15,9.00594E+15,258392682912011,3.84685E+16,908527855506486,7.54396E+15,3.60174E+16,1
,1.433E+16,1.62632E+16,6.22974E+16,,5.03664E+16,195854965798938,,3.45174E+16,1
6.44893E+15,2.40245E+16,1.39792E+16,9.07798E+15,314590477169241,4.73751E+16,1.74169E+16,840247863975403,3.6222E+16,1
5.47791E+15,2.11399E+16,2.73617E+16,5.81046E+15,3.40624E+16,3.58044E+15,1.66294E+16,,3.77426E+15,1
8.54471E+15,1.81413E+16,3.14294E+15,7.55503E+15,3.50397E+16,3.9389E+15,1.02472E+16,8.27219E+15,2.31815E+16,1
737859701625866,1.75982E+16,946032263533989,5.94101E+15,,4.0202E+16,1.56395E+16,3.73895E+16,3.21522E+15,1
6.664E+15,1.99589E+16,1.59029E+16,5.25779E+15,3.46585E+16,3.47353E+15,1.59894E+15,6.11566E+16,2.22773E+15,1
6.77558E+15,2.18415E+15,1.79689E+16,8.25411E+15,,35871767685985,1.05202E+16,5.72441E+15,4.33364E+15,1
8.73637E+15,1.94678E+16,2.42837E+16,885554447353044,3.29004E+15,3.33624E+15,1.65162E+16,672504726726098,3.80212E+15,1
7.14698E+15,1.96563E+16,1.69112E+15,6.89051E+15,3.20101E+16,5.20111E+15,1.28542E+16,6.68142E+15,4.02576E+15,1
,2.42909E+16,9.65473E+15,6.25398E+16,3.59666E+15,5.88567E+15,1.5197E+16,6.28229E+16,5.65222E+16,1
5.04033E+15,2.32234E+16,2.56537E+16,5.92931E+15,328329579682243,5.29053E+15,1.35394E+16,3.83467E+15,3.60333E+16,1
,2.81582E+16,2.17075E+16,5.03726E+15,3.4824E+16,3.47957E+16,1.53701E+16,8.59204E+15,4.00382E+15,1
7.7455E+15,1.68356E+16,1.43366E+16,5.26431E+16,,4.21485E+15,7.49641E+15,6.76248E+15,4.04333E+16,1
6.25965E+15,2.08379E+16,3.73567E+15,856548727319319,2.56474E+16,3.8024E+16,5.56769E+16,6.84419E+15,4.21341E+15,1
8.59639E+15,1.89523E+16,1.4519E+16,5.12413E+15,4.2299E+16,3.48041E+15,1.73581E+16,,3.51988E+15,1
5.76735E+15,2.72472E+15,1.54179E+16,7.72886E+15,3.15405E+15,424461151952724,1.52843E+16,6.08221E+16,3.89609E+15,1
7.08894E+16,2.06364E+16,1.38397E+16,808824196976233,3.21296E+16,3.69969E+16,1.48961E+16,6.66747E+15,5.6611E+15,1
8.02918E+15,1.5804E+16,1.96635E+16,8.43345E+15,2.8327E+15,4.31305E+15,206961980569385,5.99729E+15,4.38855E+15,1
,2.86202E+15,469318842927942,7.44002E+15,2.62526E+16,5.57422E+15,1.44717E+16,7.40439E+15,4.12093E+15,1
472578556493077,2.49671E+16,2.08343E+16,503601005290663,3.78999E+15,4.11114E+16,1.77696E+16,7.88174E+15,3.15633E+16,1
8.19577E+15,214517610399437,1.03895E+16,6.29541E+16,3.27194E+15,4.0319E+16,1.5067E+16,7.27568E+15,3.21871E+15,1
6.44375E+16,1.96616E+16,2.57404E+16,2.48438E+16,4.35673E+16,3.52354E+16,1.69244E+15,3.30519E+15,4.49868E+16,1
7.03909E+15,1.79645E+16,2.88274E+15,4.94556E+15,3.89889E+16,5.93396E+15,1.20792E+16,5.83635E+15,4.36603E+15,1
,1.85756E+16,2.73452E+16,8.93276E+15,,3.13879E+16,1.34201E+16,5.69748E+15,4.40757E+15,0
,1.85847E+15,1.49719E+16,666634287546027,3.46486E+16,4.18454E+16,1.86842E+15,6.77125E+15,5.11041E+15,0
6.94522E+15,2.2096E+16,3.64383E+15,555166044710827,3.37964E+16,3.67998E+16,2.01607E+15,5.30077E+15,4.82308E+15,0
5.74211E+15,1.88217E+16,2.68316E+16,6.20272E+15,3.18377E+15,4.98142E+16,9.65736E+15,535085226672361,3.32307E+15,0
5.59663E+15,1.77214E+16,1.79254E+16,8.43547E+15,3.03734E+15,5.52309E+15,1.034E+16,5.78206E+15,5.23511E+16,0
7.35038E+15,1.93633E+16,2.67361E+16,1.04166E+15,3.09417E+16,5.57496E+15,1.65197E+16,6.10774E+15,3.66392E+16,0
6.2628E+15,2.0689E+16,3.14145E+16,4.52808E+15,3.49735E+16,5.67027E+15,1.59635E+16,7.30226E+15,4.01252E+16,0
9.92702E+15,2.08491E+16,1.9667E+16,8.00862E+15,3.40238E+15,4.82842E+16,1.13604E+16,858291127991443,4.05173E+15,0
5.38141E+15,1.75574E+16,1.5372E+16,7.45725E+15,3.12355E+16,3.0873E+15,1.21789E+16,,4.36407E+15,0
4.96135E+15,1.6626E+16,2.22292E+16,9.92208E+15,295131831185993,4.49147E+16,1.20015E+16,634279786441529,3.90284E+15,0
6.4571E+16,1.92265E+16,1.834E+15,8.83214E+15,3.3597E+15,517432196800719,2.33733E+16,5.17971E+15,2.63736E+16,0
653936951037342,214638602791759,2.12304E+16,6.48559E+15,3.36975E+15,532572784824771,1.82637E+16,9.09081E+15,4.52736E+15,0
6.25241E+15,2.25784E+16,2.39203E+15,7.01816E+15,3.03792E+15,4.84586E+16,1.34335E+16,6.74014E+15,2.72291E+16,0
7.96734E+16,180531706882548,1.9384E+16,9.86824E+15,3.25497E+15,386055331240947,1.12651E+16,6.72722E+15,4.06936E+15,0
,2.12732E+15,3.70307E+15,5.04032E+15,3.51064E+15,5.35302E+15,1.5895E+16,3.33707E+16,4.82579E+15,0
760952119012474,2.23288E+15,4.08798E+16,7.0307E+15,3.10632E+16,3.70271E+15,1.43754E+16,7.3757E+15,3.14584E+15,0
6.88786E+15,1.73325E+16,1.99479E+16,7.4887E+15,3.34098E+15,4.41003E+15,1.07805E+16,8.90055E+15,5.45449E+15,0
9.87907E+15,2.08906E+16,1.46737E+16,624024762050264,3.66818E+15,4.42337E+15,1.9626E+16,6.68166E+15,4.21883E+15,0
7.63876E+15,1.78272E+15,1.83085E+16,6.5481E+16,3.62333E+15,3.94181E+16,1.12918E+16,8.19892E+15,4.49663E+15,0
6.96189E+15,2.23596E+16,3.11017E+16,3.69207E+15,3.43827E+15,5.30221E+15,1.36755E+16,7.0435E+15,3.44673E+16,0
8.06061E+15,2.08043E+16,1.54893E+16,5.6203E+15,3.6197E+16,4.23421E+16,1.53715E+16,7.54456E+15,3.60091E+16,0
7.24027E+15,2.13423E+16,2.3433E+15,5.92787E+16,3.28359E+16,3.25388E+15,1.40336E+16,6.05711E+16,3.8326E+15,0
7.48678E+15,1.99678E+16,2.5396E+15,4.96056E+15,3.42454E+16,4.44679E+15,1.61154E+16,4.3142E+15,5.04883E+15,0
8.41046E+15,2.34877E+16,2.75543E+15,568171619688383,3.6249E+16,5.19032E+15,1.44822E+16,5.56285E+16,2.97736E+15,0
6.14392E+15,1.75274E+16,2.90722E+16,1.20625E+16,2.87698E+15,4.69983E+15,1.31425E+16,8.32797E+15,3.47621E+16,0
6.09618E+15,1.74872E+16,1.63142E+15,8.06302E+15,,4.35784E+15,1.06589E+16,6.20836E+15,5.14247E+15,0
6.38482E+16,2.43688E+15,3.99603E+16,6.69766E+15,2.97186E+15,4.37728E+15,1.59675E+16,5.49303E+15,4.145E+16,0
946266601699853,2.25399E+15,1.22246E+16,2.98138E+16,3.87099E+16,485697274121007,1.32044E+16,6.22977E+15,2.85018E+15,0
7.86815E+15,1.99036E+15,2.04341E+16,6.21099E+15,3.37916E+15,5.49415E+15,1.65016E+15,,4.3159E+15,0
5.87316E+15,1.53673E+16,2.19108E+16,9.75288E+15,3.19357E+16,3.52456E+15,1.41541E+15,6.52346E+15,5.12089E+15,0
,1.86873E+15,2.60045E+16,8.49353E+15,3.20693E+15,5.3413E+15,1.989E+16,5.4374E+15,514411422012617,0
6.5293E+15,2.10004E+15,2.89701E+15,4.25015E+15,,4.22818E+15,7.0913E+15,8.36902E+15,3.36109E+15,0
5.1522E+15,2.07299E+16,2.70001E+15,6.69181E+15,,3.50005E+15,1.24905E+16,4.9853E+16,4.68984E+15,0
7.85866E+15,2.10955E+16,2.67039E+16,6.50907E+15,3.41342E+15,37407284473023,8.81199E+15,7.27998E+15,342247052094365,0
7.70441E+15,2.34636E+16,2.20574E+16,812440319025818,,3.974E+15,1.48976E+16,5.09204E+15,3.03136E+16,0
6.728E+15,2.01127E+16,2.28888E+16,7.66399E+15,3.19463E+16,3.25538E+15,1.67883E+16,5.89612E+15,4.4107E+15,0
1.04645E+16,1.90995E+16,6.70078E+15,6.87986E+15,,4.98932E+16,1.45622E+16,6.67016E+15,4.95636E+15,0
9.11279E+15,2.05941E+16,2.08686E+16,6.96279E+15,3.30934E+15,4.22039E+15,161289756490051,7.77965E+15,4.56709E+15,0
807980835815327,1.74161E+15,1.26778E+15,7.29521E+15,3.33583E+16,5.89552E+15,1.48522E+16,3.95294E+15,3.61106E+16,0
7.07866E+15,2.32582E+15,2.61778E+15,3.91435E+16,3.34161E+15,3.8046E+16,9.63363E+15,4.19519E+15,3.69664E+16,0
,1.39331E+15,2.91221E+16,1.03382E+16,3.43318E+16,532885196073215,1.10783E+16,4.21728E+15,4.0931E+15,0
8.04389E+15,1.69688E+16,8.8962E+15,7.83786E+15,32893981708544,4.30837E+16,1.22635E+15,7.63342E+15,3.15995E+16,0
7.04024E+15,1.92956E+16,2.09884E+16,6.42236E+15,3.20949E+16,3.81357E+15,1.53965E+16,8.82985E+15,3.99341E+16,0
5.48397E+15,1.66162E+16,2.1145E+16,7.60761E+15,3.22733E+16,3.06356E+15,1.4171E+16,6.41365E+15,4.06361E+15,0
8.53441E+15,2.48577E+16,2.23723E+16,2.99374E+16,3.66146E+15,34176019789426,1.46929E+15,787089366195172,2.54473E+16,0
726659453474728,1.76854E+16,1.48591E+16,8.26178E+15,3.27172E+16,4.45037E+15,1.99237E+15,870661309776802,3.35744E+15,0
6.25665E+15,1.81072E+15,1.69058E+15,1.15862E+16,,4.81307E+15,1.06397E+16,7.45572E+15,4.18105E+15,0
7.24035E+15,2.01997E+16,1.44627E+16,6.73718E+16,3.14043E+16,5.34801E+15,1.42138E+16,8.29458E+15,3.78297E+15,0
8.69212E+15,1.44236E+15,2.55296E+15,9.20263E+15,3.47975E+15,5.17427E+15,1.39634E+15,4.23887E+16,2.28348E+15,0
8.63954E+15,1.68614E+16,7.01321E+15,84516010448867,3.55214E+15,4.19789E+15,1.79294E+16,3.36415E+16,4.19293E+15,0
7.17986E+15,1.80854E+16,1.08596E+15,8.2635E+15,3.41302E+15,3.58056E+16,1.20653E+16,8.33299E+15,3.87845E+16,0
7.164E+15,2.03782E+16,3.42261E+16,9.41203E+15,3.20259E+16,4.15578E+15,1.6221E+16,9.01842E+15,3.35432E+16,0
8.92611E+15,1.89988E+16,1.52496E+16,707622168565009,3.41527E+16,3.61902E+16,2.12781E+16,,2.75213E+15,0
635311030182946,2.0627E+15,1.8409E+16,3.72378E+15,3.4821E+16,3.89683E+16,1.32054E+15,6.02913E+15,2.85618E+15,0
6.68155E+15,2.38512E+16,2.61322E+15,630445910663101,3.09237E+16,3.26026E+16,813822749145828,4.60873E+15,2.95675E+16,0
544532598066911,2.01379E+16,2.80011E+15,7.20895E+15,3.31587E+16,3.65092E+16,1.17888E+16,6.59446E+15,3.94699E+15,0
7.53988E+15,1.85826E+16,2.15752E+16,7.443E+15,3.3308E+16,4.44117E+16,1.58306E+16,4.9068E+15,4.53159E+15,0
,1.99918E+16,1.53355E+16,8.09238E+15,3.03327E+15,3.99605E+15,1.18217E+16,5.82223E+15,4.48246E+15,0
4.37048E+15,1.88654E+15,2.95423E+16,8.11711E+15,3.01022E+16,4.56308E+15,1.63468E+15,4.66969E+15,464938203413864,0
1.03164E+16,2.17267E+15,1.06765E+16,3.44551E+15,3.97755E+15,4.92206E+16,1.28127E+16,7.22819E+15,3.40735E+16,0
6.59959E+15,1.98323E+16,2.10789E+16,623423148205243,3.31496E+16,4.47988E+15,1.29363E+15,5.98336E+16,4.70231E+15,0
4.19758E+15,1.89474E+16,3.12921E+16,7.1052E+15,,3.70771E+15,1.19864E+16,503228304212554,5.20648E+15,0
7.92079E+15,1.73357E+16,1.34546E+16,6.9479E+15,3.56768E+16,4.71369E+16,1.64778E+15,6.80005E+15,3.37433E+16,0
6.33073E+15,1.66738E+16,1.83972E+16,8.07643E+15,,4.36992E+15,1.29052E+16,6.76486E+15,3.94E+16,0
,1.81296E+16,2.34339E+15,7.72959E+15,,329740861722908,1.22757E+16,3.87568E+15,5.12835E+15,0
776414261000218,1.86132E+16,2.59261E+16,8.01121E+15,,3.99132E+16,2.28465E+15,3.52437E+15,4.10518E+15,0
8.23714E+15,1.9006E+16,2.00154E+15,8.38522E+15,3.56092E+15,3.77682E+16,1.77409E+16,3.77139E+15,493910944137509,0
5.67923E+16,1.88189E+16,3.56432E+15,8.88265E+15,3.22169E+15,2.56303E+15,1.50003E+16,,2.33957E+16,0
7.41757E+15,1.93772E+15,2.32071E+16,7.47212E+15,,4.96105E+15,1.57444E+16,7.31875E+15,4.67156E+15,0
4.77598E+15,1.96274E+16,1.91858E+15,4.94293E+15,3.29144E+15,4.59084E+15,1.33709E+15,8.45842E+15,4.38216E+15,0
7.86509E+15,2.10039E+15,1.43106E+15,6.6129E+15,,4.03361E+16,1.28793E+16,7.41348E+15,4.79503E+15,0
5.90347E+15,2.01864E+15,2.53941E+16,7.69215E+15,313648071698207,4.3472E+15,1.80067E+16,5.99722E+15,4.58709E+16,0
7.70571E+15,1.78923E+16,1.84766E+16,8.22623E+15,3.3489E+16,5.18043E+15,1.06388E+16,6.31575E+15,3.86196E+16,0
7.81512E+15,1.90314E+15,2.02291E+16,9.18689E+15,3.35639E+15,3.79223E+15,1.49793E+16,7.34254E+15,3.09616E+15,0
6.13974E+15,1.68444E+16,2.38941E+16,949458169766203,3.18026E+15,4.94129E+15,1.9116E+15,6.02648E+15,3.84122E+15,0
5.04141E+15,1.93168E+16,173423140789379,7.84297E+15,3.22107E+15,4.44453E+15,1.74728E+16,6.65422E+15,4.54369E+15,0
8.67519E+15,2.00736E+16,1.50496E+16,8.63038E+15,3.56805E+15,4.41298E+15,1.78531E+15,7.45865E+15,4.97858E+15,0
7.68936E+16,2.21357E+16,3.02539E+16,6.26931E+15,3.20478E+16,5.29747E+15,1.79733E+15,8.46964E+15,4.97856E+15,0
857012912066282,2.00072E+16,9.78234E+15,5.6617E+15,,5.11162E+16,1.18561E+16,6.60484E+15,460440456098565,0
5.67176E+16,1.84782E+16,1.75277E+16,5.31476E+15,3.39056E+15,4.09479E+15,1.5196E+16,3.19418E+16,3.26869E+16,0
6.62481E+15,204342927508927,2.14433E+16,5.9804E+15,3.12315E+15,4.12997E+15,1.19651E+16,6.25203E+15,2.84091E+16,0
6.54101E+15,1.95567E+16,2.96165E+16,7.10863E+15,3.28999E+15,5.308E+15,1.18994E+16,6.81414E+15,2.35593E+15,0
,1.69189E+16,1.84083E+16,5.13184E+15,3.42938E+15,3.50894E+16,1.93342E+16,8.66773E+15,6739,0
9.2412E+15,2.23691E+16,2.16106E+15,4.11618E+16,,4.80013E+16,1.27254E+15,6.55507E+15,5.26573E+15,0
,1.62626E+16,2.1319E+15,7.57528E+15,2.89208E+16,4.57812E+16,7.47732E+15,6.02385E+16,4.51498E+15,0
6.34081E+15,1.58343E+15,1.52882E+16,7.59975E+15,3.42448E+15,3.34937E+16,9.23712E+15,3.81039E+15,5.45861E+16,0
5.98036E+15,1.81259E+16,1.18263E+16,3.6885E+16,3.56167E+15,543347976436273,882868891916479,6.02064E+15,424724014869094,0
7.60598E+15,1.72198E+16,1.09301E+16,8.43264E+15,,4.00706E+15,1.25604E+16,5.16438E+15,3.24285E+15,0
6.42751E+15,1.78327E+16,2.59937E+16,7.29455E+16,3.29695E+15,5.66755E+15,1.19743E+16,6.07367E+15,6.03299E+15,0
,1.96249E+16,1.79094E+16,3.67227E+16,,4.17287E+15,1.45571E+16,5.77347E+16,3.88824E+15,0
6.10907E+15,1.91756E+16,2.68539E+16,9.06461E+15,3.12202E+15,37554736167496,1.5514E+16,7.37897E+15,4.8811E+15,0
5.84293E+15,1.68295E+16,1.91561E+16,6.87835E+15,3.31478E+15,5.06757E+16,1.45262E+16,8.04237E+15,4.14322E+15,0
5.36755E+15,1.75433E+16,2.9009E+16,6.48144E+16,,4.63478E+16,1.93702E+15,672862078045105,4.26719E+15,0
5.34589E+15,1.84785E+16,2.22744E+16,972710331796349,3.1903E+15,4.92135E+15,1.18947E+15,8.72977E+15,2.95036E+16,0
5.38631E+15,2.12593E+16,4.01493E+16,8.12423E+15,3.18792E+15,3.55546E+15,1.73488E+16,6.42109E+15,3.66256E+16,0
9.91948E+15,2.07066E+15,1.65443E+16,703931085119713,3.63037E+15,2.78753E+16,1.70525E+16,4.42995E+16,4.11749E+15,0
,218302176410988,4.20613E+16,6.33118E+15,324541596304084,5.03139E+15,1.57121E+16,4.84978E+16,4.32803E+15,0
7.12146E+15,2.04164E+16,2.05744E+15,7.08915E+15,,353927593178135,1.64882E+15,5.70228E+15,3.7746E+16,0
9.4183E+15,1.7364E+15,8.77769E+15,8.45618E+15,3.58292E+16,5.96826E+15,1.67852E+15,1.05272E+16,4.60463E+15,0
7.45716E+16,2.63037E+16,3.10851E+15,1.68399E+16,,584604353693162,1.18094E+16,4.55014E+15,4.10654E+15,0
5.27223E+15,2.06313E+15,4.22109E+15,884971666468826,,4.10649E+15,1.1928E+15,4.65404E+15,5.06856E+15,0
7.29196E+15,2.02329E+16,2.18917E+16,7.62875E+15,3.39829E+16,3.7927E+16,765495568277089,6.40215E+15,4.23764E+15,0
7.80383E+15,2.23688E+16,3.73768E+15,6.66497E+15,,3.43764E+16,1.66974E+15,7.47824E+15,2.90739E+16,0
6.84435E+15,1.9746E+15,2.36089E+16,8.3964E+15,,526425914653086,1.08781E+16,6.20371E+15,2.87706E+16,0
5.60875E+15,1.52954E+15,1.9836E+16,9.34598E+15,3.23393E+15,5.96076E+15,1.43807E+16,4.94283E+16,4.64421E+15,0
5.70115E+16,2.33515E+16,4.14116E+15,5.89546E+15,3.10161E+15,5.09768E+15,226868367426506,7.37519E+15,3.40314E+15,0
5.41276E+15,2.26586E+16,4.55106E+15,70701852477538,3.07621E+16,4.20125E+16,2.19402E+16,5.88517E+16,4.09121E+15,0
,2.08177E+16,1.72648E+15,3.29616E+16,3.87071E+16,6.31304E+15,8.40457E+15,6.83006E+15,3.91215E+16,0
5.01813E+15,1.69397E+15,2.9072E+16,1.07115E+16,2.97013E+16,4.67218E+15,1.59138E+16,2.3793E+16,4.28648E+15,0
4.55224E+15,1.97077E+16,2.59692E+16,886542199854777,,4.61836E+15,1.28534E+16,6.93351E+15,3.9328E+15,0
,2.03506E+16,2.14176E+16,6.07264E+15,3.19523E+16,3.48527E+16,1.2613E+16,6.86425E+15,4.61358E+15,0
7.02531E+15,2.02809E+16,2.35029E+16,5.23901E+15,3.35549E+15,471131715895065,1.38915E+16,6.37519E+15,5.98954E+15,0
5.77062E+15,1.945E+16,1.61737E+16,6.3418E+15,318788932932303,3.8713E+16,1.20429E+16,5.25123E+15,4.24082E+15,0
8.43788E+15,1.83107E+15,1.28569E+15,740001948091398,3.6178E+15,5.87023E+15,1.59269E+16,7.79513E+15,3.81547E+15,0
590707826866672,2.13471E+15,4.18395E+15,7.92476E+15,3.1233E+16,357258970259906,1.5599E+15,5.44219E+16,4.29648E+16,0
6.89834E+16,1.87415E+16,1.90245E+16,6.91507E+15,,4.28787E+15,1.25802E+16,4.43802E+15,5.37128E+15,0
1.02527E+16,2.17737E+16,965187482568678,4.33835E+15,3.69298E+16,5.28122E+15,1.86614E+16,5.41504E+15,3.29037E+16,0
8.2065E+15,1.82905E+16,1.895E+16,6.66295E+15,3.47133E+15,3.32855E+15,1.83284E+16,6.66884E+15,4.22512E+15,0
7.28617E+15,2.08444E+15,3.0879E+15,6.85697E+15,3.36049E+16,3.52602E+15,105664520105654,6.40253E+15,4.68602E+15,0
8.8093E+15,2.26106E+16,1.81406E+15,4.93038E+15,3.20799E+16,3.50117E+15,1.43388E+16,6.43346E+15,3.87905E+15,0
6.6415E+15,1.98884E+16,2.78675E+16,7.32773E+15,318408397185988,573723762288018,1.31917E+16,8.15511E+15,4.69431E+15,0
6.14515E+15,1.97541E+15,3.96573E+15,9.90016E+15,2.88158E+15,3.19434E+15,1.15874E+16,1.2003E+16,4.60089E+16,0
5.90644E+15,1.77891E+15,2.72963E+16,8.86927E+15,312015798244762,3.85813E+16,1.39387E+16,6.06138E+16,4.8075E+15,0
5.38985E+15,1.63344E+16,1.96462E+15,9.09272E+15,3.14238E+15,4.9175E+16,1.54963E+16,4.86866E+16,3.57767E+16,0
5.00656E+15,1.60496E+16,2.72188E+15,115431904716461,2.89976E+15,3.03256E+16,1.65694E+15,7.06991E+15,3.66521E+16,0
6.50364E+15,1.63257E+16,1.50002E+15,7.64183E+15,3.34103E+15,5.17428E+15,1.75307E+15,3.77655E+16,4.96318E+15,0
9.60686E+15,2.00842E+16,1.89076E+15,7.51509E+15,,3.70904E+16,1.13587E+15,6.43712E+15,4.40535E+15,0
8.74223E+15,1.7941E+16,969435489610499,6.57713E+15,3.68504E+16,3.23744E+15,1.3925E+16,857793244470867,2.84239E+16,0
8.3944E+15,1.87643E+16,1.06031E+16,784026050655083,3.52836E+15,3.76241E+15,1.33748E+16,5.895E+15,2.8339E+16,0
,2.04924E+16,1.25568E+16,5.78901E+16,3.59952E+15,6.10768E+15,1.60126E+15,5.24423E+16,3.25774E+16,0
3.84121E+15,186917765461785,1.99886E+16,7.17495E+15,,4.83334E+15,1.34228E+16,7.43817E+15,3.63563E+16,0
4.30137E+15,1.48738E+16,2.66401E+16,9.24265E+15,3.16764E+15,3.65835E+16,1.25157E+16,5.40823E+16,3.06763E+16,0
9.89589E+15,2.10654E+16,1.31895E+16,4.94513E+15,,4.81137E+16,1.17635E+16,4.98519E+15,3.81343E+16,0
4.31944E+16,1.86056E+15,3.05656E+15,9.81117E+15,2.76834E+16,2.82687E+16,1.34487E+16,,3.24197E+16,0
8.31377E+15,1.96548E+16,1.1311E+16,5.31082E+15,364405067278873,6.07916E+15,8.45714E+15,7.66946E+15,4.29007E+15,0
,1.79149E+16,4.78497E+15,5.70219E+15,3.78398E+15,5.17496E+15,1.43872E+16,6.8687E+15,2.38008E+16,0
341035967073924,2.07397E+16,4.90747E+15,5.66743E+15,3.01975E+16,3.5152E+16,1.59874E+16,8.66392E+15,3.72177E+15,0
7.51094E+15,1.82193E+16,1.71009E+16,5.94878E+15,3.57266E+16,4.99095E+16,2.07258E+16,6.06709E+15,3.34241E+16,0
6.97829E+15,1.91858E+16,2.61896E+16,7.27943E+16,3.17184E+15,5.64648E+15,1.94269E+16,5.05065E+16,4.93188E+15,0
,1.64378E+16,1.59086E+16,1.12087E+16,,3.60814E+16,1.72396E+16,601791185610558,4.38098E+15,0
7.46073E+16,2.3758E+15,2.5223E+15,7.27744E+15,3.16562E+16,3.77682E+15,5.91462E+16,620441831810599,3.94901E+15,0
,1.90047E+16,1.83274E+15,7.89876E+15,3.54419E+16,4.45928E+16,1.29022E+16,6.34566E+16,4.54358E+15,0
7.22017E+15,2.04768E+16,1.56581E+16,3.84273E+15,,4.07375E+16,1.51506E+16,6.49891E+15,4.39869E+15,0
8.79085E+15,1.8744E+16,7.85064E+15,6.35994E+15,,3.84921E+15,1.67224E+15,7.79027E+15,3.48027E+16,0
,1.98234E+16,2.64862E+16,6.47296E+15,,4.72694E+15,1.10322E+16,6.37298E+15,4.14861E+16,0
,2.19013E+15,2.94334E+15,9.38406E+15,3.02767E+15,42643072016026,1.73075E+16,7.00603E+15,5.77661E+15,0
9.04917E+15,1.69509E+16,4.34336E+15,5.78082E+16,3.867E+15,4.71925E+15,1.61706E+15,6.27221E+15,2.814E+16,0
9.51514E+15,1.99081E+16,9.08282E+15,5.97655E+15,3.67231E+16,5.01447E+16,1.28771E+15,5.57707E+16,3.81289E+16,0
6.14524E+15,2.13176E+16,2.04173E+16,6.24374E+15,,4.35377E+16,2.35148E+16,8.12991E+15,4.09094E+15,0
7.49421E+15,2.10347E+16,2.92525E+16,5.9227E+15,3.39847E+15,4.45061E+15,1.69171E+16,8.48685E+15,5.4927E+15,0
7.09189E+15,2.21191E+15,2.90912E+15,513496039732876,,5.1506E+15,1.95783E+15,6.26273E+15,5.11641E+15,0
6.62457E+15,1.72055E+15,1.48773E+16,7.07993E+15,3.38441E+16,4.05818E+16,1.56561E+16,5.85605E+16,4.33372E+15,0
6.03219E+15,2.00421E+16,3.28822E+15,6.51652E+15,3.52019E+16,3.49982E+16,1.41048E+16,4.33768E+15,3.42383E+16,0
6.3441E+15,1.64817E+16,1.49733E+15,1.0707E+16,3.16144E+15,3.37219E+16,1.94117E+16,6.4385E+15,3.84348E+16,0
,2.09766E+15,2.73828E+16,7.43231E+15,3.23956E+16,3.01203E+16,1.39707E+16,627385941138006,4.10344E+15,0
7.45914E+15,2.177E+16,1.94365E+16,4.63912E+15,3.52424E+15,494094338815866,1.44603E+15,5.71962E+16,3.84105E+15,0
6.36167E+15,1.75044E+15,2.58339E+15,8.24378E+15,3.33947E+16,3.02191E+15,1.05586E+16,7.01077E+15,3.68177E+16,0
9.01159E+15,2.2892E+16,2.52082E+16,6.76701E+15,,3.80145E+16,1.55183E+16,,2.89729E+15,0
7.46621E+15,2.23184E+15,1.82617E+15,5.2066E+15,,4.56262E+15,1.40235E+16,9.91303E+15,2.08185E+16,0
57398163326022,189827788557758,1.58254E+15,8.11014E+15,3.13057E+15,4.25017E+15,1.48992E+16,813739067620203,2.72257E+16,0
7.78511E+15,1.74889E+16,1.34043E+16,7.51781E+15,,4.91432E+16,1.38255E+15,7.50594E+15,4.90461E+15,0
7.13859E+15,1.80904E+15,9.72765E+15,5.70643E+15,,3.99955E+16,1.59524E+16,6.77028E+15,3.27243E+15,0
8.80518E+15,1.57232E+16,4.72865E+15,8.84826E+15,3.56774E+16,2.9928E+16,9.43993E+15,6.16406E+15,517620506921009,0
8.00303E+15,1.86463E+16,1.50073E+16,7.69732E+15,3.55726E+15,5.61613E+15,1.01532E+16,6.70004E+15,3.13755E+16,0
7.15734E+15,2.1401E+16,2.37186E+15,3.92437E+16,343764376878261,5.069E+16,1.5446E+16,,5.18362E+15,0
642736514447551,2.02945E+16,2.09203E+15,5.52762E+15,3.38582E+16,3.32613E+16,1.2809E+16,7.51013E+15,3.56882E+15,0
6.12467E+15,1.7958E+16,2.79516E+16,8.07563E+15,3.03647E+15,4.67172E+16,1.38351E+16,6.90175E+15,3.63101E+16,0
845790103691031,2.28732E+15,1.60616E+16,4.14249E+15,3.56305E+16,3.70712E+16,1.40617E+15,8.23647E+15,4.91428E+16,0
5.7722E+15,2.00145E+16,2.78407E+16,7.13224E+15,3.18643E+15,4.14015E+16,1.55501E+15,6.25213E+15,3.07899E+16,0
,2.20976E+16,1.15624E+16,6.03339E+15,3.59187E+15,4.06466E+15,1.41493E+15,5.93732E+15,4.58916E+15,0
6.76079E+15,1.92143E+16,1.90899E+15,4.36452E+15,3.45019E+15,4.57555E+15,1.32725E+16,,4.90549E+15,0
7.89505E+15,1.74693E+16,1.04653E+16,7.66832E+15,3.50535E+15,4.72043E+15,1.46339E+16,6.08622E+15,3.08443E+15,0
857673992840484,2.2115E+16,2.48973E+15,6.22263E+15,3.41809E+16,3.89293E+16,1.59521E+16,3.60826E+15,3.91611E+16,0
5.59673E+15,2.29295E+16,4.46524E+15,6.50095E+15,3.23999E+16,4.24257E+15,1.23618E+15,404120976909975,3.82616E+16,0
8.14563E+15,2.18441E+16,3.13503E+15,5.50765E+15,3.34645E+16,3.7667E+16,1.48863E+15,5.24158E+16,4.30755E+16,0
6.6655E+15,2.22488E+16,2.53199E+16,4.97096E+15,3.3906E+15,3.18564E+15,1.93687E+16,7.27168E+15,3.9285E+16,0
6.49907E+15,1.73769E+15,2.37348E+16,9.00906E+15,3.30165E+15,5.93562E+15,1.39863E+16,6.36939E+15,4.35588E+15,0
9.73589E+15,2.09762E+16,1.08972E+16,6.10657E+15,3.58193E+16,4.49368E+15,1.39116E+16,4.71002E+15,5.57321E+15,0
9.26828E+15,2.0436E+16,1.43335E+15,9.07013E+15,3.28298E+15,4.31475E+15,1.19348E+16,909017997166344,5.2557E+15,0
,1.80893E+16,1.77056E+16,6.22331E+16,3.50195E+15,4.47937E+16,1.0461E+16,3.20749E+16,3.99913E+16,0
1.00596E+16,1.75876E+16,5.23291E+15,9.67417E+15,,4.77984E+15,1.64705E+15,6.26046E+15,381878876006795,0
6.47589E+15,1.77295E+16,1.65328E+15,1.00966E+16,3.05249E+16,4.66649E+15,6.77615E+15,6.51465E+15,430611297137217,0
6.09613E+15,2.00646E+15,1.69326E+16,6.54221E+15,,4.0446E+16,9.06396E+15,840571005423194,2.95645E+16,0
6.29785E+15,2.14215E+16,210228350298754,7.25872E+15,3.31822E+15,4.34049E+15,1.58722E+16,6.48469E+15,1.68055E+16,0
5.2841E+15,1.85705E+16,2.65327E+15,6.13255E+15,3.2814E+16,5.43182E+15,1.73985E+16,4.70664E+15,4.80096E+15,0
8.26994E+15,1.92004E+15,1.18892E+16,8.37723E+15,3.45987E+15,4.05341E+16,1.73957E+16,8.5445E+15,3.07648E+15,0
6.03957E+16,2.46693E+16,3.9489E+16,3.19497E+16,,3.57986E+16,1.32394E+16,7.84045E+15,4.20684E+15,0
6.24328E+15,1.71104E+15,1.9605E+16,8.26823E+15,,5.12895E+15,1.72184E+15,5.36097E+15,3.47284E+15,0
8.2141E+15,1.92177E+16,1.28199E+15,7.53602E+15,343477261505328,4.18679E+15,1.33526E+15,8.69781E+15,3.38186E+16,0
,2.05639E+15,3.9743E+16,466052847082034,3.23956E+16,5.09546E+15,1.16748E+15,5.50427E+15,3.91675E+16,0
,233020133595047,2.70711E+16,6.22094E+15,2.98113E+16,3.5712E+15,1.67689E+15,5.12844E+16,4.28488E+15,0
,2.20553E+15,2.81351E+15,797809811440548,3.07652E+16,4.21464E+16,1.75323E+15,8.68481E+15,3.56957E+16,0
9.83603E+15,2.30472E+16,1.61034E+16,5.59931E+15,,3.00062E+15,1.43837E+16,6.19393E+15,4.21912E+15,0
8.71976E+15,2.19779E+16,3.06811E+16,726876508884632,3.40918E+16,4.81853E+15,9.15121E+15,5.01786E+15,2.88773E+15,0
7.0096E+15,2.20562E+16,1.86287E+16,6.78168E+16,,3.97996E+16,1.48087E+15,777635337907762,3.12194E+15,0
6.49264E+15,1.72864E+15,1.46256E+16,7.73657E+15,3.49404E+16,6.52538E+15,1.02121E+16,5.69497E+15,4.66777E+15,0
7.81452E+16,1.80347E+16,1.75167E+15,7.48901E+15,3.52277E+15,3.70011E+15,1.42893E+15,8.08824E+15,2.9017E+15,0
9.65256E+15,205206058601135,8.50815E+15,4.94542E+15,38654118470183,3.92767E+16,1.24465E+16,5.3898E+16,3.19257E+15,0
8.00754E+15,1.51736E+16,8.86469E+15,1.12515E+16,,4.47484E+15,1.24127E+16,,5.25017E+15,0
,1.7055E+16,1.75613E+16,8.32021E+15,3.49292E+15,3.74464E+16,1.09891E+16,7.37014E+15,3.71666E+15,0
,2.04735E+15,3.37981E+15,6.57816E+15,,4.26081E+15,1.39402E+16,6.90517E+15,3.84513E+16,0
7.38684E+15,1.89596E+15,2.91227E+16,8.42076E+15,3.21568E+15,4.58044E+15,1.71969E+15,5.67699E+15,4.81671E+15,0
5.49758E+15,2.04683E+16,2.94934E+15,760413034942968,3.23609E+16,4.76844E+15,1.66724E+16,8.34138E+15,5.06011E+15,0
6.05783E+15,2.30718E+16,4.48685E+15,6.44339E+15,,3.97237E+15,1.40379E+16,7.67016E+15,3.29225E+16,0
,2.22821E+16,2.38792E+15,5.08236E+15,,3.82758E+16,1.58561E+16,662704766771235,4.23517E+15,0
6.26895E+15,1.85707E+16,2.47695E+16,6.71767E+15,3.18228E+16,5.34541E+15,1.36289E+16,6.91392E+15,4.6745E+16,0
,1.90929E+16,2.06614E+16,1.01755E+16,2.99346E+16,4.71063E+16,9.22599E+15,6.00235E+15,4.96915E+15,0
6.28498E+15,1.96775E+16,2.92136E+15,852879260890159,3.34478E+15,5.74541E+15,1.10959E+16,,570328774274241,0
9.0431E+15,1.81567E+16,827359197053936,6.70104E+16,,3.72551E+16,9.76236E+15,652163378646853,4.0085E+15,0
8.52306E+15,2.01608E+16,2.42073E+15,7.22072E+15,,4.36626E+15,1.57406E+16,6.33105E+16,5.11238E+15,0
,1.83465E+15,1.99989E+15,7.15189E+15,3.3754E+16,2.94847E+16,1.00887E+16,6.62992E+15,4.18332E+15,0
,1.934E+15,3.06308E+16,6.87357E+15,3.42193E+16,4.30396E+16,1.74468E+16,4.98837E+15,2.91305E+15,0
4.02905E+15,2.03387E+16,4.23272E+15,8.55048E+15,2.79675E+16,5.03732E+15,1.37588E+16,463840637682621,4.17966E+15,0
6.41271E+15,2.04358E+16,3.23338E+16,5.20408E+15,3.45718E+16,3.89215E+15,1.1145E+15,9.12049E+15,5014144884495,0
6.27629E+15,1.84952E+16,2.86535E+15,6.51943E+15,3.35258E+15,4.7043E+16,1.11985E+16,,4.34276E+15,0
7.64888E+15,1.88507E+16,225109750698624,8.61721E+15,,3.93294E+15,1.28545E+16,7.33135E+15,4.95353E+15,0
5.54818E+15,2.0426E+16,3.99978E+16,7.02723E+15,3.19203E+16,4.31972E+15,1.54004E+15,4.19523E+15,3.94546E+16,0
,2.16676E+16,1.78703E+15,6.61339E+15,3.38416E+15,4.38132E+16,1.54415E+15,832727357518898,2.60496E+15,0
7.46862E+16,2.40345E+16,3.6702E+15,4.53641E+15,3.39221E+15,4.53211E+15,1.61065E+16,6.79525E+15,3.38418E+15,0
,1.79149E+15,2.10514E+16,8.88785E+15,296949069652605,418269806221273,1.88005E+15,9.2096E+15,3.7647E+16,0
7.91815E+16,2.14187E+16,2.38235E+16,7.29088E+15,3.41173E+16,4.11424E+15,195850018943529,2.50574E+15,4.02896E+15,0
,1.91764E+15,1.08308E+15,6.36289E+15,,4.922E+15,1.72916E+16,4.32725E+15,426677539510979,0
,1.81375E+15,1.45798E+16,5.43506E+16,,3.08793E+16,9.54509E+15,6.02146E+15,4.16175E+15,0
5.43324E+15,2.01781E+16,3.11571E+16,7.28639E+15,3.04425E+15,451557177709948,1.08421E+16,8.7634E+15,3.67572E+15,0
8.33951E+15,2.02202E+15,2.12957E+16,5.61812E+15,,4.2895E+15,1.54914E+16,813153266808257,4.8277E+15,0
6.71572E+15,1.95191E+16,1.99667E+16,7.7447E+15,3.54209E+15,4.11796E+15,1.73231E+16,6.79817E+15,2.44301E+15,0
6.09801E+16,2.11454E+16,3.93528E+15,6.21219E+15,,4.88141E+15,1.17918E+16,4.6928E+16,4.59062E+15,0
6.57685E+15,1.56222E+16,1.27721E+16,9.7599E+15,3.41749E+15,4.18972E+15,1.03823E+16,783051797103557,3.77131E+16,0
4.6811E+15,2.20476E+16,3.87484E+15,465251383340415,3.06451E+15,4.42531E+15,1.09413E+16,,4.12575E+15,0
8.15122E+15,2.1956E+16,1.36997E+16,3.80443E+16,,4.60529E+16,1.49513E+16,7.96343E+15,3.52398E+15,0
,2.26548E+15,1.35845E+15,4.1907E+16,3.74158E+16,3.35378E+16,9.14744E+15,8.28649E+15,2.36456E+15,0
,2.20836E+16,2.73196E+16,4.5071E+15,3.29997E+16,4.63965E+15,1.39867E+16,,5.66655E+15,0
5.66969E+15,1.9413E+16,2.00815E+16,677810364227845,,4.0399E+15,1.82848E+15,,3.59213E+16,0
6.62494E+15,1.85411E+15,1.63606E+16,947284496887071,3.20847E+15,4.58924E+15,1.2488E+16,4.096E+15,3.5467E+16,0
8.27364E+15,1.88161E+16,1.11207E+16,7.41089E+15,3.4632E+16,3.44155E+16,1.53149E+16,8.94469E+15,3.33158E+15,0
,2.41896E+16,2.57179E+16,4.24E+15,3.69541E+16,4.74937E+15,1.53061E+16,4.83742E+16,4.30622E+15,0
,2.2162E+15,1.19547E+16,6.65705E+15,,3.91239E+15,1.29614E+16,,3.28206E+16,0
1.05097E+16,2.13877E+16,1.67869E+16,6.62422E+15,,4.11217E+15,1.65909E+15,6.77455E+15,3.50508E+15,0
5.17143E+16,2.07281E+16,4.46128E+16,7.28793E+15,3.00254E+15,552907589514154,1.27237E+16,5.22377E+15,2.94943E+15,0
6.9642E+15,1.93753E+16,2.74085E+16,1.01846E+15,3.07695E+15,3.0294E+16,1.58896E+16,780767379802981,2.39568E+16,0
6.5488E+15,2.05168E+15,1.35849E+16,3.77765E+15,,3.27967E+15,1.56275E+16,5.18504E+15,4.19731E+15,0
6.55544E+15,1.95158E+15,1.54055E+15,2.75084E+16,,4.36278E+15,1.08553E+16,,3.79204E+16,0
904258286604996,2.2132E+16,1.41495E+16,5.32585E+15,3.66668E+15,3.77858E+15,1.30084E+16,8.78962E+15,4.34844E+15,0
5.97058E+15,2.02746E+16,1.99523E+15,7.87204E+15,3.11188E+15,4.12039E+15,1.86321E+16,7.31663E+15,5.01328E+15,0
6.27381E+15,1.9185E+15,1.51302E+16,5.11275E+15,3.4995E+15,5.38204E+15,1.23836E+16,5.20977E+15,4.51041E+16,0
6.60401E+15,2.12978E+16,2.35646E+15,6.60821E+15,3.25354E+15,4.30333E+16,1.43529E+16,3.3403E+15,4.45897E+15,0
7.14394E+15,1.53236E+15,1.1553E+16,8.44469E+15,3.29404E+15,2.78483E+15,1.12669E+16,8.17184E+15,3.79284E+16,0
811644657034648,2.08689E+16,2.39859E+16,7.51387E+15,3.46424E+16,4.36291E+16,9.61229E+15,6.73812E+15,2.9347E+16,0
7.66519E+15,2.09997E+16,2.29937E+15,5.5439E+15,3.43494E+15,4.17739E+16,7.75061E+15,6.35518E+15,2.70713E+16,0
5.55535E+15,1.54301E+15,2.05034E+16,9.645E+15,313470296699179,3.55207E+15,1.84687E+15,7514036171327,45361459144294,0
7.54393E+15,1.92235E+16,2.4228E+16,7.24134E+15,336151049803892,3.69428E+15,1.81889E+16,7.05885E+15,3.70319E+16,1
,2.18574E+16,1.17246E+15,7.56541E+15,2.96431E+15,4.52728E+16,1.46657E+16,5.12618E+16,3.5614E+16,1
7.34017E+16,2.10119E+16,1.28104E+16,8.86729E+15,309661577518229,4.12707E+15,1.23892E+16,7.35133E+15,3.91914E+15,1
1.00152E+16,2.10127E+15,9.06404E+15,7.19843E+15,3.63562E+16,3.24648E+16,1.02131E+16,9.26439E+15,3.84655E+15,1
,1.88744E+16,1.90375E+15,6.03424E+15,,3.88066E+15,1.51491E+16,784994180330055,272365054009649,1
7.84646E+15,2.33977E+16,6.67066E+15,6.84453E+15,,5.45311E+15,1.65362E+16,674840901235171,3.88562E+15,1
,1.55676E+16,5.20602E+15,2.57756E+16,3.65081E+15,3.23001E+15,1.41666E+16,4.82543E+15,2.00076E+16,1
6.33416E+15,1.97482E+16,2.34608E+15,6.12146E+15,3.0355E+15,3.99564E+15,1.88222E+15,6.22229E+16,4.03883E+15,1
9.6161E+15,2.2176E+15,1.2539E+15,9.08953E+15,,4.41881E+16,1.38084E+16,,2.94664E+15,1
,1.86595E+16,294969101574473,811774776205242,3.78431E+16,6.16175E+15,1.49628E+16,6.54446E+15,2.47528E+16,1
8.893E+15,2.24078E+16,2.29602E+16,8.98204E+15,2.74689E+16,4.66245E+15,9.69305E+15,595772117702484,3.61913E+15,1
,1.95837E+16,1.45637E+16,9.31598E+15,,2.89661E+16,9.1844E+15,4.95401E+15,3.95701E+15,1
8.14143E+15,2.11794E+16,1.54944E+16,9.45041E+15,,3.63129E+15,1.54034E+16,5.44907E+16,4.35092E+15,1
8.16571E+15,2.03419E+15,1.6925E+15,5.57434E+16,3.37252E+15,5.27913E+15,1.83614E+16,6.03935E+16,3.92012E+16,1
4.93196E+15,1.64667E+16,3.11555E+16,7.41148E+15,3.83783E+15,5.06531E+16,1.498E+16,6.92492E+15,5.04598E+15,1
8.97782E+15,1.98996E+15,202256429226288,7.56952E+15,3.52686E+15,492097824550344,1.96219E+15,6.41772E+15,3.2E+16,1
7.37261E+15,2.20387E+15,1.76069E+16,9.42634E+15,2.74207E+15,5.51145E+15,1.48264E+16,6.73054E+15,3.18252E+16,1
9.10733E+15,2.02515E+15,24678329289092,5.57591E+15,3.34717E+15,467110761590556,1.29373E+16,469352518256491,449213994862107,1
4.16825E+15,1.64351E+15,238637168635121,8.59382E+15,,5.47467E+15,1.38435E+16,7.10467E+15,2.80453E+15,1
7.80691E+15,2.16473E+16,2.12993E+15,6.2176E+16,,5.2408E+15,1.38956E+16,8.3147E+15,5.12791E+15,1
6.70464E+16,2.30767E+15,9.72776E+15,594369457895465,2.23236E+16,4.05762E+16,1.28265E+15,7.43852E+15,3.42218E+16,1
3.62317E+16,1.56899E+16,2.67385E+16,502314259061121,3.88752E+15,3.88753E+16,1.7196E+15,6.35649E+15,5.37021E+15,1
7.96686E+15,1.86353E+16,2.14407E+15,7.83247E+15,3.93767E+15,4.61356E+15,1.39139E+15,8.61218E+15,5.11543E+15,1
4.59561E+16,2.0486E+16,1.3891E+16,6.37134E+15,,6.31822E+15,1.14209E+16,704490025357391,3.97892E+16,1
,2.04669E+16,1.28744E+16,5.07116E+15,3.24701E+16,4.02619E+15,1.66425E+16,6.48467E+15,4.05894E+15,1
3.9945E+15,1.79454E+16,1.86823E+15,6.46479E+15,3.31146E+15,5.38175E+15,1.39168E+16,,3.37915E+16,1
8.90799E+15,2.02461E+16,336537619633927,5.43188E+15,3.30827E+15,4.26187E+16,1.87599E+16,7.93706E+15,4.64126E+16,1
5.89873E+15,1.9831E+16,2.11482E+16,9.1249E+15,3.26254E+15,3.12389E+16,1.30429E+16,7.43116E+15,4.89982E+15,1
951462662210288,2.15726E+15,1.65536E+16,7.54786E+15,3.21776E+16,4.53918E+16,9.64024E+15,5.78654E+15,2.64504E+15,1
8.84246E+15,2.29964E+16,7.83932E+15,1.05088E+16,2.78428E+16,3.70085E+15,1.5791E+16,7.71666E+15,4.57673E+15,1
7.72108E+15,2.08439E+16,1.72486E+15,7.68537E+16,2.86404E+15,2.69014E+15,1.17573E+16,568845279970477,3.22395E+15,1
9.08942E+15,2.08915E+16,3.22381E+16,6.89501E+15,3.2108E+16,44925997564536,1.25146E+16,8.92131E+15,443011601625449,1
1.75704E+16,1.47582E+16,4.15382E+15,7.72818E+15,376012933045253,4.28445E+16,1.08287E+16,6.50058E+15,2.96755E+16,1
7.72519E+15,2.13951E+15,2.04618E+16,534031864919632,,3.38214E+16,1.70325E+16,5.85875E+16,4.16333E+16,1
6.72919E+15,1.78494E+16,3.1992E+16,5.63294E+15,,34177477792211,1.48052E+16,6.41292E+15,5.11225E+15,1
5.08543E+15,1.73566E+15,3.34552E+15,6.03325E+15,3.51271E+15,5.07476E+16,1.7796E+16,6.24661E+15,3.96173E+15,1
9.54527E+15,2.12046E+16,2.51898E+16,6.20387E+16,3.16567E+16,4.98267E+15,2.00515E+15,5.29011E+15,4.9839E+15,1
,1.82534E+16,2.00492E+16,8.48047E+15,3.30128E+16,3.28701E+16,1.23323E+16,797847803952545,3.69351E+16,1
6.24626E+15,1.63218E+16,2.64089E+15,6.02967E+15,4.29022E+15,5.09957E+16,2.35696E+16,1.91752E+16,5.04445E+15,1
73764491048464,1.6875E+16,3.71911E+15,4.18494E+15,,4.39313E+16,1.5901E+16,633348946717681,5.76735E+15,1
7.80243E+15,2.3267E+15,1.43829E+16,762692290707145,,413292183492284,1.54956E+16,4.20021E+15,4.36353E+15,1
8.59677E+15,2.02343E+16,1.51735E+16,7.24862E+15,3.73653E+15,3.15479E+15,1.50087E+15,7.68797E+15,3.23869E+16,1
6.43644E+15,1.92996E+16,1.95794E+16,7.64087E+15,3.14923E+16,3.79675E+16,1.2897E+16,7.58391E+15,3.41585E+15,1
733347772602672,2.33721E+16,1.60666E+16,8.18199E+15,2.24213E+16,4.01739E+16,1.5314E+16,818420621564831,4.77266E+15,1
6.14476E+15,2.1098E+16,1.99813E+15,9.20361E+15,2.71097E+15,3.32598E+16,1.7188E+16,7.96342E+15,3.08208E+15,1
4.726E+15,1.75991E+16,3.42658E+15,5.9234E+15,3.24871E+15,4.41945E+15,1.26361E+16,,3.64461E+15,1
5.39335E+15,1.7255E+16,2.8099E+16,5.78967E+15,3.72622E+15,5.05542E+15,1.75307E+15,6.72739E+15,4.63385E+15,1
5.62482E+15,2.15823E+16,9.02876E+15,9.2561E+15,2.74292E+16,3.40648E+16,1.06807E+16,7.24875E+15,4.35549E+15,1
5.76887E+15,1.84395E+15,3.1156E+16,8.39283E+15,3.56553E+16,3.80097E+16,1.04303E+16,1.00232E+16,3.09263E+16,1
,1.95875E+15,1.77493E+16,7.55675E+15,,5.12454E+15,1.54853E+16,5.41327E+15,2.77564E+16,1
5.25135E+15,1.67924E+16,3.47689E+15,4.02308E+15,3.77143E+15,315536105373161,1.04292E+16,7.05934E+15,4.07225E+15,1
768878591609137,2.09186E+16,2.95685E+16,9.81734E+15,2.94348E+16,3.55699E+15,1.39188E+16,7.16815E+15,3.91867E+16,1
3.68108E+15,1.44265E+15,2.67268E+15,6.09528E+16,,5.64184E+15,1.36511E+16,9.22991E+15,3.89307E+16,1
4.89769E+15,1.69236E+16,1.46767E+15,8.31861E+15,,4.37539E+16,1.62191E+15,8.19478E+15,3.89446E+16,1
5.84275E+16,2.02045E+16,1.39693E+15,664391802773037,2.90796E+16,4.75143E+15,1.81898E+16,7.79311E+15,4.49039E+15,1
,1.9341E+15,1.44724E+16,5.64067E+15,3.22674E+15,4.31457E+15,1.27219E+16,9.27589E+15,4.41482E+15,1
5.03832E+15,1.7036E+16,2.58661E+16,7.40375E+15,,3.50391E+16,1.32703E+16,6.53316E+15,3.9137E+16,1
996124770904986,220038185981074,1.19398E+16,8.42875E+15,3.37484E+16,3.98681E+16,1.47926E+16,6.09918E+15,3.24658E+16,1
7.4175E+15,1.98706E+16,2.43894E+15,4.79068E+15,2.89331E+15,3.66371E+16,1.84152E+16,8.79962E+15,3.39124E+16,1
,1.60326E+15,3.77958E+16,915222467032826,3.90277E+15,4.41986E+16,1.6451E+16,2.13553E+16,4.44198E+16,1
509993200503465,1.89666E+16,2.18074E+15,4.36815E+15,,3.34512E+15,1.47323E+16,4.99857E+15,5.1593E+15,1
3.63316E+16,1.79351E+16,2.85842E+15,5.24638E+15,2.92441E+16,500866018456054,895640145961113,773609852692872,3.34957E+16,1
8.86045E+15,1.93743E+16,2.40851E+15,6.18311E+16,,5.26705E+15,9.90133E+15,8.13393E+15,4.67771E+15,1
1.01379E+15,2.42006E+16,1.50888E+16,8.67779E+15,,5.96346E+15,1.49712E+16,6.23658E+15,3.87202E+16,1
9.90081E+15,1.99084E+15,1.62331E+16,814664316834556,3.80113E+16,3.4502E+16,2.03867E+16,7.33815E+15,2.395E+16,1
1.02684E+15,2.18217E+16,1.3754E+15,7.51261E+15,3.34178E+16,3.41602E+16,1.56716E+16,8.46827E+15,4.30469E+15,1
2.27499E+16,1.5253E+15,3.90286E+16,3.46249E+16,2.83694E+16,4.43029E+15,1.32019E+16,6.23227E+15,3.54574E+15,1
6.01726E+16,2.06014E+16,1.51573E+16,7.58212E+15,3.07704E+15,4.31782E+16,1.42218E+15,5.332E+15,4.42771E+15,1
7.11085E+15,2.13886E+16,2.50435E+15,6.04844E+15,2.45954E+16,5.05736E+16,1.63831E+15,9.1681E+15,5.71279E+15,1
6.35029E+15,1.90384E+16,1.49054E+16,5.53783E+15,,446840605056286,1.39836E+15,6.78171E+15,4.26523E+15,1
8.12934E+15,2.11123E+16,2.29829E+16,6.77901E+15,3.26398E+16,3.67989E+15,1.39109E+16,5.57954E+16,4.82204E+15,1
1.02528E+16,2.1828E+15,1.81588E+16,8.65734E+15,3.4953E+15,3.36199E+15,194425988167568,8.28583E+15,4.55984E+15,1
5.46236E+15,1.8771E+16,1.16421E+16,84396410712474,,5.34664E+15,8.12979E+15,7.46037E+15,4.48618E+15,1
9.23944E+15,2.12569E+16,1.48296E+16,7.17292E+15,3.24129E+15,5.75422E+15,1.65811E+16,6.68853E+15,3.47197E+16,1
7.07131E+15,2.1362E+16,2.00388E+16,7.60225E+15,2.90057E+16,6.05305E+15,8.71396E+15,5.84135E+15,4.29373E+15,1
711589526567209,1.93707E+16,1.84639E+15,4.92439E+16,3.19057E+15,3.69534E+15,1.48416E+16,5.44375E+15,3.73602E+16,1
8.239E+15,1.99595E+15,2.50468E+16,9.28802E+15,3.50836E+15,3.28363E+15,1.87432E+16,5.4417E+15,3.08992E+15,1
6.44625E+15,2.04254E+16,1.11043E+16,7.64861E+15,,4.18041E+15,1.66256E+15,,4.97696E+15,1
6.16178E+15,2.02757E+15,1.22296E+16,1.15236E+16,3.24048E+16,3.44366E+15,1.46859E+16,4.78032E+16,4.00355E+15,1
6.77216E+15,1.969E+16,1.37903E+16,957505287265186,,3.47588E+16,1.77057E+16,6.83798E+15,382725596122325,1
7.06185E+15,2.11092E+15,1.13002E+16,8.86636E+15,2.99938E+16,3.5351E+15,1.68958E+16,675771086755158,3.95825E+15,1
4.63825E+15,1.8242E+16,3.4262E+15,6.19772E+15,3.07458E+16,4.39118E+15,7.76085E+15,,4.12454E+15,1
7.67897E+16,2.0548E+16,7.47251E+15,7.18187E+15,,3.95236E+16,7.91815E+16,7.63783E+15,3.71898E+16,1
8.13771E+15,1.78717E+16,3.37867E+16,910188513655897,,4.81074E+15,1.22732E+16,9.59053E+15,2.74387E+15,1
7.4814E+15,1.86075E+16,1.37818E+16,4.64925E+15,3.77344E+15,3.23773E+15,1.16871E+16,662916498377711,4.03998E+15,1
8.08215E+15,1.85932E+16,2.84077E+15,7.60542E+15,3.81762E+15,4.02658E+16,1.28306E+16,8.69797E+15,3.37348E+16,1
,2.10627E+16,2.79832E+15,5.94721E+15,,4.36844E+15,1.61275E+16,6.4564E+15,4.29039E+15,1
770218309918713,1.92138E+16,1.8126E+16,9.15458E+15,3.64191E+15,6.46733E+15,1.43763E+16,905275363195179,4.38216E+15,1
675076118602011,2.07255E+16,2.3643E+16,7.69101E+15,2.93783E+15,4.46697E+15,6.00039E+16,3.09008E+16,2.77773E+16,1
,2.19706E+16,2.23873E+16,7.3085E+15,3.16973E+16,3.2729E+15,1.27853E+16,8.07579E+15,464936502812178,1
6.32394E+15,1.85992E+16,2.32348E+16,5.89296E+15,3.47237E+16,4.01305E+16,1.32633E+15,6.0474E+15,3.57501E+16,1
5.40388E+16,1.99017E+16,1.15714E+16,6.28543E+15,,3.77431E+15,1.18591E+16,740120431141782,3.18994E+15,1
5.69987E+15,1.59436E+16,3.19774E+16,5.24997E+15,,5.01743E+15,8.00801E+15,5.58702E+15,2.4164E+15,1
7.69426E+15,1.84836E+16,226730344718994,5.70106E+15,,4.39633E+15,8.85771E+15,6.49756E+15,5.70719E+15,1
8.58143E+15,1.86602E+16,2.05907E+15,3.92418E+15,3.66132E+15,3.84306E+16,9.9994E+15,6.6694E+15,3.38845E+16,1
9.88894E+15,2.20639E+16,1.98924E+15,7.98646E+15,3.26077E+15,4.60812E+15,1.49292E+16,5.96028E+15,3.75016E+16,1
3.42645E+16,1.54712E+16,2.18397E+15,4.96572E+15,,4.37377E+15,1.46894E+16,5.64901E+15,5.97805E+15,1
8.37044E+15,2.31443E+16,1.50638E+16,1.22794E+16,,4.22294E+15,1.50271E+16,6.7503E+15,3.21064E+16,1
,204852186950213,1.32862E+16,909384342143146,3.32846E+16,3.65688E+15,8.5899E+15,763063756515083,426852451986332,1
8.3905E+15,2.15296E+16,2.70321E+15,6.55396E+15,2.82859E+15,4.43446E+16,1.28416E+15,4.63682E+15,4.15036E+15,1
7.58194E+15,1.93286E+15,2.16757E+16,9.8215E+15,3.81931E+15,4.14811E+16,1.61092E+16,9.26091E+15,4.83335E+15,1
9.85005E+15,2.0874E+16,352892371102066,8.35011E+15,3.3721E+15,4.6248E+16,1.01051E+16,5.0886E+15,4.52184E+16,1
5.22568E+15,1.8505E+16,1.62764E+16,6.6171E+15,,394634867724289,7.81781E+15,8.90526E+15,3.69575E+16,1
9.66365E+15,2.33487E+16,1.32136E+16,1.01499E+16,2.93075E+16,3.26778E+16,1.04396E+15,6.24554E+16,4.74194E+15,1
,1.58763E+15,2.62101E+16,4.08876E+15,,3.54847E+15,1.60067E+15,8.53381E+15,5.01016E+15,1
7.93561E+15,2.07017E+15,1.96578E+15,8.6045E+15,3.12344E+16,3.58849E+15,2.12281E+15,6.37718E+15,361965073748165,1
8.92814E+15,1.97649E+16,2.78844E+16,8.96858E+15,,3.17533E+15,2.14979E+15,7.30111E+15,4.1111E+15,1
6.92034E+15,2.07821E+16,1.66898E+15,1.00311E+16,2.86414E+16,4.81956E+16,9.7719E+15,7.8295E+15,3.26621E+16,1
1.05381E+15,2.0014E+16,1.38672E+16,7.36502E+15,4.09447E+15,3.40809E+15,1.70731E+16,7.27306E+15,3.82309E+15,1
572930291193782,1.62858E+16,3.45737E+16,5.65486E+16,4.15287E+16,2.97631E+15,1.39908E+16,7.67447E+15,3.55639E+16,1
533568880893353,1.7864E+16,3.79932E+16,9.77252E+15,3.43258E+16,4.65073E+16,1.48343E+16,6.53265E+15,3.92198E+16,1
,1.77174E+16,3.89773E+15,5.47716E+16,4.02499E+16,4.84173E+16,1.23001E+16,6.15695E+15,3.26159E+16,1
6.76983E+15,1.77173E+16,3.4596E+16,2.86607E+16,3.69533E+15,3.89516E+16,1.72681E+16,6.48686E+15,3.65579E+15,1
6.84833E+15,1.95451E+16,1.59086E+16,6.24135E+15,3.19265E+16,4.04205E+15,1.89373E+15,7.53928E+15,3.7322E+16,1
,2.3116E+16,1.28567E+16,6.97702E+15,3.44448E+16,3.92517E+16,1.32172E+16,8.09565E+15,3.30829E+16,1
,2.05089E+16,2.70644E+15,7.39838E+15,3.04926E+15,409501841738755,1.85218E+16,6.14861E+15,4.59957E+15,1
,155864381695285,2.82248E+16,8.36672E+15,392582582266922,421343736166148,1.87787E+16,5.26406E+16,4.93019E+15,1
8.5892E+15,2.33728E+16,7.26306E+15,6.95331E+15,2.68971E+16,2.5888E+16,8.98636E+15,4.19304E+15,4.04145E+15,1
8.47365E+15,1.82997E+16,3.64125E+16,6.14467E+15,,4.14308E+15,1.42554E+16,5.67352E+15,3.48782E+16,1
7.59135E+15,1.99255E+15,2.53838E+16,7.92462E+15,3.1861E+15,4.16446E+15,2.01188E+15,4.82712E+15,4.51515E+15,1
8.13777E+15,2.03862E+15,2.41727E+15,6.84402E+15,3.05833E+16,4.70836E+16,1.9233E+16,3.07084E+16,5.00383E+15,1
5.35257E+15,1.50495E+16,2.77957E+16,5.46406E+15,4.45938E+15,4.22423E+15,1.61445E+16,7.83748E+15,4.77919E+16,1
7.99809E+15,2.41E+15,9.60974E+15,9.84235E+15,2.29576E+16,4.28882E+15,1.49906E+16,3.98424E+16,2.62655E+15,1
1.18981E+15,2.28133E+15,8.29655E+15,9.89964E+15,3.4665E+15,5.00169E+15,1.54869E+16,6.35295E+16,3.02497E+15,1
7.44254E+15,1.80859E+16,1.8223E+16,8.57725E+15,4.0532E+16,5.64793E+15,1.47683E+16,5.77576E+15,2.19114E+15,1
5.1408E+16,2.09359E+15,2.14076E+16,4.41598E+15,2.30556E+16,3.78897E+15,2.2E+16,8.67372E+15,419225744935354,1
,2.42413E+16,9.78337E+15,6.40015E+15,2.11852E+16,3.51997E+15,1.04073E+16,6.99095E+15,4.6267E+15,1
6.94792E+15,2.19594E+15,1.03375E+16,1.04148E+16,,4.53152E+15,1.42138E+16,6.11503E+16,3.68508E+15,1
962210598702481,1.8291E+16,3.03072E+16,5.657E+15,4.22446E+16,5.7333E+15,1.76997E+15,4.59068E+15,3.97557E+15,1
5.36121E+16,1.71316E+15,2.47097E+15,4.18489E+15,3.66815E+16,4.90659E+16,1.51227E+15,3.31196E+15,181252893956422,1
4.90952E+15,1.86191E+16,1.36526E+16,9.31825E+15,,4.60567E+16,1.21595E+16,898302092930403,3.78551E+16,1
6.37641E+15,1.82121E+15,3.30467E+16,535153318891046,3.62352E+16,3.50236E+16,7.59252E+16,6.62257E+15,5.40405E+15,1
3.94013E+16,1.63172E+16,2.59113E+15,4.13854E+15,3.71967E+16,4.87985E+15,1.77517E+16,6.36124E+15,3.478E+16,1
6.91683E+15,2.1086E+16,2.92636E+16,6.01161E+15,2.52231E+16,3.92364E+15,1.28922E+16,770797800059377,4.59862E+15,1
9.14656E+15,2.26093E+16,6.78748E+15,9.24176E+15,3.19026E+16,4.59569E+15,1.41105E+16,805711461864126,3.21088E+15,1
1.02684E+16,2.25074E+16,1.46944E+16,672284290895704,3.00764E+15,3.53631E+15,1.35538E+16,6.40129E+15,5.19986E+15,1
8.78767E+15,2.32463E+16,703513379657523,9.30645E+15,,4.15625E+16,1.20514E+16,,3.48995E+15,1
7.36877E+15,2.13197E+15,1.8452E+15,8.29244E+15,2.94345E+16,4.96271E+15,1.05451E+16,9.48377E+15,3.81388E+16,1
9.35272E+15,2.07465E+16,235585547458282,6.50492E+15,3.46517E+15,4.20595E+15,1.09867E+16,,3.39826E+16,1
9.39315E+15,2.15051E+16,2.05923E+16,1.00895E+15,331338738654354,4.47074E+15,1.07786E+16,544269683662254,4.66568E+15,1
7.29657E+15,1.97647E+16,2.25351E+16,9.2882E+15,3.23449E+15,3.53063E+15,6.03967E+15,8.25362E+15,467916864329843,1
890086469660199,2.11307E+15,9.59215E+15,8.86327E+15,3.48438E+15,3.33775E+16,1.8268E+15,6.83332E+15,4.51875E+15,1
8.10724E+15,2.28172E+16,1.83648E+15,6.18595E+15,2.46943E+16,3.69903E+16,1.46134E+16,1.01352E+16,4.68827E+15,1
7.80437E+15,2.16674E+16,1.41607E+15,6.06014E+15,2.81356E+15,4.68213E+15,1.51475E+16,6.28606E+15,4.07556E+15,1
4.66615E+15,1.71289E+16,3.56801E+16,4.89437E+16,3.14614E+16,5.01903E+15,1.42106E+16,5.69103E+16,455686375232757,1
1.09051E+16,2.07005E+15,1.60992E+16,8.18648E+15,3.69684E+16,5.75309E+15,1.75569E+16,8.07498E+15,37202643792172,1
4.73955E+15,1.62247E+16,2.72159E+15,2.86254E+15,3.72815E+15,4.37218E+16,1.51305E+15,650912914244809,2.94235E+15,1
9.86923E+15,2.23773E+15,2.95497E+15,7.71692E+15,2.81118E+16,3.56182E+15,1.42027E+16,8.40136E+15,4.73685E+15,1
,1.82582E+16,1.95755E+16,1.00484E+16,4.24689E+16,3.83491E+16,1.94829E+16,766347982494804,4.3292E+15,1
5.82754E+15,1.91005E+16,2.58633E+15,4.82383E+15,3.16026E+16,3.70357E+15,1.83619E+15,486581086223875,3.17913E+16,1
9.89912E+15,1.33217E+16,1.69229E+16,929328864439756,4.44376E+15,3.22291E+16,1.04301E+16,4.35785E+16,5.1606E+16,1
,2.35241E+16,1.04438E+16,7.60552E+15,,3.19843E+15,8.28655E+15,8.05404E+15,3.90051E+15,1
9.48583E+15,2.18738E+15,1.53578E+15,8.53446E+15,3.15831E+16,4.29622E+16,1.56211E+16,648260282011821,3.22113E+15,1
6.43572E+15,2.14725E+16,936385398761785,9.99762E+15,2.73463E+15,5.08345E+16,1.29259E+16,7.14286E+15,4.92534E+15,1
6.3655E+15,2.05057E+15,7.04074E+15,1.13028E+15,3.25329E+16,3.7158E+15,1.63529E+16,7.43126E+15,5.12542E+15,1
,2.02475E+16,2.38282E+16,5.53168E+15,4.09286E+15,4.14618E+16,1.37977E+16,5.95217E+15,5.26637E+15,1
5.45221E+15,1.99228E+16,1.44468E+16,7.68919E+15,2.98318E+15,4.69132E+15,1.40205E+16,9.53062E+15,5.19053E+15,1
,2.15967E+15,2.18524E+16,7.45751E+15,2.83756E+16,3.64701E+16,1.13832E+16,765388028414302,5.07636E+16,1
5.43347E+15,1.77828E+16,3.14217E+15,4.58413E+15,3.47097E+15,4.90285E+15,1.60664E+16,5.84167E+15,2.8712E+15,1
7.37478E+15,2.17699E+16,1.22859E+16,1.00382E+16,,3.58983E+16,1.62937E+16,9.37844E+15,35922647284429,1
,1.75709E+16,2.5954E+16,6.22932E+15,3.46225E+15,3.79291E+16,1.36369E+16,5.05908E+15,2.9514E+15,0
5.22694E+15,1.7732E+16,2.83986E+16,6.29452E+15,3.36293E+15,3.28387E+16,1.84631E+16,6.20759E+15,2.25955E+16,0
4.59421E+15,1.85633E+16,2.79811E+16,6.76168E+15,3.54785E+15,3.80723E+16,1.39838E+16,7.45769E+15,4.91791E+15,0
6.78413E+15,2.12442E+16,1.28276E+16,7.40364E+15,,3.28034E+15,1.08618E+15,8.9577E+15,503582284435287,0
6.40026E+15,1.72299E+15,1.59362E+16,4.936E+15,3.40393E+15,4.35406E+15,1.10756E+16,5.8366E+15,4.56149E+15,0
6.83942E+15,1.66867E+15,2.85086E+16,7.23883E+15,,4.60766E+15,1.13787E+16,7.34651E+15,2.85453E+15,0
6.90186E+15,1.64723E+16,2.04426E+15,5.16393E+15,3.41537E+16,4.68416E+15,1.03626E+16,6.56949E+15,4.04791E+15,0
,1.91555E+16,2.24621E+16,8.18626E+15,,3.49955E+16,1.72473E+16,7.67678E+15,5.2603E+15,0
7.88884E+15,2.28488E+16,1.58248E+16,838894421399903,3.14843E+15,4.23663E+16,1.76304E+16,56420210305518,3.63052E+16,0
5.52763E+15,2.18519E+16,2.20956E+16,6.43629E+15,,4.12868E+16,1.26401E+16,4.43286E+16,4.59114E+15,0
6.4924E+15,2.34915E+15,1.86072E+16,8.6207E+15,3.02131E+15,4.42104E+16,1.41168E+16,656367585787979,4.38339E+15,0
6.6847E+15,1.93841E+16,3.41572E+15,9.87657E+15,3.44535E+15,498063996249716,8.81876E+15,6.66594E+15,4.03066E+15,0
,1.96335E+16,2.41081E+16,7.84314E+15,3.52624E+16,42877061040859,1.02877E+16,7.34459E+15,5.03468E+15,0
6.22368E+15,2.38084E+16,2.24235E+16,9.33677E+15,,4.74665E+16,1.40278E+16,8.07743E+15,3.91958E+16,0
4.75865E+15,2.03538E+16,2.36031E+16,7.66713E+15,3.24084E+16,2.88912E+16,1.8065E+16,8.59167E+15,4.40551E+15,0
7.44083E+15,183362712601924,1.72599E+16,4.61024E+16,3.35626E+15,4.52995E+15,9.70091E+15,8.05371E+15,2.49634E+15,0
8.05489E+15,2.00943E+15,1.26421E+16,7.30982E+15,3.34442E+15,4.46748E+15,1.49491E+15,7.1202E+15,3.5141E+15,0
706183097218188,2.15946E+15,2.49918E+16,9.13839E+15,3.21473E+15,4.31425E+15,1.29504E+16,6.40256E+15,4.29902E+15,0
,2.14738E+16,1.2666E+16,7.09269E+15,3.02492E+15,3.19423E+15,1.54338E+15,9.26939E+15,5.00588E+15,0
7.61161E+15,2.22252E+16,2.50637E+16,8.56112E+15,2.87948E+15,5.05265E+15,182737569562791,6.83954E+15,2.87326E+15,0
4.69144E+16,2.00889E+16,3.21823E+16,8.57165E+15,3.64747E+15,5.16852E+15,1.24044E+16,8.50262E+15,2.73079E+15,0
8.06417E+15,2.09839E+16,871200258845446,8.59151E+15,3.55444E+16,3.38848E+15,1.87213E+16,1.06243E+16,3.24608E+15,0
4.29297E+15,2.12809E+16,3.04343E+16,8.63031E+15,3.33483E+16,3.82922E+15,1.57799E+16,3.97755E+16,2.80492E+16,0
7.86576E+15,184912917120698,1.6147E+16,7.32134E+15,,5.05913E+15,11092841670393,8.8049E+15,3.73862E+15,0
9.08564E+15,2.38222E+16,9.00166E+15,9.82023E+15,3.25105E+15,3.81347E+15,1.91957E+15,9.84908E+15,2.54402E+16,0
6.59244E+15,2.4248E+15,9.38124E+15,7.30318E+15,3.12814E+15,4.40601E+16,1.40273E+15,7.09299E+15,3.06083E+16,0
7.03282E+16,1.68822E+15,2.93703E+15,5.39059E+15,,5.21781E+15,2.11192E+15,5.88768E+15,3.63337E+15,0
8.99032E+15,1.95809E+16,2.37283E+16,7.50831E+15,3.48715E+16,5.5154E+15,1.52544E+16,759078693330705,4.49454E+15,0
8.56122E+15,2.05367E+16,1.66863E+16,8.1593E+15,,3.47841E+15,1.88931E+16,68089865465004,2.81389E+16,0
6.73916E+16,1.56483E+16,3.09507E+16,6.54309E+15,3.6318E+16,425288836697235,1.16535E+16,7.0367E+15,5.21448E+15,0
,2.09427E+15,2.0828E+16,6.59137E+16,3.13875E+15,5.67604E+15,1.79548E+15,4.01402E+16,4.23825E+15,0
6.49263E+15,2.13065E+16,3.43141E+15,904114608484344,3.35292E+16,3.13255E+15,1.11353E+16,7.08291E+15,3.37878E+16,0
6.75313E+15,1.91983E+15,1.82229E+16,3.92097E+16,2.96197E+15,3.89742E+16,9.68914E+15,9.22196E+15,5.10252E+15,0
5.03937E+15,1.42861E+15,4.08294E+16,727154271028571,,386803056636904,1.68238E+16,5.22971E+15,4.95742E+15,0
8.29634E+15,1.98197E+16,1.7469E+15,8.2629E+15,3.69591E+15,2.94325E+16,1.80261E+16,4.40616E+15,5.40081E+15,0
5.4556E+15,1.52387E+16,3.76202E+15,5.78358E+15,,3.43418E+15,1.44017E+16,4.11099E+16,4.47635E+16,0
7.91818E+16,2.24152E+16,2.00122E+16,9.00873E+15,302393605292741,4.2189E+16,2.21878E+16,7.27279E+15,4.76419E+16,0
5.01805E+15,1.94668E+16,2.73171E+15,6.15548E+15,,3.13478E+16,1.04075E+16,8.56853E+15,5.03515E+15,0
6.49544E+15,2.52011E+15,3.27756E+15,8.4793E+15,,330045051770925,9.85401E+15,8.05611E+15,3.39047E+16,0
,2.0305E+16,2.81849E+16,7.07663E+15,3.44524E+15,4.45701E+15,1.97754E+16,532701515784731,4.4561E+15,0
8.78317E+15,2.18033E+15,1.61836E+16,7.39047E+15,3.34054E+15,3.89022E+15,1.63545E+16,4.7101E+15,4.27414E+15,0
,1.84751E+16,2.84991E+15,6.55003E+15,3.3072E+16,3.81502E+16,1.10444E+16,6.20148E+15,3.40327E+15,0
8.15967E+15,2.15648E+16,1.70683E+15,8.76962E+15,3.19253E+15,4.59541E+16,1.41925E+16,6.03737E+16,2.95719E+16,0
7.6854E+15,2.30336E+16,7.3247E+15,7.99137E+15,3.31513E+15,4.9285E+15,1.4234E+16,740686581571863,4.17919E+15,0
776202074451675,1.73637E+16,1.55484E+16,5.01867E+15,3.30391E+16,5.20641E+15,1.11477E+16,8.74815E+15,3.2563E+16,0
7.20793E+15,2.0401E+16,1.84939E+16,5.55786E+15,3.11568E+15,4.37512E+16,1.29946E+15,3.13905E+15,4.70556E+15,0
698704150028991,1.69727E+15,1.94726E+16,5.0177E+15,3.66019E+16,4.25671E+15,1.73147E+15,488821984337697,4.47516E+15,0
469219656349297,2.21548E+16,2.42116E+15,9.36325E+15,3.07714E+16,4.06552E+16,126182517815746,6.00031E+16,4.00901E+15,0
,2.19726E+15,9.84078E+15,851365460907883,3.09839E+16,3.96806E+16,1.24288E+16,7.16255E+15,3.18344E+16,0
4.05943E+15,2.00383E+16,2.577E+15,834212976694786,,414157826023051,1.10848E+16,,4.33032E+15,0
8.38995E+15,2.13666E+16,1.76747E+16,834881476124955,,4.7137E+16,1.93012E+16,7.08295E+15,3.56972E+16,0
1.06955E+16,2.20451E+16,1.05718E+16,6.52142E+15,2.95976E+15,4.14256E+15,1.47748E+16,5.87359E+16,4.15485E+15,0
6.7917E+15,1.75894E+16,2.1468E+16,7.10122E+15,3.49492E+16,4.2724E+15,1.2557E+16,5.52539E+15,2.81739E+15,0
9.95395E+15,2.32949E+16,3.77328E+16,997984962210093,,3.39883E+16,1.83436E+16,8.2449E+15,4.05291E+15,0
,218986406241385,9.8364E+15,7.06467E+15,3.28724E+16,3.86345E+16,1.5548E+16,5.73281E+15,3.83726E+15,0
4.48978E+15,1.88252E+15,1.4906E+16,8.48603E+15,3.74227E+15,5.18585E+15,1.12266E+15,6.51828E+15,3.77623E+16,0
8.02087E+15,1.75874E+15,2.17594E+16,7.48728E+15,3.52983E+16,4.28661E+16,4.96686E+15,7.23052E+15,3.44212E+16,0
5.09004E+16,1.74266E+16,3.40941E+15,6.74191E+15,3.76664E+15,5.26361E+15,1.71076E+16,485462574960863,4.83886E+15,0
6.46687E+15,2.14337E+16,1.48481E+15,7.05494E+15,3.04573E+16,3.04956E+15,1.21808E+16,,3.40817E+16,0
6.7025E+15,2.08554E+16,2.90572E+15,7.02949E+15,3.02745E+15,361947758191616,1.06146E+15,5.38797E+15,4.26795E+15,0
5.7662E+15,1.79573E+16,2.77001E+16,6.19894E+15,,5.36269E+15,1.28281E+16,9.00068E+15,4.47202E+15,0
6.5711E+15,2.07741E+16,2.33729E+16,6.2802E+15,3.13847E+15,4.97902E+16,1.28748E+15,7.54167E+15,4.55595E+15,0
8.50922E+15,2.00304E+16,1.05873E+16,6.39255E+15,3.07399E+16,5.85223E+15,1.1799E+16,6.38276E+15,2.51989E+16,0
5.95398E+15,1.86457E+16,3.22411E+16,8.43968E+15,3.47713E+16,4.16091E+16,1.46389E+16,6.89078E+15,4.07192E+15,0
5.4032E+15,1.85644E+16,2.75099E+15,8.25759E+15,,5.87379E+15,1.0024E+16,6.33975E+16,3.87146E+15,0
5.59693E+15,1.62725E+15,2.39304E+16,7.45656E+15,,5.3534E+15,1.91747E+16,5.49663E+16,3.50676E+15,0
1.06329E+16,1.98378E+16,1.29587E+15,7.1355E+15,3.22623E+15,5.22028E+15,1.67222E+15,7.1776E+15,372245485080585,0
491681922881674,1.62457E+16,2.28291E+16,4.02446E+15,3.6059E+15,5.41772E+15,1.15801E+16,,3.8367E+16,0
7.1831E+16,2.00368E+16,1.35017E+16,7.9821E+15,3.58332E+16,6.17541E+15,1.11765E+16,7.15368E+15,3.80654E+16,0
5.92344E+15,1.67659E+16,2.59516E+16,6.2961E+15,3.50382E+16,4.71858E+16,1.57705E+16,5.33218E+15,4.10736E+15,0
7.37704E+15,1.75008E+16,1.5341E+16,6.14484E+15,3.71011E+16,5.79462E+15,1.19157E+16,781791708384043,4.53166E+15,0
7.8335E+15,2.20957E+16,2.8339E+15,9.37085E+15,3.16274E+15,4.62142E+16,1.5333E+16,5.70335E+15,5.58083E+16,0
4.74576E+15,1.86303E+15,3.31538E+15,8.84047E+15,3.70168E+15,2.96964E+16,1.47843E+16,4.84514E+15,3.69915E+16,0
9.05583E+15,1.96476E+16,2.02263E+16,5.83859E+15,2.98804E+16,3.42359E+16,1.28136E+16,8.42792E+15,5.45691E+15,0
5.49216E+15,1.76271E+16,2.64221E+16,8.07293E+15,3.66645E+16,5.00939E+15,7.6098E+15,5.93968E+15,3.29413E+15,0
4.48752E+15,1.99051E+16,3.68605E+16,9.75156E+15,338049427529092,3.90567E+15,8.12347E+15,75668784523371,2.76572E+16,0
7.02719E+15,1.85321E+16,3.0989E+15,8.60048E+15,3.27463E+16,3.26269E+15,998201022863941,5.27166E+15,5.35304E+15,0
1.02006E+16,1.82081E+16,8.0162E+15,5.5675E+16,3.37782E+16,2.916E+16,1.34699E+16,5.05674E+16,5.17472E+15,0
6.78428E+15,1.40367E+16,1.75696E+15,4.08493E+15,,3.74182E+16,1.06342E+16,9.70871E+15,4.04555E+15,0
808041524398239,1.66892E+16,1.81361E+16,6.86755E+15,,6.00937E+15,1.63078E+15,5.55861E+16,4.07082E+15,0
,1.91348E+15,1.40174E+16,6.4907E+15,3.4556E+15,4.23978E+15,1.18632E+16,6.57917E+15,4.16734E+15,0
7.34498E+15,1.82307E+16,5.6898E+15,6.76435E+15,3.73873E+16,3.60184E+15,2048390229703,7.3489E+15,3.41876E+16,0
5.92374E+15,200561212598199,3.3306E+15,7.43004E+15,,3.99948E+15,1.37979E+16,6.34634E+15,3.88446E+16,0
8.2854E+15,1.96552E+16,1.90968E+15,7.35786E+16,3.42937E+15,3.88941E+16,1.41515E+16,7.3187E+15,5.43849E+15,0
594951876406115,1.60443E+16,1.68988E+16,6.04591E+15,3.67329E+15,4.51013E+16,1.636E+16,6.23682E+15,4.0722E+15,0
,1.92202E+16,3.41609E+15,8.96316E+15,3.63473E+15,4.74782E+15,1.59053E+16,5.08078E+15,2.99834E+16,0
,2.15997E+16,3.5971E+15,1.00305E+15,3.30859E+16,558108549013308,1.43378E+16,8.17698E+15,2.93414E+16,0
5.29658E+15,2.20081E+15,3.95371E+15,9.23277E+15,3.22434E+16,3.93389E+16,1.05833E+16,5.88015E+15,3.91847E+16,0
1.02821E+16,1.98546E+15,8.1083E+15,5.54841E+15,3.32018E+15,5.68079E+15,1.56617E+16,2.87706E+15,4.57292E+16,0
701683611325458,1.67362E+16,1.8015E+15,5.90306E+15,362523415862375,4.71484E+16,1.06926E+16,4.5002E+16,4.1014E+15,0
6.87161E+15,1.97517E+16,1.9558E+15,831134872749755,3.55087E+15,3.79508E+16,1.82407E+16,656942303934959,4.18039E+15,0
,2.14172E+16,8.98591E+15,7.29797E+16,,4.98804E+15,9.58332E+15,3.76165E+15,5.50475E+15,0
8.27407E+15,1.95803E+15,1.80912E+15,742210444660359,3.65407E+15,3.69198E+16,1.69963E+16,,2.57542E+16,0
8.23888E+15,1.98213E+15,1.14513E+16,5.30899E+16,3.09329E+15,4.01064E+15,1.32433E+16,8.11977E+15,2.78471E+15,0
5.79115E+15,1.90432E+16,2.02882E+16,6.29837E+15,3.47041E+16,5.44857E+15,1.77068E+15,843881914284642,4.10483E+15,0
6.15337E+15,2.3714E+16,2.2052E+15,8.09049E+15,3.06239E+16,4.85098E+15,1.70753E+15,5.81083E+15,4.03034E+15,0
7.30305E+15,1.96953E+16,2.2053E+15,5.39269E+15,3.05222E+15,4.51606E+16,1.46656E+15,7.17108E+15,4.14487E+15,0
7.59267E+15,1.77081E+16,1.49122E+15,6.04114E+15,3.49241E+16,3.55284E+16,1.7162E+16,4.21153E+16,3.34143E+16,0
6.78412E+16,1.89608E+16,1.27369E+15,5.93577E+15,,4.80309E+16,206064086396986,7.66215E+15,4.07219E+15,0
5.60686E+15,2.11513E+16,3.24235E+16,6.81294E+15,,4.46386E+16,2.0927E+16,5.2219E+16,4.07097E+15,0
,2.23443E+15,3.62907E+15,9.38001E+15,3.33445E+15,3.7392E+15,1.65205E+16,6.46967E+15,3.81778E+16,0
4.92205E+15,1.97287E+16,3.84947E+15,9.14495E+15,383239138292495,3.57471E+15,1.31259E+15,6.18646E+16,2.29169E+15,0
5.70078E+15,1.85922E+15,2.73651E+15,7.5631E+15,,3.59507E+16,1.50894E+16,5.64634E+15,3.97814E+15,0
,2.15578E+16,2.53386E+15,5.78719E+15,2.6611E+15,4.2935E+16,1.18545E+16,711653521626358,3.134E+16,0
1.06781E+16,1.68696E+15,7.06638E+16,4.86609E+15,,3.27659E+15,1.62967E+16,4.66725E+15,4.30826E+15,0
7.60212E+16,1.99353E+16,1.13461E+16,6.90038E+15,3.04966E+15,2.10319E+16,1.79258E+16,6.28467E+16,3.69887E+16,0
884628195691071,1.88415E+16,1.77349E+16,6.05787E+15,3.17151E+15,4.19396E+15,1.71154E+16,6.02516E+15,2.92504E+16,0
6.7517E+15,2.034E+16,2.63258E+16,8.36547E+15,3.41896E+16,3.8144E+15,1.95273E+16,5.82939E+16,3.75601E+16,0
,1.48103E+15,1.35979E+16,5.73315E+15,3.74018E+15,3.57711E+16,1.32789E+16,7.26955E+15,3.61959E+16,0
,2.0208E+15,1.25191E+16,762752384206607,,3.99883E+16,1.27482E+16,,443921523990166,0
5.08821E+15,1.59963E+16,3.91252E+15,6.05562E+15,3.75619E+15,4.00155E+15,2.01896E+16,6.86887E+15,2.60062E+16,0
6.95491E+16,1.59766E+15,2.18953E+16,4.4939E+15,3.37267E+16,4.82598E+16,106634916314066,7.87636E+15,3.16971E+15,0
8.98381E+15,2.04649E+15,1.51587E+16,8.64588E+15,,4.16899E+16,1.46188E+15,6.89029E+15,2.44567E+16,0
9.51966E+15,2.04081E+16,1.72582E+16,6.15407E+15,3.10716E+16,3.95699E+15,1.70614E+16,4.42734E+15,399455613628636,0
4.70039E+15,1.95353E+16,3.52165E+16,7.91908E+16,3.35279E+16,5.39465E+15,9.85278E+15,6.47213E+15,3.48194E+15,0
1.03861E+16,2.00891E+16,1.79824E+15,5.8455E+15,3.38999E+15,3.3628E+16,1.43194E+15,6.21567E+15,49213406247862,0
5.74653E+15,1.83472E+16,3.56333E+16,6.06639E+15,3.27558E+15,3.54174E+15,1.25489E+16,7.0526E+15,3.80837E+15,0
,1.9297E+15,1.11254E+16,4.95492E+16,3.24758E+16,3.32956E+16,1.51646E+16,7.92646E+15,4.69912E+15,0
,2.48955E+16,2.52531E+16,8.92173E+15,2.96821E+15,4.82847E+16,1.41423E+15,6.9104E+15,3.94107E+16,0
1.08113E+16,2.09103E+16,1.18482E+15,1.01411E+16,3.49923E+16,3.93186E+16,1.54749E+16,6.60303E+15,4.41618E+15,0
8.96684E+15,2.28691E+16,1.67649E+15,7.13787E+15,3.20556E+16,4.56426E+15,1.26E+15,7.73301E+15,3.65435E+16,0
,2.1245E+16,5.6995E+15,664783993415416,3.33052E+15,2.69345E+15,1.80825E+16,898160574511311,227639196018481,0
6.84881E+15,2.04813E+16,205555595722516,9.775E+15,3.87686E+16,3.89638E+16,1.22988E+16,4.9452E+15,3.13004E+16,0
8.8617E+15,2.00612E+16,1.52471E+16,6.05023E+15,3.13127E+16,5.21774E+15,1.37804E+16,6.98705E+15,3.57911E+16,0
4.25299E+15,1.49939E+16,2.04978E+15,3.27114E+16,3.0282E+16,427113755709961,1.60869E+16,6.82009E+15,358830042034225,0
6.72983E+15,2.29408E+16,2.3114E+15,9.73336E+15,3.2116E+16,5.21836E+15,1.31404E+16,6.82521E+15,4.72432E+15,0
5.92454E+15,1.8662E+16,4.43762E+15,6.61418E+15,3.41638E+15,2.73447E+16,1.27581E+16,5.94567E+15,4.22434E+15,0
6.78389E+15,1.93654E+16,1.36771E+15,5.17145E+15,3.23729E+15,4.77855E+16,1.50561E+16,,3.25002E+16,0
7.3909E+15,2.19336E+16,2.55741E+15,8.76043E+15,,5.53058E+15,1.77304E+15,6.05984E+15,432513164451923,0
6.47015E+15,1.76736E+16,3.05943E+15,439313814981189,3.24659E+16,5.2491E+15,1.66142E+16,8.42997E+15,3.12539E+16,0
6.93039E+15,1.90189E+16,2.57801E+16,6.25935E+15,3.3103E+16,4.81738E+15,1.40495E+15,705863604845371,3.6998E+16,0
9.30244E+15,2.36581E+15,5.23063E+15,830040216841763,,3.67898E+16,1.2864E+15,1.81012E+16,3.67599E+16,0
7.422E+16,2.20385E+16,1.57727E+15,9.15762E+15,3.19913E+16,4.63297E+16,1.69817E+15,8.02694E+15,3.60361E+16,0
6.58306E+15,1.63362E+16,1.79777E+15,6.54209E+15,,3.83125E+16,1.80945E+16,4.41365E+16,3.77286E+16,0
6.20443E+15,2.11641E+16,3.54397E+16,6.23684E+15,3.14131E+16,5.52463E+15,8.66087E+15,5.63501E+15,4.10681E+15,0
9.06663E+15,2.03384E+15,2.27105E+16,5.96284E+15,321585935583121,4.96161E+16,1.83676E+16,7.64165E+15,4.05542E+15,0
4.71312E+15,2.09342E+16,2.00706E+15,6.59111E+15,3.01966E+15,3.5417E+16,1.40238E+16,8.96508E+15,3.92336E+15,0
1.05814E+16,2.13776E+15,1.12985E+16,7.6689E+15,3.00185E+15,4.97169E+16,1.79713E+15,8.33453E+15,2.96695E+15,0
7.57426E+16,2.27985E+15,8.67253E+15,733536186356088,,4.3368E+15,1.12389E+16,5.48659E+15,36867589826723,0
6.13879E+15,1.58422E+15,2.013E+16,6.81214E+15,3.5223E+15,3.73844E+15,1.34178E+16,8.07311E+15,4.67729E+15,0
5.27632E+15,1.86383E+16,4.20639E+15,6.86299E+15,3.19838E+15,3.12003E+15,189644180949158,7.1399E+15,3.88303E+15,0
6.77688E+15,1.89439E+16,1.96638E+16,8.3864E+15,3.75457E+15,4.20357E+15,1.48316E+16,6.10504E+16,3.32207E+15,0
7.23942E+16,2.11873E+16,1.39118E+16,8.20407E+15,3.45044E+16,4.94417E+15,1.54165E+16,3.27456E+15,4.53183E+15,0
6.55228E+15,1.90548E+16,1.53625E+16,6.9286E+15,3.56318E+16,3.53064E+16,1.48962E+16,,3.44339E+15,0
840876623110244,2.10795E+15,276623971005681,6.63421E+16,2.91688E+15,5.55581E+15,1.23448E+16,670618235577468,2.37279E+15,0
7.9864E+15,2.02094E+16,2.04475E+15,5.68952E+15,,477668835803867,1.22584E+16,4.38417E+16,4.81478E+15,0
7.36692E+16,1.85044E+15,1.41518E+16,5.58437E+15,3.2457E+15,3.36957E+15,1.52338E+16,4.9997E+15,3.05132E+15,0
6.06274E+15,2.24841E+16,2.58426E+16,946339068688187,,3.85392E+15,1.30747E+16,8.53512E+15,4.36945E+15,0
7.85647E+15,2.04783E+16,5.61914E+15,5.8167E+15,3.43545E+15,4.32043E+15,1.49477E+16,5.59616E+15,4.53468E+15,0
5.1584E+15,1.89296E+16,3.50864E+15,6.73612E+16,3.40872E+16,3.31587E+15,1.29098E+16,6.13447E+15,4.64585E+15,0
,1.97571E+16,1.74394E+16,6.22649E+15,,4.06015E+15,1.66903E+16,6.8969E+15,3.45832E+16,0
639908051004593,2.30028E+15,2.30371E+16,1.05178E+16,3.16073E+15,4.52974E+15,1.36255E+16,,2.62054E+16,0
7.39426E+15,2.07963E+16,2.99178E+16,7.81629E+15,,3.92497E+15,1.31734E+16,7.97804E+15,426319277247499,0
4.44385E+15,2.40168E+15,2.40703E+16,9.76841E+15,3.38052E+15,5.33969E+15,1.18776E+16,690365227600328,5.03812E+15,0
8.24715E+15,1.75912E+15,9.91396E+15,497450612352311,3.24433E+15,3.022E+15,1.10705E+16,7.14382E+15,3.94197E+15,0
4.90216E+15,2.14644E+16,2.82788E+16,9.91565E+15,3.37138E+16,3.75036E+15,1.55031E+15,6.1591E+15,3.49905E+16,0
686313624993993,1.94587E+16,2.36105E+16,8.19342E+15,3.46768E+15,4.3923E+15,1.46597E+16,8.90272E+15,4.31978E+15,0
6.66953E+16,190751164895691,1.62462E+16,6.37298E+15,3.24342E+16,3.83246E+15,7.85209E+15,8.64406E+15,1.96486E+16,0
7.59567E+15,2.07115E+16,1.34861E+16,6.19266E+15,3.2821E+15,4.52446E+15,1.48106E+16,8.80204E+15,3.40339E+15,0
816307638255827,1.83162E+16,2.03357E+16,6.02856E+15,3.33084E+16,4.75296E+16,1.82481E+16,4.96048E+16,3.28724E+15,0
8.87028E+15,1.9337E+16,1.68541E+16,5.18011E+15,3.18355E+15,3.55471E+16,1.90322E+16,5.88092E+16,418274066496293,0
8.76968E+15,2.15369E+15,1.39694E+16,7.54854E+15,3.22799E+16,3.69017E+15,1.89192E+15,5.47552E+15,3.77672E+16,0
4.73739E+15,2.1553E+16,3.06842E+16,8.7819E+15,,3.13514E+16,1.10703E+16,629144208045654,3.85339E+16,0
7.79087E+15,1.96479E+16,2.40613E+16,6.78569E+15,3.50117E+16,4.71519E+15,1.53433E+16,445446270683158,3.07621E+15,0
,2.3841E+15,2.64931E+15,8.66994E+15,3.11554E+16,3.69284E+15,1.17599E+16,912392992027705,3.24127E+16,0
6.08731E+15,2.14556E+16,1.16283E+16,7.23193E+15,,3.44072E+15,1.32323E+16,9.86866E+15,3.66667E+15,0
76512942259202,2.00717E+15,1.16991E+16,6.64827E+15,3.49255E+16,4.20828E+16,1.88638E+16,5.29089E+15,3.25804E+16,0
4.77149E+15,2.00374E+16,4.80021E+15,916523914539234,3.4031E+16,3.10928E+15,1.87683E+15,6.36642E+15,3.93697E+15,0
,1.90631E+16,2.69134E+16,4.64917E+15,3.02418E+16,5.09285E+15,1.61989E+16,6.4102E+15,3.45282E+16,0
539205760659185,1.98017E+16,1.99004E+16,7.84323E+15,3.48952E+16,4.19814E+16,146165091801181,8.05683E+15,2.97893E+15,0
5.47728E+15,1.65436E+16,2.90461E+16,5.52301E+15,3.70893E+15,4.88775E+15,1.72652E+16,8.02348E+15,6.35744E+16,0
6.36416E+15,1.93507E+15,229580099928107,66746350686624,,4.32194E+15,1.62718E+15,6.45769E+15,4.76441E+15,0
,2.26766E+16,3.9943E+15,8.59471E+15,,5.38622E+15,1.37447E+15,,4.86338E+15,0
8.34795E+15,2.31203E+16,1.35332E+16,7.6236E+15,3.13671E+15,5.27381E+15,1.86639E+16,5.80529E+15,4.21786E+15,0
6.61598E+15,1.94981E+16,2.09191E+16,6.13637E+16,,3.83122E+15,968437637766965,4.13378E+16,4.63571E+16,0
8.31238E+15,2.03745E+15,8.72725E+15,7.4563E+16,,543392988344829,1.54704E+15,8.15087E+15,2.98809E+15,0
6.83622E+15,1.66743E+16,2.42932E+16,6.86124E+15,3.32882E+15,3.90805E+15,1.6007E+15,8.71019E+15,3.66661E+15,0
6.38547E+15,2.31488E+16,2.67569E+15,8.77436E+15,,4.22068E+15,1.65631E+16,7.32606E+15,4.68172E+15,0
6.49004E+15,2.05542E+16,1.93973E+16,7.89424E+15,3.68561E+15,4.79786E+15,1.58051E+15,5.6982E+15,2.43088E+15,0
,2.36357E+16,2.48736E+16,9.41066E+15,3.00688E+16,4.79056E+15,1.35219E+16,4.65989E+16,5.28423E+15,0
664884918609138,1.81688E+15,3.07335E+15,596127222367226,3.43925E+16,2.57704E+15,1.77584E+15,3.52962E+16,4.82753E+15,0
,210979746804659,2.11744E+15,7.61888E+15,,572743407158898,1.51108E+16,9.02525E+15,4.21755E+15,0
9.32358E+15,2.12711E+16,1.57512E+16,5.50107E+15,2.96849E+15,3.99774E+15,1.06223E+15,7.45543E+15,3.00665E+15,0
458196872788087,1.86098E+15,3.38971E+15,6.3584E+16,3.16553E+16,4.06382E+15,1.96998E+15,623233034807969,4.50021E+15,0
7.88484E+15,2.29243E+16,2.17338E+16,7.90308E+15,3.1519E+15,3.68771E+16,1.16354E+16,4.98043E+15,4.63164E+15,0
6.16884E+15,2.38301E+16,2.48275E+16,7.72001E+16,2.6949E+16,4.82673E+15,2.2092E+16,7.91693E+15,4.43576E+15,0
7.23085E+15,1.77575E+16,1.78647E+16,5.81823E+15,3.43593E+15,367689991785902,1.9913E+16,5.93031E+15,5.62202E+15,0
,2.35005E+16,3.90091E+16,6.93873E+15,2.86765E+15,5.53494E+15,1.9418E+16,8.48477E+15,4.07134E+15,0
8.6931E+15,1.84773E+16,1.32838E+15,6.52181E+15,3.48555E+16,5.60966E+15,1.39783E+16,7.17338E+15,2.89822E+16,0
,1.94806E+16,3.29812E+15,9.55479E+15,,2.86794E+16,1.04159E+16,7.19051E+15,3.23168E+16,0
479746018165997,1.90315E+15,2.12802E+16,6.1885E+15,3.26794E+15,3.57436E+15,1.17138E+16,6.38631E+15,4.0385E+15,0
9.31918E+15,1.99334E+16,1.42942E+16,7.78494E+15,3.66052E+15,3.38441E+16,1.52153E+16,6.33915E+15,4.12923E+15,0
758168757744945,1.80749E+16,119892462425416,4.97731E+15,3.28177E+16,6.17884E+15,1.35613E+15,3.92159E+15,4.45728E+15,0
5.34821E+15,2.32669E+16,1.17979E+16,7.81628E+15,3.12987E+16,3.71911E+16,1.19757E+16,6.5797E+15,3.31117E+16,0
5.48788E+15,1.79207E+16,2.0162E+16,5.21143E+15,3.05264E+15,5.10609E+15,1.25885E+16,5.88616E+15,4.22358E+15,0
,2.06578E+16,4.07105E+16,88136660894912,3.20449E+15,4.68052E+16,1.45235E+15,7.14504E+15,5.48613E+15,0
831595907145097,2.2127E+15,1.61233E+16,947580112878229,3.48177E+15,5.01674E+15,2.21597E+16,7.5365E+15,2.76021E+16,0
855107774771961,2.16416E+16,2.89093E+16,6.93678E+15,2.95224E+15,5.10895E+16,162023714425128,7.98593E+15,4.04638E+15,0
6.01316E+15,2.18843E+16,2.15737E+16,929585200073896,3.21168E+15,4.44277E+15,1.47443E+16,6.24432E+15,3.45562E+15,0
5.74407E+15,1.73851E+16,2.8392E+15,7.01733E+15,3.55462E+16,3.36062E+16,1.68952E+16,6.54474E+15,3.17166E+16,0
5.21899E+15,1.64791E+16,270078869057916,6.59252E+15,,4.22224E+16,1.40709E+16,7.39203E+15,4.38394E+15,0
,2.4043E+16,2.59596E+16,1.05716E+16,,4.46743E+15,1.35735E+16,802683717898251,3.35835E+16,0
7.45871E+16,2.07787E+15,105132967812211,8.92063E+15,,4.42368E+16,1.87253E+16,4.38981E+15,2.93808E+16,0
1.10279E+16,2.28323E+16,1.31241E+16,7.51664E+16,3.19354E+15,3.76232E+15,8.03386E+15,4.8529E+16,4.1789E+15,0
6.72958E+15,2.42164E+16,1.79756E+15,9.80865E+15,3.22235E+15,4.40859E+16,1.35712E+15,6.21795E+15,4.00346E+15,0
4.15021E+15,1.74927E+16,4.14896E+16,5.56987E+16,,4.2525E+15,1.2534E+16,8.66836E+15,3.50237E+15,0
7.1594E+15,171816105324697,2.89548E+16,5.81709E+15,3.57329E+15,5.30526E+15,1.8117E+15,7.90944E+15,3.25493E+15,0
,2.35417E+16,1.3927E+16,855144684504605,,4.46422E+16,1.4135E+16,517052148914131,3.66265E+15,0
6.2097E+15,1.69319E+15,2.26108E+16,487541388108418,3.2738E+15,5.49277E+15,1.70151E+15,5.15055E+16,3.89377E+15,0
,1.78778E+16,1.04908E+16,753304200193721,3.54058E+16,3.67759E+16,1.4669E+15,5.74015E+16,4.12641E+15,0
9.60853E+15,2.3134E+16,4.54484E+15,6.57783E+16,3.00922E+16,3.28904E+16,1.17896E+16,7.85682E+15,3.0428E+16,0
5.3759E+15,1.53713E+16,5.68679E+16,7.89409E+15,,4.93888E+16,1.5116E+16,5.7713E+15,4.17422E+15,0
8.69712E+15,1.66453E+16,2.7752E+16,5.35092E+15,3.72264E+15,3.93556E+16,1.37487E+16,750245446082447,4.18057E+15,0
7.74893E+15,1.98843E+15,1.89399E+15,7.37588E+16,3.1682E+15,3.68403E+15,9.98403E+15,6.52516E+15,3.13695E+16,0
7.11792E+15,2.16116E+16,2.00676E+16,9.60565E+15,3.49085E+15,3.31972E+16,1.75391E+16,8.40329E+15,4.21357E+15,0
831002902004885,2.12698E+16,4.09362E+16,7.70337E+15,3.01254E+15,3.65431E+16,1.29719E+15,7.04853E+15,4.77578E+15,0
5.5243E+16,1.57142E+16,2.62202E+16,6.34459E+15,379788376466985,4.75342E+16,1.69032E+16,5.11066E+15,4.03339E+16,0
1.02014E+16,1.90799E+16,8.91889E+15,48998748098928,3.06495E+15,3.31379E+15,1.85254E+16,6.85474E+15,3.96445E+15,0
5.36813E+16,1.90938E+15,3.26193E+16,8.09884E+15,3.51358E+15,4.35666E+15,1.19836E+16,1.07901E+15,2.00414E+16,0
8.9378E+15,1.47917E+15,1.05625E+15,3.69427E+15,371176313238755,4.8032E+16,1.69808E+16,6.1158E+16,2.83123E+15,0
812420782636168,2.0751E+16,2.64891E+16,854083737580695,3.1806E+15,4.31626E+16,1.00756E+15,6.39842E+15,472445657765958,0
7.18497E+15,2.01079E+16,2.52344E+16,521668448428477,2.83745E+15,3.84012E+15,1.24275E+16,2.31366E+16,3.66541E+15,0
549948928649166,2.30309E+16,1.3903E+16,9.61957E+15,3.52084E+16,4.42167E+15,1.47408E+16,,5.84683E+16,0
,2.56673E+15,8.9048E+15,9.71138E+15,2.93111E+15,3.24998E+16,1.68484E+16,7.26877E+15,3.37168E+15,0
5.31977E+15,2.04202E+16,2.23908E+16,8.05356E+15,3.15028E+16,3.99119E+16,1.39741E+15,8.3158E+15,2.92573E+16,0
6.36911E+15,2.35341E+16,3.44568E+15,9.17094E+15,2.95351E+15,3.57417E+15,921326753890105,5.92803E+16,2.2759E+16,0
6.73349E+15,1.97563E+15,2.74304E+16,6.03509E+15,3.03938E+15,3.97685E+15,1.9394E+16,5.45107E+16,3.178E+15,0
6.88302E+15,2.10502E+15,1.42984E+16,7.24368E+15,3.16754E+16,570424258610733,1.59583E+16,7.06158E+15,4.10229E+15,0
8.01352E+15,2.25156E+16,2.03757E+16,7.8374E+16,3.08595E+15,3.82014E+15,1.2666E+16,7.87671E+15,4.4449E+16,0
827205509125987,2.04225E+16,2.41965E+16,844840522471032,3.3289E+15,5.00685E+16,1.51574E+16,7.10227E+15,5.14021E+15,0
8.74699E+15,1.48394E+16,2.21748E+16,5.45917E+15,3.6937E+16,4.07381E+15,1.58921E+16,7.2164E+15,4.76373E+16,0
8.15484E+15,2.02317E+16,2.56208E+16,7.65167E+15,3.67224E+15,5.9787E+15,1.18028E+16,7.23848E+15,3.69633E+15,0
9.04572E+15,2.22184E+16,2.28291E+16,7.60983E+15,2.93062E+16,5.58748E+15,1.53576E+15,4.45553E+15,4.2137E+15,0
8.92241E+15,2.07521E+16,1.32919E+15,8.56054E+15,3.57944E+15,4.68538E+15,1.56927E+16,1.07282E+15,4.08173E+15,0
596130157218858,1.82109E+16,2.39261E+16,6.18879E+16,3.64975E+16,5.67526E+15,7.79164E+15,5.81748E+16,491958504678586,0
,2.05439E+16,2.01139E+16,7.24837E+15,3.1728E+15,5.58954E+15,2.39525E+16,6.82422E+15,3.65186E+15,0
8.18441E+15,1.66637E+16,1.79449E+16,4.03896E+15,3.31954E+16,3.63236E+16,1.25358E+15,5.63106E+16,4.59908E+16,0
7.63645E+15,2.38936E+16,1.81363E+15,1.10865E+16,3.51559E+15,5.14964E+15,8.63746E+15,5.56035E+15,3.33291E+16,0
7.77539E+16,1.93077E+16,1.57045E+16,7.8812E+16,3.24336E+16,3.01753E+16,1.33782E+16,8.9052E+15,3.30947E+16,0
7.61715E+15,1.96607E+16,2.70803E+16,73827548827212,3.4518E+16,3.29017E+15,8.54728E+15,601447024187457,2.39154E+16,0
6.66493E+15,2.1877E+15,1.64774E+16,7.325E+15,2.99847E+15,4.12309E+16,1.71927E+16,4.10358E+15,4.50214E+16,0
,1.82162E+16,3.06468E+16,6.32516E+15,2.94966E+16,4.0412E+16,1.47123E+16,1.06372E+15,3.85577E+15,0
881535795265852,2.08331E+16,2.67807E+16,7.22396E+15,3.2912E+15,4.30407E+15,7.15175E+15,8.84133E+15,2.87588E+15,0
7.76564E+15,1.73186E+16,1.37363E+16,6.9841E+15,3.59814E+15,3.55998E+16,1.15151E+16,3.95505E+16,3.21445E+15,0
6.22515E+15,1.69741E+16,2.95336E+16,5.57492E+15,,3.80115E+15,1.75955E+15,755190590415527,2.77082E+15,0
,2.2372E+16,1.58937E+15,8.28919E+15,3.03851E+15,3.60468E+15,1.52343E+16,4.81956E+15,4.15793E+15,0
8.56704E+15,1.60218E+16,2.36831E+16,4.28693E+15,3.60286E+16,4.90513E+16,9.02717E+15,6.74762E+15,2.80493E+16,0
6.99419E+15,2.16665E+16,2.30274E+16,979632989498925,3.82153E+16,369468072066889,1.89673E+16,5.96515E+15,4.3989E+15,0
3.34459E+16,1.5648E+15,5.53347E+15,8.5301E+15,3.71148E+15,4.85631E+16,1.69806E+16,696224900678997,257514103097745,0
,1.98655E+15,2.00635E+15,9.53998E+15,3.44619E+16,4.12979E+15,9.76708E+15,4.3142E+15,4.56542E+15,0
,1.92254E+16,2.17626E+16,7.25964E+15,3.3165E+15,3.97263E+15,1.82612E+16,4.59816E+16,4.3448E+15,1
7.77447E+15,2.16753E+16,2.23164E+16,7.94753E+16,3.85043E+16,288068577690003,1.41367E+16,6.88619E+15,3.8911E+16,1
,1.72731E+16,2.88945E+16,4.25092E+16,2.44285E+16,5.59629E+15,2.13408E+16,5.12747E+15,2.95975E+15,1
7.20344E+16,1.68445E+15,2.28265E+16,6.28325E+15,27189204467895,4.37371E+15,1.64107E+16,645059225796531,6.38916E+15,1
6.15049E+15,2.40888E+16,6.3425E+15,9.6099E+15,4.21343E+16,3.54393E+15,1.23404E+16,8.32387E+15,3.55166E+15,1
,2.25959E+16,9.66066E+15,8.82765E+15,3.97924E+15,3.15751E+15,1.67166E+15,1.70007E+16,3.95929E+16,1
6.76752E+15,2.03751E+16,2.11627E+15,5.23275E+15,2.51062E+16,33490537583271,1.32143E+15,7.9863E+15,3.30025E+16,1
8.03743E+15,1.48415E+16,4.84105E+16,4.75588E+15,2.68212E+16,3.92901E+15,1.24666E+16,,2.50624E+16,1
8.17717E+15,2.10449E+16,186261493120285,7.27167E+16,,4.55927E+16,1.42479E+16,859304283912371,3.32564E+15,1
6.7448E+15,2.04084E+16,2.02157E+16,6.12525E+15,3.04528E+15,5.44339E+15,1.20142E+16,726080760823959,486854263008631,1
7.60378E+15,2.14683E+16,1.14596E+16,1.1E+16,3.98921E+15,3.21069E+15,1.20107E+16,5.81007E+16,3.58499E+16,1
8.54615E+15,1.77846E+16,2.33495E+16,7.65207E+15,3.52817E+15,4.13322E+15,1.23574E+16,1.0885E+16,3.5053E+15,1
543251208523776,2.31352E+16,1.49706E+16,9.1807E+15,4.09988E+16,4.48865E+15,1.08382E+16,6.55482E+15,3.87443E+16,1
771408935995488,1.94738E+16,2.7337E+16,7.63136E+15,3.22073E+15,3.47829E+16,1.06418E+16,6.37229E+16,3.18258E+16,1
8.15453E+15,1.68099E+16,2.13612E+15,619884397985866,,4.19173E+15,1.23027E+16,5.98874E+15,2.46046E+15,1
,1.90219E+15,2.30949E+15,6.48199E+16,2.98356E+15,4.14889E+16,1.34618E+16,5.08952E+16,2.97705E+15,1
7.84588E+15,1.93785E+16,1.37699E+16,9.00716E+15,3.43621E+15,5.10306E+16,1.37678E+16,9.91756E+15,3.66715E+15,1
715642449459831,1.97994E+16,2.70252E+16,6.73453E+15,3.59711E+15,4.48457E+15,1.2512E+16,4.92998E+15,2.95841E+16,1
5.69469E+15,2.40712E+16,7.99867E+16,8.12427E+15,,4.77048E+16,1.54593E+16,6.88956E+15,3.87061E+16,1
6.70769E+16,1.99285E+15,1.74353E+16,6.80995E+15,,4.54732E+15,1.45873E+16,8.13785E+15,3.82267E+16,1
477522195583692,2.31999E+16,1.39782E+16,9.4221E+15,3.8922E+16,5.26068E+15,1.72075E+16,7.3941E+15,3.22308E+16,1
,2.00315E+16,1.99474E+16,7.37824E+15,3.37231E+16,2.95757E+15,1.4034E+15,2.96681E+15,4.38721E+15,1
,2.05128E+16,1.7538E+15,8.02581E+15,3.96092E+16,3.18537E+15,1.38605E+16,9.37149E+15,2.9997E+16,1
8.50171E+15,1.93909E+16,2.12892E+16,7.10819E+15,,3.93177E+16,1.36432E+16,6.11251E+15,5.6123E+15,1
7.74125E+15,2.18237E+15,2.28247E+16,8.69648E+15,3.63993E+16,5.21016E+15,1.53106E+16,737230701214078,3.74114E+16,1
418749081481174,2.08374E+15,2.18097E+16,584611204151865,3.27474E+15,2.64508E+15,1.12351E+16,4.66826E+15,4.59296E+15,1
,1.42146E+16,4.51417E+16,6.03064E+16,2.40199E+15,369280428971705,2.06056E+16,701683892200974,4.60472E+15,1
7.80801E+16,1.798E+16,1.70377E+16,6.37836E+15,3.48072E+16,590060545946643,1.20925E+16,8.15924E+15,4.16555E+15,1
5.89595E+15,1.87154E+15,3.71183E+16,4.60073E+15,2.53158E+16,5.31169E+15,1.14102E+16,7.72866E+15,3.65965E+15,1
7.26965E+15,1.55158E+16,3.11614E+15,318118329063755,2.44795E+15,5.0601E+16,1.73855E+16,7.31151E+15,3.78924E+15,1
,2.13041E+16,1.20366E+16,9.79473E+15,3.49171E+15,2.84018E+15,1.24199E+16,7.46744E+15,3.89892E+15,1
948960096649994,1.67888E+16,4.00324E+15,8.34921E+15,,3.54791E+15,1.41683E+15,1.02568E+16,4.30069E+15,1
7.45798E+15,1.83461E+16,1.47335E+16,7.47527E+15,3.35668E+15,4.82637E+16,8.96325E+15,8.25813E+15,4.49773E+15,1
7.99232E+15,2.3018E+16,1.70767E+16,959874228090855,,5.22888E+15,1.44492E+15,686407681986352,4.3428E+15,1
7.74634E+15,2.12275E+16,2.16706E+15,8.4581E+15,3.61381E+15,4.57014E+16,2.14303E+16,4.31888E+15,3.67869E+16,1
8.2758E+15,1.63356E+16,2.2014E+16,5.74283E+15,3.07667E+16,3.51631E+15,2.00576E+16,7.85015E+15,4.72134E+15,1
6.87996E+15,1.63593E+16,4.45868E+15,2.74171E+16,2.19149E+16,5.54045E+15,1.65219E+16,6.75333E+15,5.68821E+15,1
6.79938E+15,2.39058E+16,7.98649E+15,1.03657E+16,4.19881E+15,3.73232E+16,1.88286E+16,434406440192261,3.81999E+16,1
816776766297284,1.44903E+15,3.61857E+15,4.54552E+15,297960229910378,6.05459E+15,2.02221E+16,,3.41069E+16,1
,2.14657E+16,1.96925E+16,5.94739E+15,3.26176E+15,3.85828E+15,1.55635E+16,7.7834E+15,3.26165E+16,1
4.7364E+15,203276419833322,2.86987E+15,5.27137E+15,3.23684E+15,5.0882E+16,1.40631E+16,6.51552E+15,4.9956E+15,1
5.95392E+15,2.26935E+16,119306247945518,96772688696774,,3.50969E+15,1.36096E+15,7.05714E+15,3.96865E+16,1
6.579E+15,1.98409E+16,2.23894E+15,7.31758E+16,3.69097E+15,4.08195E+16,6.05961E+15,1.054E+16,3.69093E+16,1
8.77549E+15,1.57354E+16,2.21134E+16,7.9315E+15,3.04808E+16,4.80715E+16,1.56928E+16,8.29293E+15,4.39394E+15,1
6.8503E+16,1.67985E+16,4.05884E+15,3.37237E+16,2.65431E+15,3.00412E+16,1.60052E+15,7.23632E+15,3.0803E+16,1
8.75711E+15,1.85419E+16,3.10409E+16,8.54476E+15,,4.08096E+16,1.82352E+15,7.22997E+15,3.80879E+15,1
,2.13E+16,2.16875E+16,6.90104E+16,,3.83748E+16,1.17932E+16,5.73456E+16,3.24255E+16,1
,1.78155E+16,3.43836E+15,642577003677151,3.11527E+16,5.70379E+15,1.75921E+16,6.89927E+15,4.00589E+16,1
807327895224373,1.91816E+16,1.71064E+15,7.89873E+15,3.33478E+16,4.32899E+16,1.33354E+16,5.42163E+16,4.85431E+15,1
5.07827E+16,1.85088E+16,1.81256E+16,4.10577E+15,2.75056E+16,5.28156E+15,1.13254E+16,8.03383E+15,3.63104E+15,1
7.44491E+15,2.03069E+16,2.54891E+16,8.17574E+15,4.1356E+15,4.05421E+15,1.32831E+16,7.44129E+15,2.57139E+15,1
9.43401E+15,1.58388E+16,2.04748E+16,5.85733E+16,2.85395E+15,4.76842E+15,1.43883E+16,7.31648E+15,4.20105E+16,1
590590695420357,2.23142E+16,1.34645E+16,9.12516E+15,3.78108E+16,3.37858E+15,1.35317E+16,4.28445E+16,2.91728E+16,1
5.8035E+15,1.93201E+16,1.94518E+16,4.1466E+15,2.55977E+16,3.65478E+15,1.49206E+16,8.57701E+15,2.18171E+16,1
761715192193207,1.8269E+15,3.37442E+15,6.22593E+15,3.69553E+16,327228245131772,1.40656E+15,8.27819E+15,3.42254E+16,1
900846433449955,1.48614E+15,3.50218E+15,5.59401E+15,,3.874E+15,1.18551E+16,4.94804E+16,3.91101E+15,1
5.42245E+15,2.05266E+16,1.8543E+16,5.49196E+15,3.06702E+16,3.8208E+15,1.0504E+15,6.74935E+15,2.91175E+15,1
9.77818E+15,1.55937E+16,2.33357E+16,7.66611E+15,,356543036820507,1.08246E+16,7.53289E+15,4.14337E+15,1
5.20494E+15,2.32883E+15,1.78184E+15,7.30027E+15,,4.04004E+16,1.28664E+15,5.54983E+16,3.43956E+16,1
4.87256E+15,2.24705E+16,1.69604E+16,7.07801E+16,3.23037E+16,3.54391E+16,1.56922E+16,799628026711345,3.91801E+16,1
7.79391E+15,1.64959E+16,2.55069E+15,7.86804E+15,3.58259E+15,3.9846E+15,1.52975E+16,,4.22003E+15,1
,2.59145E+15,2.80803E+16,1.00871E+16,3.92833E+15,3.54405E+15,1.3899E+15,6.38577E+16,4.08133E+15,1
7.05818E+15,187947191066058,2.66089E+16,8.5564E+15,4.05403E+16,4.62315E+16,1.84284E+16,4.12903E+16,3.61383E+16,1
7.89035E+15,1.80158E+16,3.21605E+16,7.77348E+15,3.60284E+16,3.44551E+16,1.12465E+16,6.02922E+15,3.20959E+15,1
7.5357E+15,2.21792E+15,1.48297E+16,6.70116E+15,366412199976134,583436487524029,1.77319E+16,5.96861E+16,4.20835E+15,1
7.20253E+15,2.07828E+16,1.18893E+16,8.01574E+15,,3.69044E+16,1.03718E+16,6.20377E+16,5.7025E+15,1
,1.88611E+16,2.77163E+16,5.6065E+15,2.75182E+15,5.20588E+15,1.28146E+16,,4.39806E+15,1
8.72214E+15,1.51621E+15,2.83015E+16,3.65196E+15,2.48095E+16,4.68367E+16,1.51512E+15,7.95384E+15,3.27463E+16,1
835263517558002,1.34751E+16,3.36624E+16,4.43979E+15,,3.97115E+15,1.44209E+15,5.55868E+16,3.93901E+15,1
6.28439E+16,2.22689E+15,1.85263E+16,8.98027E+15,3.95262E+15,5.17151E+15,1.5869E+16,5.53843E+16,5.03071E+15,1
,1.95554E+16,2.84152E+16,7.48978E+15,3.18515E+15,4.94405E+16,1.5024E+16,4.71441E+15,4.05237E+15,1
930566048031861,1.63926E+16,3.94987E+16,6.91469E+15,3.25873E+15,3.45657E+15,1.27122E+15,6.24711E+15,4.48507E+15,1
4.92318E+15,2.08407E+15,1.59901E+16,5.64815E+15,3.49655E+16,4.04406E+15,1.14034E+16,8.45258E+15,3.3296E+15,1
6.14302E+15,1.47472E+16,3.48653E+15,3.68446E+16,2.85455E+16,4.75445E+16,2.09394E+16,5.41985E+16,5.3704E+15,1
5.7445E+15,2.0807E+15,1.94576E+16,669394937956654,,3.62062E+15,1.56037E+15,8.23179E+15,3.5335E+16,1
6.61665E+15,2.01781E+16,1.70632E+16,8.35337E+15,3.60612E+16,4.91724E+15,1.0354E+16,6.00092E+15,3.88177E+16,1
7.6235E+15,1.70428E+16,3.62673E+15,6.04074E+15,3.01219E+15,4.04501E+16,1.24957E+16,7.99461E+15,476499518416768,1
7.86011E+15,1.82042E+15,3.45917E+15,618785720964272,2.87224E+16,2.85229E+16,1.43656E+16,7.48884E+15,3.49977E+15,1
7.39311E+15,2.05991E+15,1.32157E+16,7.74038E+16,,5.37136E+15,1.60532E+16,7.93576E+15,4.43174E+15,1
,1.7678E+15,2.47935E+16,6.39434E+15,3.12359E+15,3.77066E+15,1.00702E+16,501241222610585,4.64104E+15,1
5.57952E+15,2.23616E+16,1.32892E+16,7.69869E+15,368897034016997,3.75276E+16,202244258107807,1.04581E+16,4.04391E+16,1
4.30357E+15,2.27007E+15,7.3233E+15,7.49051E+15,3.26695E+16,4.12896E+16,1.29067E+16,6.87489E+15,2.01054E+15,1
7.31072E+15,1.85817E+15,2.19898E+16,84375149697106,,4.25533E+15,1.49478E+16,897741597533087,3.57883E+16,1
6.4177E+15,1.85312E+15,3.33602E+15,5.57385E+15,3.74714E+15,5.0982E+15,1.7849E+16,1.03322E+16,4.04631E+15,1
,1.81302E+15,236147029612405,5.45499E+15,2.82312E+15,5.10945E+16,1.39786E+16,523015496496496,3.89406E+15,1
1.07743E+16,163095105838738,3.80374E+15,7.6022E+15,3.5E+15,4.77723E+16,1.35265E+16,,3.22983E+15,1
5.03645E+15,1.90165E+15,2.92587E+16,4.99106E+15,3.00476E+15,3.3236E+16,1.10558E+16,1.16162E+16,3.53467E+15,1
,2.04861E+15,2.45901E+16,7.77436E+15,,440936823858057,1.25671E+16,1.18357E+16,4.31827E+15,1
1.0415E+15,1.67423E+16,3.45356E+15,6.35481E+15,3.44309E+15,4.91517E+16,1.93558E+16,4.5104E+15,4.20914E+15,1
841860665004133,1.91867E+15,2.93138E+15,5.60586E+15,3.06325E+16,5.46791E+15,1.3134E+16,961251983386593,3.44285E+15,1
7.80864E+15,2.00715E+16,1.56945E+16,7.21956E+15,,5.19863E+15,132621021052978,7.93449E+15,2.47272E+16,1
7.55796E+15,1.56462E+15,3.28334E+15,3.31161E+16,2.57277E+16,2.77234E+16,1.78572E+16,6.25531E+15,3.29227E+16,1
1.12445E+15,1.69404E+16,4.35337E+15,5.88846E+15,3.4103E+16,3.36447E+15,1.60897E+16,5.9494E+15,2.92995E+16,1
5.72882E+15,1.97192E+16,1.29326E+16,5.68449E+15,2.80932E+15,4.4507E+16,1.41765E+16,6.81248E+15,4.41217E+15,1
1.04868E+16,1.85088E+16,2.6453E+16,9.54877E+15,3.92346E+15,4.55744E+16,1.5976E+16,4.74001E+15,3.80435E+15,1
3.79213E+16,2.18491E+15,1.69293E+16,6.1103E+15,,4.10694E+16,1.40907E+16,6.03201E+15,462068558556552,1
571625135415621,1.84229E+16,1.93935E+16,52991636367056,29027645455813,5.02994E+16,1.96439E+16,6.82364E+15,3.43314E+15,1
,1.82317E+16,3.04302E+15,6.15122E+15,3.50449E+16,4.79957E+15,1.65766E+16,5.86751E+16,4.53612E+15,1
5.4736E+15,2.18513E+16,1.46084E+16,5.62136E+15,,4.72797E+16,1.05836E+16,7.3106E+15,4.95782E+16,1
,1.78234E+16,3.78614E+15,3.91271E+16,,5.35086E+15,1.75454E+16,6.40713E+15,511386970579597,1
6.77093E+15,1.81818E+16,2.68802E+15,5.21586E+15,2.84746E+15,4.75549E+15,1.46654E+16,6.05158E+15,4.91053E+15,1
6.04336E+15,1.88662E+15,2.48566E+16,4.37102E+15,2.95895E+16,3.55007E+15,7.61981E+15,7.99449E+15,474524751697268,1
,2.1248E+16,2.35722E+16,4.97679E+15,3.00727E+16,4.49951E+16,7.09039E+15,6.60268E+15,3.09381E+16,1
6.32043E+15,2.1031E+16,1.16822E+16,6.96842E+15,3.11778E+16,3.75965E+15,1.19734E+16,6.29605E+15,4.55338E+15,1
9.18542E+15,1.65642E+16,1.8074E+15,8.10832E+15,,5.34698E+15,8.18966E+15,5.96636E+15,4.18667E+15,1
8.68478E+15,1.61124E+16,4.07994E+15,5.38199E+15,3.05534E+16,4.99275E+16,1.59657E+16,7.59144E+15,3.87735E+16,1
7.96172E+15,2.24317E+16,1.15512E+16,9.49207E+15,3.67466E+16,451808445959799,1.49112E+16,7.9687E+15,2.28694E+16,1
5.48415E+15,1.96791E+16,1.93784E+15,5.00373E+15,2.95591E+16,3.48399E+16,1.87139E+16,7.64142E+15,4.43886E+15,1
7.18693E+15,1.77487E+16,3.45108E+15,4.98443E+15,2.95834E+16,4.77995E+16,1.67775E+16,6.27569E+15,4.27565E+15,1
5.4708E+15,2.1316E+16,1.82954E+15,60433954485275,,3.17948E+16,1.37893E+16,4.96425E+15,2.96285E+15,1
,1.9502E+16,1.73824E+15,7.03683E+15,3.29128E+16,3.83795E+15,1.11471E+16,9.08869E+15,3.84341E+15,1
9.79273E+15,1.61058E+16,3.02492E+16,5.21432E+15,2.58039E+16,4.13155E+15,1.24934E+16,762255797341665,3.72912E+15,1
3.63717E+15,2.38944E+16,1.01025E+16,7.53219E+15,3.37534E+15,5.0915E+16,1.38185E+16,4.96528E+16,5.44657E+15,1
706478908142805,1.88392E+16,2.05671E+16,7.44324E+15,3.60323E+16,656924127807846,1.62748E+16,848271825992724,4.40163E+16,1
6.63203E+15,2.0167E+15,2.41613E+15,796452512488874,3.69622E+15,3.4686E+15,1.70336E+15,6.12055E+16,3.38629E+16,1
5.91396E+15,2.15498E+16,1.30866E+16,7.78475E+15,3.34686E+16,2.83401E+15,1.46836E+16,5.53264E+15,5.64861E+15,1
9.4847E+15,1.22907E+15,5.63514E+15,4.21971E+15,2.19553E+16,4.80848E+15,1.35334E+16,417312192332455,413227423789269,1
8.4474E+15,1.6395E+16,1.95831E+15,6.43318E+16,3.34656E+15,5.47024E+15,1.82387E+16,4.56683E+15,5.21831E+15,1
7.72742E+15,2.27843E+16,1.87679E+16,9.71691E+15,,3.28854E+15,8.2334E+15,666782137100115,4.6018E+15,1
6.85932E+15,1.79069E+15,2.75674E+16,5.88556E+15,2.27348E+15,3.916E+16,1.46706E+16,8.34699E+15,4.50198E+15,1
5.84679E+15,2.12162E+16,1.94178E+15,8.44203E+15,,3.93953E+16,1.75619E+16,4.93884E+15,3.37111E+16,1
630000176658891,1.7235E+15,4.06821E+15,4.24283E+15,3.02612E+16,4.85672E+15,1.87379E+16,648085458627603,3.70944E+16,1
664646992248928,2.51836E+16,5.51687E+15,1.11431E+15,,3.39209E+15,1.19304E+16,7.65243E+15,4.3876E+15,1
731344675557596,1.58707E+16,2.31541E+16,4.14333E+15,2.7655E+15,4.36517E+15,1.08901E+16,879125301524647,2.22064E+16,1
6.57266E+15,1.92647E+16,1.4599E+16,6.16462E+15,3.1414E+15,3.43895E+16,1.73438E+16,5.30855E+16,2.82093E+16,1
6.00241E+15,1.96003E+15,1.61364E+16,5.68775E+15,3.01981E+15,3.36914E+15,1.19883E+16,439126338097687,4.31531E+15,1
,2.12909E+16,1.41019E+16,9.11248E+15,3.88788E+15,3.37191E+15,860242535873266,7.45817E+15,3.62464E+15,1
593605710996818,2.22922E+16,1.80617E+16,9.98272E+15,4.21722E+15,323499231250292,1.42985E+16,5.18689E+15,3.94028E+15,1
7.59109E+15,1.95666E+16,1.74447E+16,5.30707E+15,,5.17203E+15,1.47996E+16,8.57758E+15,4.5312E+15,1
6.87575E+15,1.92024E+16,2.54223E+15,7.57136E+15,,5.01606E+15,1.0786E+16,6.82946E+15,3.3973E+15,1
8.01628E+15,2.11029E+16,1.40345E+16,9.797E+15,3.89339E+15,4.91079E+15,1.4513E+16,3.5566E+15,4.30822E+15,1
8.7836E+15,1.9993E+16,1.94715E+16,7.41541E+15,3.19737E+16,3.24937E+15,1.63117E+16,7.45706E+15,3.47089E+16,1
6.9117E+15,1.79214E+15,2.56121E+16,7.22471E+15,3.18988E+15,2.98551E+15,1.18589E+16,9.43402E+15,4.61664E+15,1
871924020683575,1.81013E+16,1.74309E+16,7.42121E+15,,2.89203E+15,1.44272E+16,5.53936E+15,3.91284E+16,1
5.97458E+16,1.97103E+16,2.25433E+15,566265724677601,3.38358E+15,4.10804E+16,1.11691E+16,5.98264E+15,3.72197E+15,1
4.42938E+16,2.56213E+16,8.7469E+15,9.01033E+15,,4.32108E+16,1.63075E+15,,4.27117E+15,1
,1.34679E+16,3.02118E+16,4.79236E+15,2.34286E+16,3.91821E+15,1.89992E+16,,3.84089E+16,1
,2.21675E+15,1.01171E+16,8.02659E+15,3.56212E+16,5.08263E+15,1.40585E+16,409168107291419,319012777090997,1
8.21512E+15,1.55763E+16,3.05794E+16,3.30898E+15,,3.44951E+15,1.3686E+16,7.71826E+15,4.51138E+15,1
7.82874E+15,176727511301611,3.33371E+15,5.43878E+15,2.86993E+15,2.90119E+16,5.87194E+15,7.57144E+15,5.19945E+15,1
7.94996E+15,1.86789E+16,1.5171E+16,7.83327E+16,,4.06613E+16,2.05397E+15,8.80571E+15,3.31715E+16,1
6.11433E+15,1.78446E+16,3.06062E+15,5.56804E+15,2.60771E+16,4.72255E+16,1.67115E+15,4.65526E+16,3.68041E+15,1
,2.26271E+16,1.53801E+15,666147386631929,,3.92558E+15,1.40831E+16,5.02864E+16,4.51687E+15,1
7.13943E+15,1.79235E+15,1.98628E+16,8.11196E+15,3.37947E+16,3.64523E+15,1.73845E+16,8.83618E+15,3.7716E+16,1
,2.23512E+16,20134398340672,7.97773E+15,3.59226E+16,4.77343E+16,1.09339E+16,4.91455E+16,4.3145E+15,1
796852586987492,1.56451E+16,2.7008E+16,4.71658E+15,,4.5584E+15,8.36028E+15,5.25012E+15,3.17388E+15,1
6.63589E+15,1.9405E+16,2.0339E+15,6.03286E+15,3.07955E+15,4.12583E+15,1.58947E+16,5.76435E+15,4.52324E+15,1
6.39455E+15,1.93048E+16,3.16202E+16,7.06508E+15,,5.15806E+15,1.30819E+16,9.96407E+15,3.0425E+15,1
6.28098E+15,2.05123E+16,2.59728E+15,8.4179E+15,3.83671E+15,4.56544E+16,1.39547E+15,3.2799E+15,4.59943E+15,1
7.99203E+15,1.74558E+16,345850896069508,6.5873E+15,,5.43949E+15,1.21994E+16,7.12712E+15,4.6471E+15,1
5.0688E+15,2.1169E+16,2.27814E+15,5.33012E+15,3.17104E+15,4.83442E+15,1.44958E+16,7.72123E+15,4.36209E+15,1
,1.64909E+16,3.27682E+15,6.30969E+15,2.85561E+16,5.27199E+15,1.58433E+16,5.97282E+16,3.49945E+16,1
8.15125E+15,2.05847E+15,1.56619E+16,7.00944E+15,3.35623E+16,5.5559E+15,1.48611E+16,7.27626E+15,2.79988E+16,1
7.58294E+15,1.85046E+15,2.30728E+16,5.89227E+15,2.97506E+15,5.18049E+15,1.20385E+16,8.03126E+15,4.16403E+15,1
5.34412E+15,1.98379E+16,1.34928E+16,6.55927E+15,328648845176312,5.91363E+15,1.40844E+16,6.1393E+15,4.1047E+15,1
7.87196E+16,2.19623E+16,1.27604E+16,8.07661E+15,360086657479205,3.50827E+16,1.56987E+16,8.41581E+15,2.93854E+16,1
5.32702E+16,2.33141E+16,1.35806E+15,7.36241E+15,3.5642E+16,4.38553E+16,1.00498E+15,5.52323E+15,485582125104602,1
1.05503E+15,1.85166E+16,3.2151E+15,8.93397E+15,,5.66379E+15,1.4283E+16,8.53934E+15,3.9513E+16,1
,1.86175E+16,1.80852E+15,49512770484847,2.984E+15,3.47987E+16,1.57155E+16,7.55906E+15,3.06892E+15,1
7.47103E+15,1.77234E+16,1.57366E+16,6.87835E+15,2.7711E+15,4.01618E+15,1.12857E+15,5.82361E+16,3.70797E+16,1
7.94388E+16,2.11817E+16,3.20712E+15,7.76921E+15,2.90337E+16,3.53336E+15,1.78719E+15,7.84928E+15,4.11169E+15,0
2.69083E+15,1.51783E+15,3.02045E+16,605307194454977,3.03702E+16,3.77198E+16,1.4121E+16,4.5603E+16,4.65003E+15,0
913569425989131,1.94816E+16,949691035373795,618592511972857,3.45714E+15,5.62771E+15,1.36764E+15,7.44242E+15,3.2818E+15,0
5.21401E+16,1.92649E+16,3.41843E+15,5.78336E+15,2.8297E+15,3.80428E+15,1.58678E+16,8.04985E+15,4.45353E+15,0
864953494696306,1.75427E+16,9.89802E+15,6.0484E+15,3.36478E+15,4.10625E+16,1.00693E+16,,5.22981E+15,0
7.75668E+15,1.86686E+16,2.24404E+15,7.46261E+16,3.42999E+15,3.20931E+16,1.95726E+15,,2.84247E+16,0
7.1043E+16,1.77572E+16,1.26915E+16,7.17098E+16,,4.47032E+16,1.43768E+16,6.07438E+16,5.46486E+15,0
5.36336E+15,1.79911E+16,2.70459E+15,6.52085E+15,3.11467E+16,4.08923E+15,9.7047E+15,7.94848E+15,3.87137E+15,0
6.5825E+15,2.00733E+16,2.37205E+16,8.56583E+15,353008115085245,4.58363E+15,1.30019E+16,7.95293E+15,4.15201E+15,0
6.81047E+15,2.09736E+16,3.26023E+16,7.42278E+15,3.41174E+16,3.4003E+15,167367485947957,4.23495E+15,4.40234E+15,0
,1.91532E+16,1.28855E+16,6.97995E+15,3.286E+16,5.96751E+15,1.34475E+16,5.07561E+15,2.37292E+16,0
5.57412E+15,1.93158E+16,1.75464E+15,9.21997E+15,3.66197E+15,5.38533E+15,1.39513E+16,671420326135497,5.15253E+15,0
8.55528E+15,2.16655E+16,1.83375E+15,8.29069E+15,3.11326E+16,3.90943E+16,1.71388E+16,3.97773E+16,3.68715E+15,0
4.4834E+16,1.72384E+16,1.31222E+16,5.27673E+15,2.91199E+15,4.13545E+15,1.18717E+16,7.55045E+15,2.20384E+15,0
3.78304E+16,1.57853E+16,2.03848E+15,4.66708E+15,3.00049E+16,4.32432E+15,1.27014E+16,,4.40224E+16,0
7.13837E+15,1.84745E+15,2.25752E+15,6.90771E+16,,504865692804048,1.85038E+16,6.6137E+15,4.14487E+15,0
,1.71592E+16,1.47848E+16,7.40458E+15,3.51876E+15,3.6667E+16,1.05043E+16,578621568464784,3.21017E+16,0
7.91236E+15,2.11376E+15,3.48084E+15,8.91336E+15,,5.94899E+15,1.6682E+15,7.20481E+15,2.87852E+15,0
,1.93117E+15,1.7389E+15,7.70214E+15,3.82061E+15,4.68939E+15,1.6233E+16,678739098505863,4.21774E+15,0
9.12836E+15,1.84682E+15,1.04181E+16,6.8502E+15,3.88069E+15,3.71482E+15,1.04445E+16,681840200592738,3.76222E+15,0
5.27197E+15,1.9317E+16,2.20054E+16,6.18395E+15,2.67826E+15,3.5148E+15,1.56644E+15,6.86159E+15,4.11944E+15,0
646509352906692,2.41268E+15,4.39587E+15,7.42015E+15,3.0602E+15,5.44601E+15,2.0769E+15,8.96465E+15,3.79052E+16,0
824518659646861,1.99306E+16,1.39095E+16,9.36964E+15,4.06048E+15,4.23737E+16,1.48013E+16,9.7277E+15,4.12573E+15,0
,1.96432E+15,1.81289E+15,8.00808E+15,3.23552E+15,3.13362E+15,1.86007E+16,6.79644E+15,3.50208E+16,0
6.70479E+15,1.76896E+15,2.81408E+15,6.94211E+15,,4.55973E+15,1.6036E+15,4.00761E+15,3.8066E+15,0
6.43025E+15,2.07579E+16,2.68551E+16,7.08791E+15,304173433996129,4.18419E+16,1.79211E+15,3.48164E+15,4.80579E+15,0
748279127635069,1.86093E+16,1.96213E+16,817186545006647,3.69191E+15,4.75211E+15,1.21273E+16,1.05166E+16,4.09475E+16,0
5.50445E+15,1.64501E+15,1.19502E+16,680095766880417,3.0219E+15,5.3754E+15,1.43939E+16,6.99398E+15,4.65736E+15,0
7.52192E+15,1.98355E+16,2.01394E+16,7.17765E+15,,6.03055E+15,1.37736E+16,8.48168E+15,3.11093E+15,0
,1.64095E+15,9.34465E+15,5.95931E+15,3.49019E+16,3.6739E+16,1.3938E+15,8.8772E+15,4.55934E+16,0
8.52257E+15,2.08133E+16,1.64463E+15,6.72978E+16,3.72504E+15,3.46375E+16,1.20022E+16,8.07586E+15,3.35828E+16,0
569447554633745,1.93432E+16,1.87429E+16,6.55667E+15,3.27002E+15,4.48754E+15,1.36233E+16,563264966158477,4.10747E+15,0
6.9345E+15,1.76969E+16,1.53234E+15,5.66687E+15,3.69342E+16,43594838605718,2.18132E+15,1.04748E+16,3.87524E+15,0
6.11518E+15,2.26084E+16,2.46995E+16,6.70752E+15,2.98329E+16,4.29707E+16,1.45361E+15,710454803734078,3.69086E+16,0
8.57567E+15,1.9756E+16,1.58886E+16,4.86546E+15,3.11557E+16,4.64726E+16,1.87369E+16,4.02245E+16,3.50623E+15,0
5.68914E+15,1.81585E+15,1.75893E+16,7.23847E+15,3.50782E+15,3.45536E+15,1.60303E+16,,4.59298E+15,0
,1.99065E+16,3.99277E+15,5.45405E+15,2.5901E+16,2.57963E+16,1.42447E+15,5.26164E+16,4.05938E+16,0
7.22613E+15,2.13321E+16,2.31297E+15,6.19362E+16,3.04563E+15,6.2423E+15,1.69823E+16,7.37336E+15,415355890079017,0
7.1978E+15,1.68641E+15,1.27633E+16,6.89759E+15,,5.66251E+15,1.24376E+16,6.57467E+15,3.84401E+16,0
384681432776782,1.90993E+16,2.68953E+15,5.62954E+15,,6.60255E+15,1.81252E+15,7.81536E+15,3.5842E+16,0
5.89634E+15,1.78678E+15,1.74201E+15,5.29216E+16,,4.73687E+16,1.64377E+16,7.94712E+15,5.03285E+16,0
,2.47453E+16,438460252659028,7.86578E+15,3.24244E+15,3.34166E+16,166611531232399,5.42366E+16,3.57234E+15,0
8.32635E+15,2.13875E+16,3.54778E+15,836413102029555,3.46787E+16,5.69103E+15,1.74665E+16,6.27929E+16,4.39528E+15,0
6.89156E+15,1.98545E+16,2.62405E+15,515386951765593,,4.36927E+16,8.63432E+15,8.68102E+15,3.56196E+16,0
5.54812E+15,2.17018E+15,3.40068E+15,6.64743E+15,3.31403E+15,4.3027E+15,1.5647E+16,6.49806E+15,4.59924E+15,0
,1.75588E+15,1.70922E+15,7.33842E+15,3.23154E+15,4.91728E+16,1.1706E+16,5.23634E+15,4.31606E+15,0
5.38664E+16,2.06897E+16,2.04167E+16,7.31275E+15,3.56384E+16,5.25123E+15,1.02182E+15,7.00331E+15,432090017506474,0
7.26253E+16,2.12521E+15,3.87131E+15,5.83781E+15,2.62095E+15,3.32425E+15,1.40988E+16,7.03007E+15,4.84636E+15,0
6.25709E+16,1.80406E+15,1.38263E+16,7.07513E+15,3.46627E+15,4.226E+15,1.18381E+16,7.78382E+15,3.99471E+16,0
7025504334993,2.05401E+16,218845385145885,7.27606E+15,3.04732E+15,4.42406E+15,1.58437E+16,6.55803E+15,2.94156E+16,0
6.58484E+15,1.96134E+16,1.66099E+15,6.67398E+16,3.23372E+16,3.04714E+15,1.25016E+15,8.56821E+15,3.91995E+16,0
6.56563E+15,1.59729E+15,1.90447E+16,6.69321E+15,2.83515E+16,3.93625E+16,1.82071E+16,6.70541E+15,2.77095E+16,0
6.6221E+15,1.96891E+16,1.60105E+16,7.25607E+15,,2.64284E+15,1.4411E+16,4.54488E+15,5.29092E+16,0
7.21739E+15,1.80194E+16,1.35796E+15,5.99313E+15,3.17963E+15,4.21964E+16,1.23703E+16,6.34467E+15,3.74662E+16,0
5.25391E+15,1.91982E+15,3.47939E+15,5.8174E+15,,3.95713E+15,1.25707E+16,5.49687E+16,3.48837E+15,0
8.13138E+15,1.77095E+16,1.32381E+16,6.67874E+16,,4.50718E+16,2.06036E+15,85105892029354,3.54281E+16,0
661977546022829,1.50718E+15,1.13885E+16,6.80758E+15,3.70753E+15,4.3143E+15,7.71077E+15,7.36343E+15,4.08692E+15,0
,2.06318E+16,1.87523E+16,8.20245E+15,3.4459E+15,5.10488E+16,53623709055002,6.19114E+16,3.29355E+15,0
6.21726E+15,2.05648E+16,3.29119E+15,594607364340275,2.9839E+16,4.14771E+16,1.21284E+15,7.9245E+15,2.08143E+15,0
5.01998E+15,1.56971E+15,1.92727E+16,6.18471E+15,3.3156E+15,3.41357E+15,1.61966E+15,753025976942853,4.08949E+15,0
6.90738E+15,2.10279E+15,4.02902E+15,6.8747E+15,2.94015E+15,3.40705E+15,1.82535E+15,8.40221E+15,1.4961E+16,0
6.31311E+16,1.62336E+16,2.08492E+15,7.08647E+15,,3.87958E+15,1.50476E+15,8.39213E+15,4.12696E+15,0
,1.7932E+16,5.07527E+15,8.73778E+15,4.55451E+15,3.92354E+15,1.68393E+16,762436227695315,4.39753E+15,0
7.29393E+15,1.80843E+16,1.58233E+16,772197742911649,,4.5752E+15,8.8576E+15,377347900028964,4.40325E+15,0
6.63036E+15,1.86761E+16,3.0939E+16,770348058497535,,3.30876E+16,1.38158E+16,8.67531E+15,3.49059E+16,0
8.01578E+15,1.8006E+15,1.21357E+15,6.25938E+15,31006868096007,6.66691E+15,1.76601E+16,6.65888E+15,3.18058E+16,0
4.24989E+15,1.68572E+15,1.60737E+16,5.3609E+16,2.61268E+15,4.49052E+15,1.13492E+15,8.69469E+15,4.11635E+15,0
4.26527E+15,1.99499E+16,2.56345E+16,591488443806432,2.60261E+16,3.00548E+15,1.21987E+16,5.59424E+15,4.90045E+16,0
9.26684E+15,2.03253E+16,2.04788E+15,6.83878E+15,3.373E+16,5.08283E+16,1.91645E+16,,4.33005E+15,0
9.61946E+15,2.10261E+15,1.81851E+16,7.93989E+15,,3.8733E+15,1.74782E+16,6.59895E+15,3.1732E+16,0
7.08688E+15,1.92387E+16,2.55248E+15,7.35403E+15,3.2274E+15,5.48918E+15,1.45244E+16,6.41244E+15,3.99285E+16,0
3.43387E+15,1.5248E+16,1.63187E+16,5.9731E+15,3.13064E+15,4.12916E+16,9.97014E+15,685075420306062,4.10494E+15,0
8.43676E+15,2.42489E+16,4.4897E+15,7.86308E+15,,5.75937E+15,1.45318E+16,5.07742E+15,2.49991E+16,0
1.22469E+16,2.17368E+15,1.13181E+15,8.46516E+15,3.75895E+15,3.47653E+16,9.7625E+15,7.38324E+15,3.53324E+15,0
7.34303E+15,1.98531E+16,1.4037E+16,5.78835E+15,,4.79241E+15,1.10904E+16,6.11002E+15,5.28806E+15,0
4.61644E+15,1.92574E+16,1.49823E+16,6.08003E+15,,3.44146E+16,1.109E+16,8.84836E+15,2.63434E+16,0
8.30746E+15,2.29941E+15,1.84526E+16,6.89515E+15,3.38484E+15,4.64901E+16,9.5121E+15,8.40534E+15,4.62573E+15,0
4.90964E+15,1.5724E+16,1.04888E+16,6.92979E+15,,3.11746E+16,1.10238E+15,4.85255E+15,5.34532E+15,0
7.70911E+16,1.78811E+16,1.86101E+16,7.73444E+15,,4.62201E+15,1.38887E+16,6.48416E+15,4.23511E+15,0
,1.73817E+16,2.6553E+16,6.29028E+15,2.9317E+16,3.66719E+15,1.32715E+16,7.21298E+15,3.207E+15,0
7.81827E+15,1.79218E+16,275585425325701,7.50445E+15,3.15447E+15,3.59099E+15,1.26187E+15,5.23775E+16,3.32924E+16,0
8.20746E+15,1.89942E+16,1.7448E+16,6.76168E+15,,449412605665234,1.53357E+16,5.49463E+16,4.15187E+15,0
6.95853E+15,1.87749E+16,1.34572E+16,7.36359E+15,3.3075E+15,3.50603E+16,1.67192E+16,7.76713E+15,4.1946E+15,0
,1.93926E+15,1.49365E+16,7.2034E+15,3.09447E+15,4.4745E+16,1.21806E+15,,4.29791E+15,0
4.34944E+15,1.57513E+16,2.43521E+16,5.96772E+16,2.87045E+15,4.32642E+16,1.06673E+16,4.4289E+15,4.44271E+15,0
6.62999E+15,1.957E+16,2.14955E+16,6.54646E+15,3.63692E+15,335804710239529,1.13951E+16,6.61652E+15,253449947794664,0
8.9697E+15,1.95745E+16,9.04968E+15,746706801791988,3.96454E+16,3.78529E+16,1.77577E+15,1.14209E+16,3.9831E+15,0
6.77105E+15,1.94635E+16,1.57195E+16,6.74634E+16,3.39002E+15,4.4173E+16,2.2891E+15,7.54728E+15,3.24487E+16,0
6.72464E+15,2.23175E+15,4.1552E+15,7.7447E+15,2.71157E+15,4.63885E+15,1.3165E+16,6.10588E+15,2.92141E+16,0
,2.21392E+15,2.79797E+16,6.57239E+15,3.49625E+15,3.55782E+15,9.98635E+15,8.19635E+15,3.43962E+16,0
6.96727E+15,2.18793E+15,3.39337E+15,8.97718E+15,3.60997E+16,4.38809E+15,1.86331E+15,7.19192E+15,3.27247E+16,0
,2.25972E+16,3.26171E+16,7.38066E+15,2.59205E+15,3.55879E+16,1.11227E+16,6.63597E+15,3.23287E+16,0
7.05312E+15,2.40852E+16,1.95003E+16,8.05117E+15,3.83668E+15,3.77188E+15,1.29556E+16,5.55222E+15,5.672E+15,0
7.75515E+15,1.96783E+16,1.90247E+15,6.91187E+15,3.928E+16,3.38431E+16,1.07729E+15,7.66176E+15,2.7288E+15,0
8.58001E+15,1.74507E+16,6.49355E+15,7.04073E+15,4.09381E+16,4.03597E+16,1.61227E+16,5.21668E+15,3.19559E+15,0
6.90171E+15,1.73154E+16,1.0324E+16,7.43681E+15,3.76812E+15,5.38621E+15,1.0402E+16,3.67519E+16,3.03567E+16,0
7.81425E+15,2.03383E+16,2.44702E+16,7.63141E+15,3.21975E+15,5.16647E+15,1.72429E+15,8.0652E+15,410466196258988,0
5.91895E+15,1.54774E+16,9.71256E+15,5.32627E+15,,3.86218E+15,1.65793E+16,6.58823E+15,4.26555E+15,0
702129530579393,2.2535E+16,2.31099E+16,5.90727E+15,3.20536E+15,4.599E+16,1.36701E+16,7.73399E+15,3.67556E+15,0
,1.89815E+16,1.98878E+15,8.11577E+15,4.15928E+16,5.47027E+15,1.29589E+16,7.09375E+15,4.89375E+15,0
8.13274E+15,2.06786E+15,2.58381E+15,868483259764943,3.46612E+15,4.72277E+16,1.1633E+16,,2.96943E+16,0
6.05707E+15,1.84373E+16,1.48073E+15,5.75341E+15,3.84822E+16,4.62006E+16,1.47531E+16,3.42659E+15,4.37175E+16,0
5.34308E+15,2.11662E+15,4.51669E+15,6.6518E+15,2.79767E+16,4.8596E+16,1.96823E+16,7.05469E+15,4.24003E+15,0
,1.52508E+16,1.13987E+16,8.72897E+15,4.0067E+16,3.85336E+15,1.16766E+15,5.86009E+16,5.44493E+15,0
5.74253E+15,1.82941E+15,212938897542458,6.82641E+15,306543071538394,4.35235E+16,1.11441E+16,6.86124E+15,4.2722E+15,0
6.58481E+15,1.82375E+16,2.47231E+15,6.23892E+15,,4.14351E+15,1.75826E+15,7.82137E+15,4.40413E+15,0
8.07048E+15,1.98866E+16,1.82666E+15,6.90237E+15,3.9662E+15,3.7671E+16,1.09245E+16,8.73796E+15,305579047450667,0
6.65282E+15,1.87946E+16,1.91557E+16,5.94962E+15,3.45359E+15,4.33875E+15,2.05232E+15,2.61409E+16,3.66153E+15,0
5.50606E+15,1.64496E+16,2.15437E+16,5.984E+16,,4.53883E+16,1.33397E+16,5.57514E+15,277890595094447,0
,2.14972E+16,3.61121E+15,7.09407E+15,,4.14102E+16,1.58746E+16,7.16318E+15,2.43251E+16,0
6.44177E+15,1.74782E+16,1.13063E+16,6.68576E+15,,5.44354E+15,1.71098E+16,8.9122E+15,3.68213E+15,0
,1.94445E+16,4.14613E+15,6.95167E+15,2.39912E+15,362500414204749,1.41102E+16,5.87515E+15,4.89484E+15,0
8.2487E+15,2.01339E+16,2.49129E+16,7.87767E+15,3.89089E+15,4.15683E+16,1.2842E+15,5.18592E+15,3.54053E+16,0
2.56924E+16,2.01603E+15,4.82042E+15,6.38068E+15,2.6172E+15,4.29746E+16,1.07841E+16,7.97197E+15,5.50693E+15,0
5.66485E+15,1.86648E+16,1.8679E+16,5.15387E+15,3.13083E+16,3.35506E+15,1.75516E+16,5.95718E+15,3.57029E+16,0
8.9995E+15,2.34835E+16,2.09335E+16,798045081211562,3.65061E+16,4.44077E+15,1.21688E+16,5.44047E+15,3.69508E+16,0
5.58854E+15,1.71333E+16,1.77322E+16,5.58861E+15,3.43042E+15,4.66445E+15,1.38278E+16,5.93765E+15,4.374E+15,0
6.26564E+15,1.5929E+16,1.87111E+16,683596822664864,3.14223E+16,4.99605E+15,1.50617E+16,681072164894309,3.26603E+15,0
6.92204E+15,2.0141E+16,1.65159E+15,8.463E+15,3.57935E+15,3.36046E+15,2.09291E+15,6.05209E+15,424294721566937,0
807261240298569,2.1027E+15,1.68434E+15,8.79346E+15,3.59516E+15,5.59168E+15,1.72636E+16,6.8739E+15,5.08221E+15,0
882809437489545,1.96563E+15,1.76996E+16,894038013799541,3.79914E+16,4.86863E+15,1.75173E+16,611828443476096,3.79332E+16,0
8.64745E+15,1.83597E+16,129958854274784,6.19545E+15,3.82358E+15,489762798891587,1.8077E+15,9.34096E+15,3.6241E+16,0
7.47554E+16,2.15429E+16,3.13594E+16,7.49849E+15,3.37462E+15,4.77235E+16,1.21863E+15,5.39088E+15,4.01557E+15,0
1.15349E+15,1.83262E+16,4.11179E+16,7.41677E+15,398955344805104,4.75255E+16,1.08398E+16,6.942E+15,300009623919435,0
6.45306E+15,1.78998E+16,2.31295E+16,6.35451E+15,3.26853E+15,3.71883E+15,1.31783E+16,4.15259E+16,3.44086E+15,0
819221015591042,1.72293E+16,1.35285E+16,7.35469E+15,3.77456E+16,4.55015E+15,7.24276E+15,,3.48928E+16,0
724770098178392,2.10271E+15,3.1562E+16,9.08091E+15,,5.58526E+15,1.34152E+16,7.36292E+15,3.31995E+16,0
7.89313E+15,2.01433E+16,2.0526E+16,5.62878E+16,2.99018E+16,3.03879E+16,152546530984377,7.15423E+15,3.30221E+15,0
6.16445E+15,2.03016E+16,1.92317E+16,8.55128E+15,,3.71168E+15,8.23426E+15,7.66573E+15,3.4464E+16,0
7.93739E+16,1.70445E+16,6.62638E+15,5.11736E+15,3.72625E+16,3.16022E+16,2.3136E+15,73786211485138,4.27085E+15,0
828112065517672,2.27654E+16,1.79954E+16,7.49328E+15,3.2338E+16,4.59866E+16,1.43637E+16,1.62915E+16,3.688E+16,0
4.90649E+15,1.73779E+15,1.47861E+16,5.84376E+15,2.67561E+15,620346839846718,7.7759E+16,3.87943E+16,3.15234E+15,0
8.14348E+15,1.82432E+16,1.06736E+16,6.60784E+15,,4.27545E+15,1.37193E+15,7.77693E+15,2.57283E+15,0
5.11791E+15,1.79702E+16,2.62154E+15,5.5029E+16,3.03258E+15,3.69619E+15,1.47619E+16,8.28316E+15,3.8067E+16,0
6.44907E+15,1.63448E+16,1.69063E+15,5.15223E+15,2.83217E+15,3.97507E+15,1.67873E+16,8.20161E+15,3.33155E+15,0
5.61356E+15,2.04569E+16,1.66159E+16,5.61895E+15,3.161E+15,3.41524E+15,1.5174E+16,7.34502E+15,3.46509E+15,0
5.75421E+16,2.41602E+16,3.18713E+16,7.2993E+15,2.03445E+15,4.95945E+15,2.27637E+16,714289784247935,5.92023E+16,0
6.90657E+15,1.99638E+16,1.52013E+16,5.1366E+16,,3.06024E+16,152127981305606,9.0579E+15,3.28275E+16,0
6.33627E+15,2.28455E+16,2.93427E+15,6.96348E+15,,3.98182E+15,1.5545E+16,9.20113E+15,3.74572E+16,0
8.12125E+15,2.00354E+16,2.54127E+16,6.54765E+16,3.14091E+16,4.11987E+15,1.24194E+16,5.97632E+15,4.42831E+15,0
,1.94167E+15,1.12759E+16,7.2666E+15,3.99282E+15,4.27897E+16,1.52132E+16,3.44718E+16,2.90961E+15,0
8.93512E+15,2.18394E+15,2.37743E+15,6.41485E+15,3.24845E+15,4.13005E+16,1.34506E+16,6.35793E+15,5.1683E+15,0
6.45278E+15,1.90321E+16,2.2035E+15,6.91469E+15,,3.53898E+15,1.21581E+16,6.72124E+15,3.42507E+15,0
8.45881E+15,2.25712E+16,1.5678E+16,6.41004E+15,3.14331E+15,6.36258E+15,1.06137E+16,7.19634E+15,350770853604351,0
6.93008E+15,2.10426E+16,2.2802E+15,5.9453E+15,,4.73796E+16,1.39001E+16,6.40427E+15,414941370966986,0
6.25507E+15,1.7384E+16,2.54563E+16,6.23314E+15,,4.8202E+16,1.42351E+15,7.07044E+15,4.1942E+16,0
5.66982E+16,2.03453E+16,2.72446E+15,6.60495E+15,,3.61238E+16,1.10951E+16,6.89231E+15,5.60046E+15,0
7.94541E+15,2.118E+15,1.59383E+15,663645414145047,3.85653E+16,392166087904766,9.61902E+15,4.02338E+16,5.42892E+15,0
7.49984E+16,2.10985E+16,2.37075E+16,7.14852E+15,,4.84843E+15,1.8082E+16,5.29675E+15,4.45448E+15,0
4.69552E+16,1.9891E+16,2.47672E+16,7.87975E+15,3.53485E+16,5.12842E+15,1.99575E+16,4.43457E+15,4.64174E+15,0
6.71063E+15,2.03643E+15,2.37482E+15,6.72666E+15,3.42441E+15,4.55968E+15,1.58795E+15,6.3677E+15,3.86329E+16,0
9.50286E+15,1.75586E+15,4.46626E+15,6.41646E+15,3.70852E+16,4.0631E+15,1.37542E+16,5.74383E+15,4.23735E+15,0
4.40533E+15,1.69743E+16,1.50397E+16,6.3082E+15,3.52918E+15,4.24251E+16,1.44418E+16,7.91696E+15,4.08687E+15,0
6.81034E+15,1.66592E+16,1.88521E+16,7.84771E+15,,2.94384E+16,1.34473E+16,541176643228823,4.1157E+15,0
6.98313E+15,1.8112E+16,1.75033E+15,6.93163E+15,,181483753985146,1.15983E+16,7.20339E+15,4.42698E+15,0
6.96813E+15,2.05983E+15,1.92073E+15,7.286E+15,2.83479E+16,4.59177E+15,1.7917E+16,5.08788E+15,3.03082E+15,0
576255224970805,1.84847E+16,2.2159E+16,6.30226E+15,3.47775E+16,4.49435E+15,1.29505E+16,6.58397E+15,2.90659E+16,0
8.39725E+15,1.99496E+16,1.67722E+16,8.11722E+15,3.43404E+16,4.02465E+16,1.7236E+16,758535486015202,2.83579E+16,0
8.82833E+15,1.89976E+15,1.3528E+16,7.14597E+15,4.08591E+15,3.38512E+16,1.85435E+16,,3.05282E+15,0
939584220217389,1.62158E+16,9.22577E+15,8.27503E+15,,4.51525E+15,1.26327E+15,8.02499E+15,3.5305E+16,0
7.59318E+15,2.01069E+16,1.92142E+16,7.71012E+15,3.51386E+15,451211448561067,4.3719E+15,7.4674E+15,354209264375375,0
5.14913E+15,1.98332E+16,1.67953E+15,6.70807E+15,3.26953E+16,303333632377947,1.25109E+16,6.63764E+15,4.83918E+15,0
4.91674E+15,1.91467E+16,2.34253E+16,6.85758E+15,,316422251309072,1.82818E+16,4.34332E+16,3.61321E+15,0
,2.02887E+15,2.45186E+16,7.21741E+15,3.60154E+16,4.92352E+16,1.67433E+16,7.27101E+15,4.17457E+15,0
7.37129E+16,1.80737E+16,2.56723E+16,7.37742E+15,3.10567E+16,2.98053E+15,1.26716E+16,275593548827384,4.0847E+15,0
8.27875E+15,2.00162E+16,2.93819E+15,7.24988E+16,,4.56471E+16,1.51606E+16,7.03371E+15,4.76772E+15,0
1.0203E+16,2.11963E+16,2.17089E+15,7.4919E+15,,395140783042147,2.15206E+16,6.26595E+15,3.2709E+16,0
4.56216E+15,1.89261E+15,2.38298E+15,7.81512E+15,3.25167E+16,4.01552E+16,1.36241E+16,,4.82288E+15,0
,2.05952E+16,2.97438E+16,7.51869E+15,,4.30246E+16,207204728836129,8.23968E+15,3.89393E+15,0
5.20267E+15,1.9533E+16,2.30514E+15,6.95957E+15,2.45729E+16,4.73548E+15,1.16592E+16,495223302805099,3.92798E+16,0
914973392673672,2.30562E+15,3.04686E+15,7.66766E+15,3.37558E+15,5.39625E+15,1.61335E+15,5.81345E+15,5.43682E+15,0
7.61556E+15,2.0487E+15,8.40328E+15,6.01232E+15,4.18309E+15,3.11179E+16,1.27423E+16,6.72823E+15,4.24313E+16,0
7.81307E+15,1.83697E+16,9.81212E+15,7.60764E+15,4.00374E+16,5.39611E+15,1.23481E+16,9.03903E+15,4.71372E+15,0
7.72103E+15,2.03355E+15,3.58007E+16,7.6834E+15,3.12919E+16,4.24967E+15,1.80926E+16,9.64421E+15,4.16849E+15,0
9.05624E+15,1.97666E+16,1.74035E+15,7.68892E+15,3.3746E+15,414766630759681,1.53499E+16,6.36967E+15,3.31935E+15,0
8.08266E+15,2.13755E+16,2.16896E+16,8.77178E+15,3.25034E+16,5.08116E+15,1.70382E+15,,5.24713E+16,0
5.84867E+15,2.10441E+16,3.30954E+16,6.09588E+15,3.12376E+15,4.82452E+15,1.18133E+15,6.19351E+15,4.87453E+15,0
8.47055E+15,1.9949E+16,2.65594E+16,7.90438E+15,3.51739E+15,4.9152E+15,9.50488E+15,6.61464E+15,2.9358E+16,0
9.22858E+15,1.80945E+15,1.03454E+16,605698914296931,,3.97043E+16,1.82155E+15,5.39767E+15,3.83919E+16,0
8.17059E+15,2.08279E+16,1.28068E+16,5.48926E+15,3.22924E+15,4.72028E+16,1.33895E+16,2.85664E+16,3.99586E+16,0
6.38198E+15,2.11917E+16,2.07093E+16,6.17116E+15,2.78949E+16,5.25075E+15,1.66841E+16,7.45298E+15,4.9919E+15,0
6.98981E+15,2.21E+16,2.07695E+16,8.36102E+15,3.07523E+16,3.26586E+16,1.22862E+15,627686154045542,4.80858E+15,0
1.03781E+16,2.00004E+15,8.64483E+15,9.82351E+15,4.42761E+15,4.73814E+15,1.41562E+16,6.41644E+15,3.57745E+15,0
,1.82101E+16,1.74234E+16,6.81572E+15,,4.95513E+15,1.15584E+16,8.58641E+15,3.5682E+16,0
3.59082E+16,2.13702E+16,3.34317E+16,5.54236E+15,308380612133381,4.6563E+15,1.81269E+16,500810539605979,4.14478E+15,0
7.38852E+15,2.01058E+15,1.39211E+16,7.76649E+15,,5.60775E+15,1.44671E+16,7.4374E+15,4.40905E+15,0
6.96684E+15,1.58043E+16,1.22567E+16,7.10562E+15,37151743510289,3.82444E+16,1.44081E+15,7.81007E+15,2.95744E+16,0
6.70349E+15,1.8213E+15,2.43169E+16,7.00981E+15,3.41334E+16,4.79537E+16,2.00886E+16,5.3925E+15,4.22388E+15,0
7.13967E+16,1.83428E+16,1.69164E+16,6.53942E+15,,3.63768E+15,1.01444E+16,4.23155E+16,3.15139E+15,0
6.64879E+15,2.1396E+15,1.63884E+16,7.65651E+15,3.57728E+16,3.72687E+16,1.53795E+16,3.18955E+16,5.13805E+15,0
,1.8206E+16,1.78695E+16,983291119273741,3.61538E+16,3.59449E+15,2.02093E+16,4.91566E+15,4.17008E+15,0
7.94071E+15,1.9705E+16,1.07629E+16,7.51581E+15,3.84791E+15,4.06117E+15,1.62373E+16,7.46117E+15,2.99015E+16,0
8.22856E+15,1.82197E+16,1.81321E+15,6.71201E+15,3.35781E+15,5.69935E+15,151193475192876,6.33597E+15,2.78194E+16,0
866569208287077,1.6236E+16,3.80241E+16,6.28155E+15,,3.37973E+16,1.92707E+16,8.41926E+15,3.49403E+15,0
5.06404E+15,2.14529E+16,2.10351E+15,9.13481E+15,,471178108774357,1.33335E+16,5.81942E+15,5.1227E+15,0
7.89432E+16,176319303983598,116976069722698,8.19811E+15,3.76784E+15,3.83019E+16,1.26775E+16,5.72803E+16,2.86503E+15,0
7.04279E+15,1.94047E+16,1.67331E+16,7.70193E+15,350243966042523,5.04925E+15,1.97034E+15,8.22535E+15,3.96565E+15,0
8.30506E+15,1.77174E+16,8.45132E+15,5.80712E+15,3.35872E+16,3.61691E+16,1.43594E+16,5.09267E+15,4.46121E+15,0
826830759203937,168687890271917,1.31817E+16,6.38323E+15,2.98307E+15,2.94298E+15,1.23664E+16,7.92065E+15,4.40541E+15,0
,1.99571E+16,2.53051E+15,5.95679E+15,3.29133E+16,2.87596E+15,1.37861E+16,3.37816E+15,4.13307E+16,0
7.39756E+15,2.17937E+15,2.45022E+16,5.9191E+15,,4.26003E+15,1.22632E+16,4.95025E+16,2.45934E+16,0
6.3673E+15,1.83789E+16,1.16197E+16,6.03522E+15,3.43828E+16,3.62775E+16,1.66437E+15,732592207744983,2.61477E+16,0
8.41063E+15,1.85184E+15,2.99852E+16,817800799022398,,4.89904E+15,1.76978E+16,7.42301E+15,4.3523E+16,0
7.09825E+15,2.07535E+16,2.26715E+15,6.28458E+15,2.95586E+16,2.97106E+16,1.71053E+16,7.10208E+15,4.90957E+15,0
7.3225E+15,1.96104E+16,1.95344E+15,666115743127202,2.97841E+15,4.18076E+16,1.71618E+16,6.94674E+15,2.98165E+15,0
5.19822E+15,1.7312E+16,1.11784E+16,5.89346E+15,343209876448911,3.90066E+15,1.41609E+16,6.5433E+15,3.80732E+15,0
,2.13475E+15,2.06265E+16,8.44206E+15,3.18739E+15,3.37895E+16,7.68929E+15,7.70031E+15,3.23657E+16,0
,215750220701636,3.67761E+15,6.66906E+15,2.94111E+16,4.89886E+15,1.11803E+16,,4.75431E+15,0
6.28091E+15,1.78707E+16,1.695E+15,7.86614E+15,370326349763824,388552620694231,1.09714E+16,7.4608E+15,3.02129E+16,0
6.82393E+15,1.46131E+15,1.34679E+15,6.42322E+15,2.89576E+16,4.12841E+16,1.43077E+16,8.15295E+15,4.01614E+15,0
6.62999E+15,2.09157E+16,2.04879E+16,7.27891E+16,3.32878E+16,5.24883E+15,2.07518E+15,6.02368E+15,3.15521E+16,0
1.03016E+16,1.99609E+15,1.12788E+16,7.46489E+15,4.33448E+16,4.61979E+16,1.70991E+16,6.31908E+15,3.85785E+16,0
612319393539216,1.81312E+16,1.51351E+16,5.82404E+15,293840702718993,3.9161E+15,1.15918E+16,6.19467E+15,5.45783E+15,0
,1.96139E+15,1.05403E+16,6.45946E+15,3.59169E+15,4.0068E+16,1.35836E+16,4.59007E+15,4.14948E+15,0
6.84803E+15,1.65815E+16,6.06845E+15,6.13213E+15,3.73207E+16,4.42786E+16,1.11182E+15,6.40276E+15,4.25704E+15,0
,2.27083E+15,4.51666E+15,8.07597E+15,2.79758E+15,4.72246E+15,1.70138E+15,7.26063E+15,314478972588668,0
6.41153E+15,1.97685E+16,1.95053E+16,8.2624E+15,,4.36056E+15,1.29021E+15,,2.20068E+16,0
5.12265E+15,1.95019E+15,1.72795E+15,7.02744E+15,3.36466E+16,4.46712E+16,4.86163E+15,728375396737488,3.50452E+16,0
3.43486E+15,1.85343E+16,2.26902E+16,8.15095E+15,3.09218E+15,3.9837E+15,1.0035E+16,5.59473E+15,5.38951E+16,0
1.08481E+16,2.36725E+16,1.40362E+16,9.00288E+15,,5.64903E+15,1.74058E+16,,3.13384E+15,0
8.72539E+15,2.1361E+16,1.88627E+15,8.67013E+15,3.24027E+16,3.96229E+16,2.00557E+15,9.65915E+15,4.56554E+16,0
1.03517E+16,2.41672E+16,1.85883E+15,8.78438E+15,,3.03688E+16,1.36159E+16,7.51299E+15,5.22761E+15,0
8.17403E+15,1.9239E+15,1.98085E+16,6.95582E+15,3.777E+16,5.03522E+16,1.3781E+15,5.95428E+16,3.98678E+15,0
8.03401E+15,1.97609E+15,2.52047E+16,6.5011E+15,3.30552E+15,4.90822E+16,1.51073E+16,898009474059229,2.45212E+16,0
8.20554E+15,1.88277E+16,1.99028E+16,5.00279E+15,,3.31346E+16,1.50628E+16,5.78143E+15,3.63403E+16,0
7.89382E+15,2.03297E+16,1.68537E+16,7.33443E+15,3.39768E+16,3.9899E+16,1.93188E+15,5.85746E+15,3.5085E+16,0
,2.18406E+16,1.13706E+16,6.86683E+15,3.92842E+16,2.84551E+15,1.60955E+15,,3.26656E+16,0
5.48814E+16,1.92508E+15,2.17158E+16,5.45406E+15,,5.53287E+15,1.30815E+16,8.72795E+15,3.65299E+16,0
8.16307E+15,1.62232E+16,1.04946E+16,8.0875E+15,4.23952E+15,4.87318E+15,1.60116E+16,699767192461293,4.12819E+15,0
6.867E+15,1.84248E+16,1.44641E+15,6.75935E+16,3.71284E+15,4.97704E+15,1.47829E+16,7.34335E+15,3.48412E+16,0
5.82171E+16,2.20125E+15,4.00097E+15,6.63184E+15,,4.93118E+15,1.24208E+16,4.91293E+15,3.9082E+16,0
7.45189E+16,2.032E+15,1.58252E+15,6.75424E+16,,3.48953E+15,1.10949E+15,9.14931E+15,3.93008E+15,0
6.89832E+15,2.28803E+16,459396891579836,9.56403E+15,3.77814E+15,3.92382E+15,1.3873E+16,6.69836E+15,3.82231E+15,0
754434011403763,1.8012E+15,1.72533E+16,5.74125E+15,,5.75922E+15,1.48619E+16,5.8755E+16,4.43551E+15,0
4.10387E+15,1.68284E+16,2.22075E+16,5.85008E+15,,3.4487E+16,1.54665E+16,3.47196E+16,3.80885E+16,0
5.32994E+15,1.96035E+15,2.40005E+16,5.72957E+15,3.35092E+15,5.11705E+15,1.85881E+16,6.8458E+15,5.79932E+15,0
6.96299E+15,2.06818E+16,2.40366E+15,7.69145E+15,3.56633E+16,5.52273E+15,8.57469E+15,8.86201E+15,4.76038E+15,0
684605994179889,1.77829E+16,1.65157E+16,6.14721E+15,3.08902E+15,5.42997E+15,1.26265E+16,6.09003E+15,4.70937E+15,0
6.27984E+16,1.75891E+16,1.15825E+16,7.05999E+15,,430322091892864,1.56748E+16,8.67603E+15,3.27858E+15,0
6.73985E+15,1.97374E+16,3.47024E+15,5.86968E+15,2.61068E+16,3.90047E+15,1.77579E+15,9.13846E+15,4.37963E+16,0
5.49504E+15,1.84435E+16,2.67443E+16,7.35652E+15,3.3203E+16,4.59642E+16,1.84179E+15,7.18756E+15,4.11543E+15,0
7.58377E+16,2.17283E+16,3.63434E+15,8.53273E+15,375964391222051,3.93878E+16,1.74423E+16,7.77223E+15,3.64229E+15,0
5.8667E+15,1.59433E+16,1.6298E+15,578470854009484,,5.25214E+15,1.10554E+16,7.92887E+15,5.30297E+15,0
6.39498E+15,2.20422E+15,2.10513E+16,87395051283663,3.48048E+16,3.53365E+16,1.9637E+16,4.871E+15,4.732E+15,0
5.82126E+15,2.04049E+16,3.7174E+15,786781524178014,3.2902E+15,4.66783E+16,1.39887E+15,9.6827E+15,4.37108E+15,0
5.51406E+16,2.12555E+15,2.78597E+15,6.64636E+15,2.86475E+15,5.24548E+15,1.30678E+15,9.99184E+15,446036293825241,0
6.73088E+15,1.92436E+16,2.22961E+16,7.45054E+15,,3.26351E+15,1.18274E+15,,4.35914E+15,0
5.19807E+15,2.00464E+16,3.72002E+16,7.4011E+15,3.11795E+15,5.73136E+15,1.72387E+15,749482169651606,3.29503E+15,0
,1.91012E+16,9.62689E+15,6.17938E+15,3.53056E+16,2.71368E+15,1.34412E+16,9.24861E+15,4.65418E+15,0
7.36233E+15,2.15637E+16,2.82633E+16,6.47895E+15,,4.17608E+15,1.65525E+15,5.63993E+15,3.93356E+15,0
7.06614E+15,2.07361E+16,2.25234E+15,806469307232728,3.43294E+16,5.03253E+16,1.21683E+16,836566149592497,4.1276E+15,1
5.42035E+15,2.32387E+16,2.51072E+15,6.53668E+15,,4.73268E+15,1.08171E+16,8.1225E+15,3.75672E+16,1
7.01533E+15,2.22113E+16,1.63512E+15,7.83888E+15,3.5319E+15,4.20137E+15,884051445092797,6.65439E+15,5.25122E+16,1
,2.4624E+15,6.97423E+15,9.81247E+15,4.17912E+15,3.55532E+16,1.33301E+16,6.83884E+15,4.1387E+16,1
6.04467E+15,1.50671E+16,1.35936E+15,6.45624E+15,4.01737E+16,3.92207E+16,1.98274E+16,435642926066726,4.91488E+15,1
6.19865E+16,2.46477E+16,3.13695E+15,6.21895E+15,,5.27001E+15,1.05229E+16,6.21255E+15,3.57417E+16,1
7.67895E+15,1.78201E+16,2.02431E+15,7.09947E+16,,3.63974E+15,1.19132E+16,5.82737E+15,308954964758435,1
806206612314847,1.25705E+16,3.53817E+15,4.74011E+15,,4.63462E+16,7.09123E+16,9.85946E+15,3.04003E+16,1
7.2558E+15,2.00164E+15,3.25951E+16,7.57244E+16,3.24552E+16,489272160165231,1.23056E+16,4.56874E+15,3.96818E+15,1
,2.3944E+15,1.54269E+16,8.73175E+15,3.92312E+16,3.64956E+15,1.4162E+16,7.0766E+15,3.43017E+16,1
6.79241E+15,3.06627E+16,2.85082E+15,6.81142E+15,2.93078E+15,3.06116E+16,9.00614E+15,609120335280757,2.50565E+16,1
7.36817E+15,2.04041E+15,8.52487E+15,9.46976E+15,4.29814E+16,3.28565E+15,1.11732E+16,8.88888E+15,3.68426E+16,1
8.83779E+15,1.95827E+15,1.16102E+15,78700615413288,3.32759E+15,5.14926E+15,1.22916E+16,8.74291E+15,2.08708E+16,1
7.10814E+15,1.48625E+15,2.36882E+15,7.00349E+15,3.39113E+16,2.59964E+16,1.72186E+15,5.60449E+15,4.01525E+15,1
5.28962E+15,1.94056E+15,2.17762E+16,6.27829E+15,359099732993792,3.53773E+15,1.41815E+16,3.3592E+16,45481003496821,1
7.16925E+15,1.62478E+16,3.96241E+15,5.40835E+16,3.00695E+16,5.07027E+15,1.65592E+16,,4.53317E+15,1
7.69505E+15,1.5381E+15,1.15987E+16,8.05364E+15,,2.97676E+15,1.29074E+16,7.36887E+15,3.19888E+15,1
8.69315E+15,2.19178E+16,1.65599E+15,8.87701E+15,3.55305E+16,5.45229E+15,7.28301E+15,7.33315E+15,4.68785E+15,1
,1.84786E+15,181130173023734,8.31908E+15,3.81513E+15,5.30248E+15,1.93859E+16,7.09576E+15,3.07703E+16,1
6.99976E+16,2.19143E+16,1.60785E+16,7.65214E+15,3.55689E+15,282502338129087,1.72976E+16,6.50651E+15,3.36013E+15,1
689792271658945,1.73391E+16,1.66165E+15,635293353105966,3.2934E+15,3.37436E+15,1.2447E+16,6.01594E+15,4.49011E+15,1
638231460426029,2.12839E+15,2.42598E+16,7.3605E+15,,3.42581E+16,1.2333E+16,677489913795461,2.88137E+15,1
991709205694149,1.96604E+16,3.72152E+15,7.40802E+15,2.47935E+15,5.22549E+15,5.51204E+15,7.78308E+15,3.39333E+16,1
5.60903E+15,2.71631E+15,2.69553E+15,6.77275E+15,2.96652E+15,4.43873E+15,1.70487E+15,7.28274E+15,3.35489E+16,1
6.27746E+15,2.25942E+16,2.28073E+16,7.38926E+15,,3.28684E+16,1.32257E+16,5.08034E+15,312316615927887,1
,1.90267E+16,1.52551E+16,7.59769E+15,3.66192E+15,4.18477E+16,1.33127E+15,6894488848491,3.79674E+15,1
7.71431E+15,1.91693E+16,1.97896E+16,7.85656E+15,3.40326E+15,3.77926E+15,1.8917E+16,5.86922E+15,4.42513E+15,1
6.35129E+15,1.62213E+15,2.23374E+16,6.86796E+15,3.79614E+15,3.37077E+16,1.17121E+16,6.59678E+15,3.70705E+15,1
7.95887E+15,1.84829E+16,2.68457E+15,7.67372E+15,3.27239E+16,3.89264E+15,1.10329E+16,5.25105E+15,4.0079E+15,1
6.61819E+15,1.64255E+15,1.37766E+16,5.92546E+15,,3.15199E+15,1.20822E+16,6.14744E+16,379706786115003,1
6.00072E+15,1.61002E+16,2.11117E+16,433912599905565,3.01307E+15,3.84753E+16,9.26197E+15,7.10022E+15,4.17622E+15,1
6.39293E+15,1.59169E+16,2.12172E+16,5.29888E+15,3.17257E+16,3.05244E+16,1.68655E+16,621543794564029,3.27134E+16,1
6.97727E+15,2.23279E+16,2.02874E+15,5.27474E+15,2.82086E+16,3.77E+16,1.40463E+16,6.76272E+15,2.36704E+16,1
6.35344E+15,2.18549E+16,1.86648E+15,6.69039E+15,3.12393E+16,503414897004023,1.54225E+16,9.43869E+15,3.86111E+15,1
6.01994E+15,1.40868E+15,2.06664E+16,6.90352E+15,,4.28695E+16,8.39824E+15,6.7291E+15,2.74703E+15,1
7.3302E+15,1.59804E+16,1.48843E+16,9.19457E+15,4.11101E+15,4.04196E+15,1.73757E+15,5.1154E+15,2.88472E+16,1
9.24134E+15,1.57927E+16,3.15985E+16,6.77805E+15,,4.64025E+16,1.20536E+15,9.38717E+15,3.84258E+15,1
6.59317E+15,1.76613E+16,2.18578E+16,4.70904E+15,,3.10436E+16,1.43143E+16,5.2698E+15,3.93165E+15,1
6.94827E+15,2.25232E+16,6.87459E+15,1.0117E+16,4.29046E+15,3.86582E+15,1.58452E+16,5.9474E+15,409561181325633,1
,2.10733E+15,1.36714E+16,8.54619E+15,4.18471E+15,3.52252E+15,1.03537E+16,4.5304E+15,3.36489E+16,1
,2.14726E+15,2.10932E+16,7.3665E+16,2.91283E+15,5.39007E+15,1.46702E+16,6.22596E+15,3.58925E+16,1
5.93832E+15,2.1447E+15,1.08154E+16,7.79554E+15,,6.26129E+15,1.74776E+16,5.99897E+15,3.8895E+16,1
824955050895133,2.30933E+16,3.28987E+15,7.01997E+16,2.80675E+16,3.64931E+16,1.70512E+16,6.97816E+15,4.28483E+15,1
6.90382E+15,2.58527E+15,3.54557E+15,4.88138E+15,206247229446338,3.18623E+16,1.39617E+15,6.58667E+15,3.86784E+16,1
7.60567E+15,2.10371E+15,9.58371E+15,850940333925466,3.71472E+15,3.25684E+16,1.17813E+16,865134743861137,5.55407E+15,1
6.58929E+16,1.08699E+16,3.42982E+15,4.94941E+15,3.1761E+15,3.2459E+16,1.94954E+16,,3.18111E+15,1
7.51182E+15,1.74614E+15,1.57369E+16,803428389125894,,3.03108E+16,1.74255E+16,906623366916451,2.28552E+15,1
7.30144E+15,1.43431E+16,4.67186E+15,4.76878E+15,2.52466E+16,4.4684E+16,1.25754E+16,6.06484E+15,3.16007E+16,1
6.78829E+15,1.82037E+16,2.56614E+16,6.93985E+15,3.52345E+16,4.19896E+15,1.18354E+16,7.1436E+15,4.25595E+15,1
,1.84041E+15,2.37271E+16,4.96445E+15,2.77681E+15,3.82848E+15,1.02136E+16,7.5561E+15,3.71447E+15,1
,1.94761E+16,3.81192E+16,6.99816E+15,3.33289E+15,4.36927E+15,1.37466E+16,6.04906E+15,3.35698E+16,1
6.69253E+15,2.00404E+16,3.70332E+16,4.72707E+16,2.80845E+15,3.76673E+15,1.24853E+15,578184837106709,2.94212E+16,1
6.0281E+15,2.62808E+16,1.71501E+15,9.37839E+15,3.80301E+16,514545672099499,2.06376E+16,7.65291E+15,4.08079E+15,1
6.71594E+15,2.18062E+16,1.71802E+16,8.91597E+15,3.93276E+15,3.49003E+15,1.43546E+16,5.72471E+15,2.40473E+16,1
7.49079E+15,2.02458E+16,2.65514E+16,712077230286162,3.12934E+15,3.06346E+16,1.79982E+15,6.73561E+15,4.35454E+15,1
,2.8737E+16,4.13254E+15,5.51728E+16,,3.75725E+15,1.39773E+15,9.78598E+15,432232533697766,1
6.33659E+15,1.0638E+15,1.55701E+15,6.8514E+15,4.41588E+15,3.80433E+15,5.21823E+15,487355139639406,4.35659E+15,1
7.38176E+15,2.0346E+16,1.37209E+16,1.11292E+16,4.75737E+15,3.61342E+16,1.65484E+16,5.51325E+16,3.33802E+16,1
7.25602E+15,1.9665E+15,4.41842E+15,5.26556E+15,2.60426E+16,3.2425E+15,8.14893E+15,693750440847648,4.53496E+15,1
7.02582E+16,1.47968E+16,2.12267E+16,734238063859913,3.87403E+16,4.211E+15,1.39961E+16,5.11741E+15,4.74609E+15,1
7.60688E+15,1.8384E+16,2.93399E+16,5.70362E+16,2.59535E+15,4.26986E+15,1.4007E+16,9.15907E+15,4.56446E+15,1
6.98386E+15,2.02256E+15,1.18488E+16,7.65753E+15,,4.86971E+16,1.60614E+16,6.18514E+15,4.15957E+15,1
6.34702E+15,9.72809E+15,1.97431E+16,3.40268E+16,3.05431E+16,5.02919E+15,1.50941E+15,8.65542E+15,4.52635E+15,1
7.32283E+15,2.30343E+16,2.46821E+16,7.42558E+16,3.23833E+16,3.49313E+16,9.49794E+15,5.06601E+16,3.98197E+16,1
6.77751E+15,2.07051E+15,1.52289E+16,6.18241E+15,3.21399E+16,5.23242E+15,1.26837E+15,8.6166E+15,4.26318E+15,1
8.37036E+15,1.55554E+15,271933173775301,5.79145E+15,,3.5652E+15,7.83211E+15,6.94197E+15,2.74665E+15,1
6.64276E+15,1.68896E+16,3.65055E+15,6.06256E+15,2.98552E+15,4.74057E+16,1.42992E+16,7.17069E+15,4.29921E+15,1
621758491448443,2.03707E+15,1.55976E+16,7.75146E+16,3.61248E+15,452922024905992,145971445174402,7.0851E+15,415016690975386,1
6.63012E+15,1.92522E+16,3.62697E+15,4.97387E+15,2.77499E+15,3.20471E+15,1.47863E+16,8.09802E+15,3.35276E+15,1
8.05102E+15,1.71752E+15,2.83387E+15,6.39212E+15,3.19005E+16,496906266181651,1.61929E+16,9.11232E+15,3.76744E+15,1
841608681704654,2.08326E+16,2.82349E+16,7.78412E+15,2.97331E+15,4.4456E+16,1.26452E+16,787565328358605,4.93008E+16,1
,1.66914E+16,2.40375E+15,7.13671E+16,3.49885E+16,4.11478E+16,9.45647E+15,9.49011E+15,3.7437E+16,1
7.93307E+15,2.04724E+16,1.27329E+16,7.71719E+15,3.31087E+15,4.49686E+15,1.56696E+16,5.54041E+15,4.53423E+16,1
7.91761E+16,1.81525E+15,1.58057E+16,7.26302E+15,,2.91796E+16,1.30436E+16,7.71311E+15,3.78409E+16,1
8942045991487,2.15674E+15,5.64887E+15,3.23144E+16,1.29E+16,5.41915E+15,9.31377E+15,7.08284E+15,4.35429E+15,1
7.03395E+15,2.46623E+15,1.54285E+16,7.57077E+15,3.05616E+15,516217847243303,1.75268E+15,9.16028E+15,3.93173E+15,1
,1.58208E+16,452430289529302,4.06488E+15,2.4718E+15,3.99767E+15,1.60862E+16,5.35021E+16,4.10886E+15,1
758004880807379,2.25089E+16,3.17499E+16,588479511562775,,5.03909E+16,1.85024E+16,783543406993554,3.95964E+15,1
8.47325E+15,1.2924E+15,2.04656E+16,7.21292E+15,,5.90907E+15,1.52927E+16,6.39398E+16,4.81019E+15,1
6.81642E+15,2.3727E+16,2.41703E+15,8.70601E+15,3.49772E+15,4.77024E+15,1.65741E+16,9.29458E+15,4.27474E+16,1
6.46003E+15,215440641301999,3.57758E+16,6.50254E+15,307563454895814,3.65094E+16,8.12754E+15,7.7555E+15,3.5356E+15,1
6.22783E+15,1.69926E+16,2.25505E+16,4.97359E+15,2.97404E+16,4.60415E+15,2.07896E+16,9.33007E+15,4.00735E+15,1
,1.90568E+15,1.8589E+16,7.47035E+15,3.62147E+15,4.71445E+16,1.37602E+16,9.03063E+15,4.4002E+15,1
,1.95541E+16,4.1425E+16,989270343964255,4.62474E+15,4.35418E+16,1.5846E+16,,3.61292E+15,1
5.63273E+15,2.83997E+15,2.83154E+15,7.14466E+15,3.18465E+16,4.25984E+15,1.18132E+16,6.7651E+15,5.11461E+15,1
619124144257447,2.31323E+15,2.97784E+16,438109672011746,2.48304E+15,4.88954E+15,1.30221E+16,5.40609E+15,3.31507E+16,1
7.70103E+15,121575139230317,1.69789E+16,6.81242E+15,3.5425E+16,3.68225E+16,1.29973E+16,692602092263662,3.39548E+15,1
,1.87043E+16,2.46346E+16,9.08188E+15,,4.43843E+15,1.10539E+16,7.41082E+15,3.49872E+15,1
883264111562239,1.99425E+15,2.51001E+15,6.81766E+15,,4.53758E+16,1.46324E+16,8.26506E+15,3.45215E+16,1
5.64608E+15,2.19343E+16,2.24557E+16,8.28376E+15,3.86039E+15,4.01256E+15,1.66501E+16,3.1174E+16,3.93851E+16,1
733210396318143,1.85415E+16,2.44125E+15,7.25385E+15,,3.10262E+16,1.49422E+16,,3.9011E+16,1
7.89674E+15,1.97602E+16,9.40766E+15,9.61006E+15,4.00275E+16,270794058781986,1.13006E+16,5.32018E+15,4.88946E+15,1
5.67529E+15,2.2859E+16,3.91724E+15,6.01474E+15,,3.30079E+15,1.14234E+15,5.92671E+16,5.02146E+15,1
6.01062E+15,1.84559E+16,1.59406E+16,8.16522E+15,4.21486E+15,3.1453E+15,2.03146E+16,8.37079E+15,4.86729E+15,1
7.98602E+15,1.80796E+16,2.4713E+15,5.68787E+15,2.87571E+16,4.34955E+15,8.64249E+15,8.4582E+15,3.153E+16,1
,2.63858E+15,1.6671E+15,7.75824E+15,,427811456301812,1.7152E+15,7.78107E+15,430405163167599,1
7.15961E+15,1.67823E+16,3.0898E+16,5.48492E+15,,4.37349E+16,1.55819E+16,6.18535E+16,4.94384E+15,1
7.5652E+15,2.13428E+15,1.12464E+16,8.20868E+15,3.77222E+15,3.41716E+15,1.567E+16,6.72301E+15,5.185E+15,1
6.86557E+15,2.31445E+16,2.25858E+15,5.67639E+15,,4.96603E+15,1.6155E+16,91461708784448,4.91622E+15,1
5.73668E+15,1.80291E+16,1.26835E+16,7.90788E+15,4.23876E+15,4.15007E+15,1.23929E+16,8.3707E+15,2.74179E+16,1
6.12907E+15,1.98021E+16,2.22075E+16,7.38745E+15,,4.64851E+15,1.40286E+16,6.14469E+15,3.83764E+16,1
5.99137E+15,1.86723E+15,2.8703E+16,5.92229E+16,3.38028E+16,4.30185E+15,1.76646E+15,6.85732E+15,4.53937E+15,1
9.72338E+15,1908974211219,9.07665E+15,9.75209E+15,3.57385E+15,4.43037E+15,1.33078E+16,6.28267E+16,4.07206E+16,1
7.73631E+15,2.25063E+15,1.94968E+16,7.15834E+15,2.89946E+15,4.33974E+15,1.51538E+16,7.47651E+15,3.70092E+16,1
671579947892659,1.93163E+16,1.6007E+15,6.36916E+15,3.14452E+15,3.16278E+16,1.78655E+16,8.51925E+15,4.99975E+15,1
7.96676E+15,1.63927E+16,1.33547E+16,7.47697E+16,,3.6638E+16,1.71259E+15,,4.81635E+15,1
8.24256E+15,1.55616E+16,2.40422E+15,7.63921E+15,3.38294E+15,4.18264E+16,1.32659E+16,6.6578E+15,3.52943E+16,1
6.53955E+15,2.15445E+16,2.89798E+16,7.01537E+15,3.12335E+15,4.26083E+16,1.795E+16,5.49839E+15,4.0764E+15,1
6.78538E+15,2.16647E+16,1.30989E+16,5.56553E+15,,3.43972E+16,1.52386E+16,6.56147E+15,4.67792E+15,1
7.00797E+15,2.48905E+16,2.61363E+16,7.77374E+15,3.35054E+15,4.03754E+16,1.09055E+15,7.5333E+15,4.62897E+15,1
7.74038E+15,1.79302E+16,1.24778E+16,9.98963E+15,4.21394E+15,4.71783E+15,8.4124E+15,66163439242252,3.01336E+16,1
7.91809E+16,1.75337E+16,2.95657E+16,7.43218E+16,,3.22533E+16,1.13092E+16,7.01167E+15,4.64004E+15,1
5.77277E+15,1.86061E+16,2.66938E+16,5.80858E+15,333073364224501,3.12869E+15,1.23763E+16,3.27612E+15,4.15469E+15,1
7.57168E+15,1.73008E+16,8.83556E+15,9.56611E+15,4.36294E+15,3.05834E+15,1.10096E+16,9.24819E+15,3.92029E+16,1
8.73353E+15,2.03396E+16,2.45784E+16,6.59414E+15,2.88678E+15,3.36825E+16,1.67019E+15,6.87931E+15,3.1492E+16,1
6.91786E+15,2.00706E+16,2.76516E+15,6.52977E+15,3.21696E+15,4.53638E+16,1.12834E+16,9.19422E+15,5.54417E+15,1
8.51278E+15,1.57667E+16,3.30927E+16,6.76547E+15,3.05856E+16,3.77619E+15,1.33094E+16,4.30194E+15,4.02662E+15,1
6.53912E+16,2.1862E+16,2.33083E+16,7.17745E+15,3.55444E+15,5.85166E+15,1.07421E+16,4.07739E+15,421167195883605,1
,2.28757E+16,3.21618E+15,6.9613E+15,3.14143E+15,3.09608E+16,1.92184E+16,5.4268E+16,553747584049303,1
8.22708E+15,274351886995951,4.0547E+16,7.13016E+15,2.41447E+16,4.17674E+16,9.80967E+15,7.93971E+15,3.61918E+15,1
7.2742E+15,1.56111E+16,1.62559E+16,7.65455E+15,3.8118E+15,59180147197882,1.23125E+15,5.96805E+15,3.15276E+16,1
7.11898E+15,1.60963E+15,3.25281E+16,5.08913E+15,2.92288E+16,4.40318E+16,1.00081E+16,6.16798E+15,5.34921E+15,1
,1.6341E+16,3.28655E+15,6.06679E+15,3.17467E+15,279646803827296,1.08117E+16,8.15265E+15,3.57461E+16,1
5.94194E+15,2.49164E+15,1.4778E+15,6.39068E+15,3.35796E+16,5.17547E+15,1.59319E+15,6.65514E+15,4.30218E+15,1
7.27891E+15,1.35259E+16,2.21845E+15,7.15654E+15,3.5791E+15,4.80143E+16,1.1316E+16,549439919588549,4.20158E+15,1
744518902590451,1.50776E+16,4.1682E+15,1.05734E+16,4.7654E+15,3.55578E+16,1.53524E+15,7.4761E+15,2.7458E+15,1
6.4425E+15,1.83071E+16,1.15924E+16,8.96074E+15,4.08243E+16,3.85015E+15,1.61483E+15,833325162575065,2.89102E+16,1
,1.90877E+16,3.98025E+15,5.21668E+15,2.88232E+16,3.65148E+15,1.36808E+16,9.19257E+15,4.98988E+16,1
6.91973E+15,1.94859E+15,3.55587E+15,6.37198E+15,2.99787E+16,3.94829E+16,1.1984E+16,6.98531E+15,4.12083E+15,1
6.47237E+15,164768901465965,2.42465E+16,7.62301E+15,3.73213E+15,3.6808E+15,1.27641E+16,9.67954E+15,4.13458E+15,1
8.25122E+15,1.67385E+16,1.76179E+15,7.04443E+15,3.234E+16,2.77413E+15,1.24935E+16,6.12752E+16,3.49506E+15,1
,1.91665E+16,1.89641E+15,814835846973079,3.18992E+16,3.54102E+16,1.50725E+16,841156733811639,4.60066E+15,1
6.70711E+15,2.11087E+16,1.07948E+16,7.96719E+16,3.73572E+15,4.06199E+15,1.87817E+15,,2.64025E+16,1
7.24019E+15,1.54138E+16,3.11447E+16,4.80707E+15,2.61213E+15,4.51016E+16,1.08519E+15,,3.36282E+16,1
6.52849E+15,1.84429E+16,1.08352E+16,68263306319169,3.78776E+15,4.30419E+15,1.36213E+16,1.00822E+16,4.58597E+15,1
7.03184E+16,1.75466E+16,1.26539E+16,7.83661E+15,,5.71822E+15,1.32165E+16,6.10847E+15,2.72556E+16,1
7.49439E+16,2.05191E+16,2.50582E+16,6.88166E+15,327949396430524,3.13092E+15,1.65891E+15,729767414405051,3.57965E+16,1
6.95743E+15,2.1438E+16,1.50074E+16,6.99716E+15,3.28819E+15,4.68555E+15,1.74073E+15,1.04207E+16,4.89205E+16,1
,1.79408E+16,1.65898E+16,8.40584E+15,3.17838E+16,327650903904166,1.55536E+16,,332738442877916,1
6.96232E+16,2.05183E+16,3.52291E+15,5.08871E+15,2.5473E+16,3.60059E+15,1.36176E+15,,4.52677E+15,1
6.50962E+15,1.9776E+16,2.01222E+16,6.86278E+15,3.53012E+15,4.72709E+15,1.10588E+16,6.46633E+15,3.80282E+15,1
8.0693E+15,1.91004E+15,1.66545E+16,8.03821E+15,3.50578E+16,4.182E+15,1.22938E+15,4.90093E+15,3.02138E+15,1
7.21338E+15,2.13767E+16,2.73777E+16,6.9153E+15,3.27717E+15,4.57512E+15,1.79687E+15,,3.45344E+16,1
6.79084E+15,2.71601E+16,1.43486E+16,9.92332E+15,368842011462866,6.1063E+15,9.3868E+15,9.14021E+15,3.43828E+16,1
6.97521E+15,1.75421E+16,3.57012E+16,5.49425E+15,2.90053E+16,4.01059E+16,1.02853E+16,6.64206E+15,5.25648E+15,1
7.42223E+15,2.03323E+15,401481237214392,5.60231E+15,2.5659E+16,4.01775E+15,9.02566E+15,5.30196E+16,4.48651E+15,1
6.50507E+15,2.2642E+16,169821319743572,6.93847E+15,3.18246E+16,4.84092E+15,1.85271E+16,8.04628E+15,2.891E+15,1
6.61786E+15,1.74281E+16,3.32456E+15,7.02219E+15,3.26168E+15,4.79921E+16,1.59189E+15,6.03398E+16,4.60135E+16,1
6.76977E+15,1.78332E+15,1.69803E+15,7.0517E+16,3.69906E+15,2.99405E+15,1.87037E+16,6.28685E+15,3.84661E+15,1
6.34175E+15,1.39959E+15,1.80583E+15,8.36134E+15,4.17602E+15,347464419055724,1.33144E+16,5.8221E+16,401901054979541,1
7.05887E+15,1.91548E+16,1.64731E+16,8.43579E+15,367853179516565,4.62994E+15,1.25744E+16,1.75278E+15,393733418398454,1
753928739507425,2.5849E+16,2.69994E+16,7.00209E+15,2.66803E+15,3.52196E+16,1.46508E+15,5.91588E+15,5.42737E+15,1
,1.63167E+15,3.65256E+15,551292702438785,2.84624E+15,5.22601E+15,1.43955E+16,7.88685E+15,4.64569E+15,1
7.49081E+15,1.98967E+15,6.87356E+15,8.53433E+15,,4.40471E+16,1.10475E+16,6.0936E+15,3.71637E+16,1
6.03743E+15,2.27034E+16,1.29888E+16,847690539073455,3.92381E+16,3.06386E+16,7.12239E+15,4.11905E+15,3.59422E+16,1
,1.58695E+15,8.72123E+15,8.1045E+15,4.2571E+16,4.71074E+16,1.53539E+16,748856757713294,3.39213E+15,1
6.7067E+15,2.32927E+16,2.78815E+16,7.88145E+15,3.37111E+15,4.43209E+16,1.45234E+16,6.41217E+15,4.37188E+15,1
,1.56388E+15,2.68858E+16,4.89428E+15,2.91919E+15,5.54221E+15,1.42771E+16,5.34819E+15,4.70968E+15,1
,1.86366E+16,7.55702E+15,9.45421E+15,4.06038E+16,2.88369E+16,1.28614E+16,7.2187E+15,4.11626E+15,1
6.75885E+16,2.18153E+16,2.25408E+15,7.19644E+15,3.04681E+15,3.82503E+15,1.88387E+16,53815434821713,3.63997E+16,1
7.48678E+15,1.51203E+16,3.11302E+15,458407124473733,,3.51575E+15,1.89385E+16,5.31371E+15,2.74843E+16,0
6.90412E+15,2.2896E+16,1.0837E+16,7.79259E+15,3.62297E+16,513188841524663,1.27045E+16,4.0546E+16,4.14182E+15,0
,1.55263E+16,4.26173E+15,5.82942E+15,4.49268E+15,4.56185E+15,2.0681E+16,7.71375E+15,2.8465E+16,0
7.34894E+16,2.67655E+15,1.58183E+15,1.05747E+16,,5.41755E+15,134081464935378,5.46191E+15,4.72575E+15,0
7.84606E+15,2.24059E+16,2.32641E+16,592236704115349,3.00403E+16,3.87971E+16,1.34067E+15,4.30752E+15,2.48797E+16,0
,2.29621E+15,1.99557E+15,7.60865E+15,2.85433E+16,491880577999789,1.10269E+16,8.52419E+15,3.11376E+16,0
6.17981E+16,2.48833E+16,1.53916E+16,8.01426E+15,2.73087E+15,4.87626E+16,9.69648E+15,6.9697E+15,3.70432E+15,0
6.75567E+15,2.09362E+15,1.38216E+16,7.55741E+15,3.3462E+15,4.99071E+15,1.93391E+15,810987461135178,3.95952E+16,0
,2.13652E+16,2.82668E+15,3.63211E+16,,4.83798E+15,1.57419E+15,7.88109E+15,4.31229E+15,0
7.2666E+15,9.84529E+15,3.64901E+15,7.13881E+15,4.23187E+16,5.02883E+15,7.36077E+15,7.62903E+15,4.95273E+15,0
8.21817E+15,1.16062E+16,2.24657E+16,5.00045E+15,,4.0836E+16,6.73279E+15,9.09933E+15,424644617230064,0
6.98006E+15,1.64127E+16,1.76255E+16,6.47956E+16,3.72748E+15,4.92703E+15,1.16658E+15,487102932160505,3.96946E+15,0
6.38198E+15,2.35945E+16,1.8983E+15,828651389879848,,5.11485E+16,1.61835E+16,778395213926506,3.29905E+15,0
6.64801E+15,1.91842E+16,1.51763E+16,5.66166E+15,,4.71047E+16,1.54383E+15,565323871527517,3.82978E+15,0
5.89994E+15,2.05914E+16,3.03794E+16,944614797716712,3.12283E+15,5.12337E+15,6.30606E+15,5.50652E+15,3.85898E+16,0
7.2609E+15,1.89078E+16,2.13912E+16,657686619244806,3.56622E+15,3.90285E+15,1.43916E+16,8.10825E+15,4.38382E+15,0
5.57592E+15,2.23374E+16,1.45531E+15,9.68918E+15,2.3461E+15,2.52968E+16,1.22495E+15,5.9523E+15,429444755906491,0
5.4674E+16,1.97029E+16,1.28832E+15,9.26488E+15,3.47421E+15,3.55176E+16,1.27625E+16,671595324059163,3.71782E+16,0
609001605715742,2.16736E+16,1.25589E+16,9.2973E+15,3.17983E+16,4.09427E+15,1.07548E+16,3.09658E+16,2.94352E+16,0
8.20545E+15,1.45797E+16,1.79813E+15,6.58046E+15,3.59393E+15,4.20394E+16,1.58568E+16,1.00712E+16,3.73992E+16,0
7.67051E+15,1.23337E+16,3.38436E+16,5.21637E+15,3.90746E+15,4.62968E+15,1.86987E+16,8.29047E+15,3.93383E+16,0
6.7911E+15,2.09128E+15,2.01492E+16,5.804E+15,2.88357E+16,2.91304E+15,1.23273E+16,5.73036E+15,3.08404E+16,0
6.00677E+15,2.26874E+16,2.02797E+16,816641628348054,2.25517E+15,2.75987E+16,9.65079E+15,5.264E+16,4.03475E+15,0
,2.04385E+16,3.29513E+15,5.99528E+15,3.24505E+16,3.39642E+15,4.47309E+15,711904962773906,4.90523E+15,0
6.33634E+16,2.14072E+15,1.46196E+16,6.58441E+15,3.15997E+15,3.70796E+15,1.22194E+15,836688789897106,3.7888E+15,0
7.47324E+15,2.23265E+16,1.99326E+15,5.77011E+15,3.17709E+16,5.90325E+15,1.35569E+16,8.94536E+15,3.87771E+15,0
,214193077795847,2.16713E+16,8.27294E+15,,4.73415E+16,1.57069E+15,7.31702E+15,4.24639E+16,0
7.3801E+15,2.37923E+16,1.68625E+16,7.10182E+15,3.06183E+16,4.78655E+15,1.32545E+16,9.28646E+15,5.03045E+16,0
1.00676E+16,1.44614E+15,3.97161E+15,4.50337E+15,3.9091E+16,4.15051E+15,1.76588E+16,,3.77679E+16,0
5.91594E+15,2.74264E+16,6.96774E+15,1.00694E+16,2.47646E+16,3.21237E+16,1.20922E+16,3.94486E+16,2.58585E+15,0
,1.71695E+15,3.89711E+15,8.36558E+15,3.85954E+15,3.97442E+16,1.72016E+15,7.3647E+15,2.64321E+16,0
6.12485E+15,1.51691E+16,1.5092E+16,6.61079E+15,3.82319E+16,3.88138E+16,1.6622E+15,6.91678E+15,4.21197E+15,0
,1.37253E+15,2.05939E+16,3.96111E+15,3.93685E+16,520410505321842,1.92496E+15,5002993328945,3.30242E+15,0
7.8765E+15,2.50897E+16,1.57411E+16,8.07574E+15,,3.91259E+15,1.65439E+16,5.92461E+15,3.9139E+16,0
6.02105E+15,1.78224E+15,1.89664E+15,1.02136E+16,,4.00566E+16,1.28418E+16,6.08702E+15,4.66106E+15,0
,1.93168E+16,2.08944E+15,7.33157E+15,3.59427E+15,4.17425E+16,1.67871E+15,381070046276617,3.8184E+16,0
,166696694784928,1.48074E+16,6.80186E+15,2.69708E+16,5.36337E+15,1.38393E+16,7.75503E+15,3.4348E+15,0
6.58545E+16,1.66966E+16,3.02103E+16,9.5083E+15,3.40246E+15,4.30079E+16,2.32343E+16,7.27999E+15,4.27564E+16,0
6.34267E+15,1.57046E+16,210796062064613,7.27508E+16,3.18853E+15,3.51024E+15,1.40191E+16,6.44075E+15,4.58259E+15,0
6.63299E+16,2.38325E+15,1.28291E+16,7.34736E+15,3.31302E+15,4.51734E+16,1.96409E+15,7.32015E+15,4.36085E+15,0
5.4007E+15,1.97919E+16,996896273804851,7.879E+15,,50389635686519,1.74089E+16,7.73828E+15,3.55574E+15,0
7.46015E+15,2.21343E+16,2.54809E+15,6.92694E+15,,4386196351489,1.30891E+16,5.8084E+15,2.41363E+16,0
6.70982E+15,1.48253E+16,2.09222E+16,4.63357E+15,,4.00343E+15,1.83309E+16,4.04956E+16,1.68762E+16,0
8.05489E+15,2.3914E+15,2.85454E+16,5.09689E+15,,5.74403E+15,1.7778E+16,5.6353E+16,3.52438E+16,0
5.36519E+15,2.38291E+16,1.62629E+16,7.50793E+15,2.55545E+15,3.93534E+15,1.2465E+16,2.70957E+15,3.1808E+16,0
6.92039E+15,2.52353E+16,1.10863E+16,9.99338E+15,2.85745E+15,368629147028837,1.71208E+16,4.36671E+16,3.2776E+16,0
7.02546E+15,184484426519738,3.166E+16,5.23202E+15,,5.59003E+15,1.4393E+16,5.62903E+16,2.92705E+16,0
7.97425E+15,1.73751E+16,2.68486E+16,6.05553E+16,3.3794E+15,3.47748E+16,1.37576E+16,7.55354E+15,3.19594E+16,0
8.03106E+15,2.22628E+16,1.81348E+15,8.75451E+15,3.14472E+16,4.5297E+16,1.2066E+15,7.85497E+15,3.33888E+15,0
7.61406E+15,2.13691E+15,1.75982E+16,813131943495176,,3.84087E+15,5.05169E+15,7.08332E+15,3.43795E+16,0
7.64358E+15,2.09861E+15,2.18855E+16,9.52923E+15,,3.37632E+16,8.86361E+15,6.36469E+15,3.76216E+16,0
7.73132E+15,1.6905E+16,3.83562E+16,6.02845E+15,2.97329E+15,525879408394896,1.60711E+15,7.49097E+15,5.16428E+15,0
6.2684E+15,154681902265275,2.30503E+16,6.83294E+15,2.90703E+16,4.2122E+15,1.38814E+16,6.58914E+15,3.38971E+15,0
7.36991E+15,1.55645E+16,1.92834E+16,543502468987419,3.99941E+15,3.91324E+16,1.81486E+16,6.36986E+15,3.82172E+15,0
,2.41181E+15,2.56963E+15,5.69456E+16,3.33902E+15,3.86298E+15,1.45312E+16,3.39184E+16,4.14239E+15,0
632037528471829,1.65822E+16,2.04816E+16,7.60596E+15,3.54289E+15,4.22341E+15,1.4794E+16,4.60431E+16,2.72862E+16,0
729008857213943,2.05213E+16,2.61156E+16,5.13789E+16,3.57794E+15,4.02875E+15,7.96048E+15,6.36985E+15,4.70062E+15,0
635651106246199,1.64618E+16,1.75385E+15,8.34519E+15,3.45145E+16,4.3096E+16,1.53294E+16,470213818503514,341552552539749,0
7.97407E+15,1.60224E+16,2.94778E+16,2.45601E+16,3.24056E+16,3.71212E+15,1.86939E+16,54280623851348,4.06909E+16,0
4.94351E+15,2.67533E+15,1.18704E+16,8.87787E+15,,4.17413E+16,1.52528E+16,2.27497E+16,5.07084E+15,0
770036230513608,220571796189289,2.94322E+16,6.35629E+16,3.2275E+16,4.44958E+15,1.30274E+16,7.78298E+15,3.78649E+15,0
6.05461E+15,228198026777358,1.02158E+16,5.98397E+15,3.06797E+15,4.41499E+16,1.72291E+16,6.53402E+15,4.88916E+15,0
4.22142E+15,1.2056E+16,3.43702E+15,7.96089E+15,4.11581E+16,4.36775E+16,1.43958E+16,64601468391238,4.27871E+15,0
8.54589E+15,2.55325E+16,3.10566E+15,3.61978E+15,,4.26883E+15,1.3783E+16,3.44483E+15,5.03688E+15,0
7.75218E+15,1.82065E+16,1.36557E+16,681724723500068,3.37754E+15,3.28217E+16,1.52311E+15,9.22551E+15,4.72551E+15,0
5.58813E+15,2.20818E+16,8.73031E+15,8.3219E+15,300220427519446,4.12709E+15,6.47863E+15,8.06378E+15,3.16562E+16,0
8.64987E+15,1.78589E+16,1.85038E+16,7.24082E+15,3.56263E+15,3.29504E+15,1.52807E+16,8.37835E+15,3.08168E+16,0
7.89926E+15,1.87701E+16,3.22108E+16,4.99676E+15,3.20532E+15,4.0015E+15,1.98736E+16,4.69133E+15,4.44817E+15,0
5.95227E+15,1.36891E+16,2.8106E+16,7.33096E+15,3.8981E+15,4.23964E+15,1.53738E+16,6.89698E+15,4.76977E+15,0
80401875566739,2.01809E+16,1.18616E+16,7.20031E+15,3.00398E+16,4.20549E+15,7.16861E+15,9.07618E+15,3.22114E+15,0
4.31322E+16,1.91119E+16,1.27708E+16,8.23157E+15,2.84946E+15,4.99855E+16,1.35013E+16,7.6444E+15,3.92359E+16,0
6.70702E+15,2.09779E+16,1.47944E+15,7.80929E+15,,5.53644E+15,8.02757E+15,7.82372E+15,3.16563E+16,0
5.85356E+15,1.86808E+16,1.97909E+15,6.61578E+15,,4.89797E+16,1.96707E+16,6.504E+15,3.75687E+16,0
8.8174E+15,1.75755E+15,2.31733E+16,6.73086E+15,3.67154E+15,5.52075E+15,7.73311E+16,9.14434E+15,3.8641E+16,0
,1.71435E+15,3.92076E+15,471050999238572,3.54445E+16,3.81685E+15,2.02121E+15,9.74189E+15,2.8125E+16,0
,1.93577E+16,1.96714E+15,7.5689E+15,3.42673E+15,3.22736E+15,1.85116E+15,7.77103E+15,3.48152E+16,0
7.47641E+15,2.46185E+16,2.71099E+16,9.79196E+15,3.41164E+16,3.3973E+16,1.62177E+15,7.7603E+15,3.47819E+15,0
7.69149E+15,1.55185E+16,3.65782E+16,7.69073E+15,4.05169E+15,5.3689E+15,1.6215E+16,7.75821E+15,4.0425E+15,0
7.36737E+15,1.76335E+15,1.66636E+15,8.06278E+15,,3.54765E+15,1.06829E+16,3.73634E+15,3.81722E+16,0
892790592593881,1.88054E+16,2.21399E+15,4.25272E+15,3.76335E+15,4.38516E+16,8.59797E+15,928283206111665,5.47435E+15,0
5.62123E+15,2.21649E+15,1.11239E+16,8.80943E+15,314871341738526,3.26351E+16,1.93125E+16,8.43773E+15,3.44075E+16,0
6.45064E+15,2.01597E+15,2.76825E+16,5.65514E+15,3.16106E+16,5.73034E+15,1.46427E+16,,5.24154E+15,0
7.56652E+15,2.05397E+16,3.08237E+15,7.81664E+15,3.54176E+16,3.95297E+15,120952514943545,6.37677E+15,3.27514E+16,0
61156375458102,2.40975E+15,1.57658E+16,1.00883E+15,3.39402E+15,4.0732E+15,2.1305E+16,6.30716E+15,3.72363E+15,0
7.59523E+16,1.88373E+16,3.28695E+16,6.74559E+15,3.65209E+15,3.26627E+16,1.38833E+16,7.34382E+15,3.4976E+16,0
,2.79232E+15,1.13803E+16,8.5861E+15,3.14163E+16,4.67628E+16,1.088E+16,6.89752E+15,3.25627E+16,0
713122185859695,1.65909E+15,1.89698E+15,7.69036E+15,,5.10982E+16,1.64277E+16,4.7137E+15,4.71319E+15,0
7.39972E+15,2.5802E+16,1.8535E+16,5.49716E+15,3.39839E+15,3.54667E+15,1.4979E+16,7.30085E+15,3.79512E+15,0
7.00248E+15,1.68953E+16,2.05186E+15,1.0136E+16,,4.57647E+15,9.81292E+15,5.69219E+15,3.35244E+15,0
534534537107888,2.3851E+16,1.03154E+16,7.8226E+15,2.81772E+16,4.96351E+16,1.26246E+16,8.73428E+15,2.36289E+16,0
618595116263375,1.74796E+16,2.21989E+16,7.6085E+15,,4.79092E+15,1.37443E+16,5.14971E+15,5.20572E+16,0
6.07009E+15,1.6153E+16,2.67645E+16,6.24153E+15,,4.85866E+15,1.87805E+16,8.19461E+15,4.69946E+15,0
7.09557E+15,1.96735E+16,3.02352E+16,5.9849E+15,3.08204E+15,4.53955E+15,1.60627E+16,3.1555E+16,4.86128E+15,0
,1.89762E+16,1.67371E+15,7.03142E+15,,4.1048E+16,1.45455E+16,6.01401E+15,3.09282E+15,0
3.92856E+16,1.91666E+16,1.73282E+16,7.69242E+15,3.0648E+16,4.06086E+15,9.5786E+15,4.54807E+16,5.06084E+15,0
6.35297E+15,2.44847E+16,1.38587E+16,9.17944E+15,,4.0356E+16,1.25201E+16,5.9047E+16,4.15549E+15,0
5.99913E+15,2.19716E+16,1.93458E+15,6.02964E+15,2.64285E+16,4.97477E+16,1.63812E+15,4.63035E+16,5.04697E+15,0
889958837829117,2.08107E+16,1.79151E+16,4.79357E+15,3.34572E+15,3.81159E+16,1.43987E+16,4.82995E+16,3.92861E+16,0
7.37534E+16,1.94868E+16,2.87678E+16,5.07415E+15,3.49985E+15,495037067478959,1.42477E+16,7.70942E+15,5.12739E+15,0
897932285265221,1.84309E+16,2.49673E+15,6.26458E+15,3.35217E+15,4.85583E+16,8.28018E+15,6.39442E+16,4.26494E+15,0
8.53238E+15,2.16454E+16,3.02684E+16,6.29897E+15,3.30978E+15,4.36165E+16,1.18957E+16,5.59218E+16,2.38009E+16,0
7.21354E+15,1.7664E+15,3.47274E+15,5.16228E+16,2.87707E+16,3.322E+16,1.03275E+16,7.72615E+15,3.49748E+15,0
,1.84667E+15,1.43681E+16,8.12991E+15,3.34753E+16,4.7233E+16,1.60734E+16,7.37102E+15,4.58311E+15,0
8.89557E+15,1.07383E+15,2.76227E+16,6.16332E+15,4.60107E+15,4.4493E+15,1.39951E+15,7.83484E+15,4.75423E+15,0
6.58276E+15,2.19185E+16,219615269170624,6.98798E+15,3.489E+15,3.4121E+15,1.51784E+16,6.8982E+15,3.66888E+15,0
,2.04241E+15,1.46654E+16,8.58132E+15,3.60389E+15,3.59622E+15,1.51632E+16,5.89456E+15,4.3775E+15,0
,1.60596E+16,4.91254E+15,6.34439E+15,4.09502E+16,3.27925E+15,1.44076E+16,6.4645E+15,3.28762E+15,0
5.98659E+15,2.75887E+16,2.12291E+15,89404298665849,,3.54112E+15,1.17834E+16,9.22277E+15,5.05149E+16,0
6.84122E+15,1.66677E+16,2.82638E+16,7.11571E+16,3.1879E+16,5.32185E+15,2.14695E+16,7.82277E+15,5.09236E+15,0
,1.57827E+16,2.17164E+15,5.40639E+15,,4.78999E+16,1.8929E+16,8.02028E+15,3.82577E+16,0
7.14612E+15,1.81434E+15,3.32666E+15,8.38174E+15,3.73197E+15,4.85109E+15,1.547E+15,5.28129E+15,4.7752E+15,0
,237705681396383,2.18628E+15,896142509536758,3.18173E+16,4.34388E+16,1.16653E+15,5.97756E+16,3.94329E+16,0
750757529645138,1.72504E+15,1.83287E+16,6.90774E+15,3.51419E+15,3.77075E+16,1.06783E+16,6.88522E+15,3.703E+16,0
7.99718E+15,2.1482E+15,2.05756E+15,6.1914E+15,3.12008E+15,513540398386387,1.77031E+15,7.02912E+15,4.81767E+15,0
51743459983462,2.34329E+16,1.17466E+16,6.96127E+15,3.14987E+15,4.07102E+15,1.37717E+16,3.61835E+16,3.68914E+15,0
,1.9115E+16,2.31723E+16,7.13215E+16,2.90709E+16,3.65141E+15,1.26795E+16,6.90744E+15,4.01845E+15,0
647909256706823,1.80959E+15,2.81659E+15,7.16008E+15,3.71405E+16,3.7029E+15,1.69426E+16,,3.0896E+15,0
7.81151E+15,2.58892E+15,2.09119E+16,6.36176E+15,2.89142E+15,4.21133E+15,9.63165E+15,7.17032E+15,4.54607E+15,0
743721665310552,2.4273E+16,2.01856E+15,6.12166E+15,3.06169E+16,4.13656E+16,1.02628E+16,6.45292E+15,3.86687E+15,0
795387811515525,1.78067E+16,1.86773E+16,5.69954E+15,36821767979927,3.56294E+16,1.86386E+16,6.14628E+15,2.86022E+16,0
6.39657E+15,2.43725E+15,1.2279E+16,6.79455E+16,,4.89449E+15,1.7638E+16,,4.18825E+15,0
,2.08367E+16,2.24441E+15,5.40425E+15,3.38064E+15,5.409E+15,9.98042E+15,8.45701E+15,3.59444E+16,0
8.05814E+15,1.91278E+16,2.92984E+16,6.12917E+15,3.56645E+16,2.78503E+16,1.26062E+16,6.55114E+15,3.13061E+15,0
,1.49839E+16,2.02838E+16,1.00059E+16,3.83113E+15,3.55185E+16,1.70035E+16,5.37997E+15,2.02888E+16,0
,2.20985E+15,2.64927E+15,4.94979E+15,,388969020976625,2.10856E+15,7.02664E+15,4.87538E+15,0
9.49726E+15,1.24483E+16,3.36813E+15,4.81466E+15,4.27185E+16,530217007876155,1.99703E+15,4.98098E+15,5.24211E+15,0
7.98471E+15,1.21067E+16,4.07098E+16,5.79684E+15,4.4536E+15,3.3851E+15,1.28188E+16,5.92692E+15,4.56788E+15,0
6.26111E+15,2.70466E+16,8.57242E+15,9.92208E+15,2.86328E+15,4.90943E+16,1.29264E+16,2.22193E+15,4.75302E+15,0
6.9578E+15,2.1924E+16,2.02156E+16,7.05409E+15,3.06647E+15,4.31371E+15,1.74271E+16,5.64356E+15,4.58775E+16,0
96631590150059,1.31712E+16,2.4388E+15,4.23414E+16,,4.28906E+16,1.81435E+16,6.53605E+15,5.27022E+15,0
6.73271E+15,1.97767E+16,3.38206E+15,7.39676E+15,3.53176E+16,3.21365E+16,1.93405E+16,8.5372E+15,3.88541E+16,0
4.88606E+15,2.7292E+15,1.54966E+15,6.98518E+15,2.66562E+15,5.69581E+15,1.73015E+15,795979880021016,3.07937E+15,0
961022034489963,1.5693E+15,3.39544E+15,4.63903E+16,,4.85379E+16,1.10478E+16,,4.96197E+15,0
8.51853E+15,1.28263E+16,3.20183E+16,6.05874E+15,458441072258561,5.54139E+15,1.59762E+16,8.74718E+15,4.14717E+15,0
6.95079E+15,2.01805E+16,2.17096E+16,6.12077E+15,3.52304E+15,4.17184E+15,1.96835E+16,4.92368E+15,3.99798E+16,0
6.02302E+15,1.70732E+16,1.09254E+15,8.20097E+15,3.05797E+16,508851053087782,1.22446E+16,6.29678E+16,3.66809E+15,0
9.01148E+15,1.67919E+16,3.48654E+15,3.13955E+16,4.00692E+15,3.8541E+15,1.65742E+16,5.05266E+15,4.2708E+15,0
7.94677E+15,2.77117E+15,2.42441E+16,7.56118E+16,2.73384E+15,3.06837E+15,1.17962E+16,7.00197E+15,3.03848E+15,0
7.70962E+15,1.89803E+16,3.29105E+15,5.75806E+15,3.67762E+15,3.97846E+15,1.52403E+16,,4.14042E+15,0
6.08162E+15,2.0906E+16,1.01201E+16,9.40677E+15,,4.10509E+16,7.99629E+16,1.01159E+16,4.01004E+15,0
8.14619E+15,1.91382E+15,2.05067E+16,5.47695E+16,,4.45931E+15,941690159756314,5.73636E+15,5.17796E+16,0
8.14186E+15,2.10377E+16,2.54335E+16,8.39081E+15,3.85237E+16,3.21867E+16,1.14835E+16,8.53007E+15,4.13695E+15,0
7.70336E+15,2.11345E+16,1.28619E+16,924530582842397,3.47631E+16,5.98663E+15,1.05423E+16,9.11187E+15,4.73213E+16,0
,1.49043E+16,2.76877E+15,8.66071E+15,2.84946E+15,2.88518E+16,1.57366E+16,6.27573E+15,3.77131E+16,0
9.25286E+15,1.68041E+15,5.02793E+16,5.90506E+16,4.15451E+15,4.00004E+15,1.19499E+16,622568812631832,3.30059E+16,0
6.04765E+15,1.77444E+15,2.86338E+16,8.17438E+15,,3.86661E+16,1.55149E+15,3.05563E+16,2.58987E+15,0
6.15286E+15,1.71125E+16,2.49785E+16,8.21649E+15,3.23824E+15,4.06094E+15,10881215335175,6.57147E+15,4.40308E+15,0
9.07492E+15,1.84915E+16,2.16337E+16,7.42738E+15,3.94197E+16,3.39355E+15,6.65814E+15,,3.84048E+16,0
7.43654E+15,1.67328E+16,3.19357E+16,7.89636E+15,,3.98574E+16,1.48244E+16,6.92528E+15,4.49763E+15,0
,2.59671E+15,1.19496E+16,9.43545E+15,2.79001E+15,4.69288E+16,1.17524E+16,7.3997E+15,3.45835E+16,0
7.1301E+15,2.7568E+15,9.48062E+15,8.41595E+15,2.95619E+15,3.83455E+16,1.83229E+16,9.44163E+15,1.98619E+15,0
6.79213E+15,1.65794E+16,1.77826E+16,4.9706E+15,3.07753E+15,3.70601E+15,1.51381E+16,9.66005E+15,4.04264E+15,0
,2.30431E+15,1.4917E+15,9.61852E+15,,3.79173E+16,2.83E+15,7.96331E+15,3.86493E+15,0
8.88563E+15,1.7184E+16,1.9113E+16,6.5033E+15,4.04104E+16,3.99673E+15,1.76236E+16,7.68312E+15,2.9933E+15,0
9.47532E+15,1.49558E+16,3.25682E+16,5.33386E+15,,4.36203E+15,1.39279E+16,7.18341E+15,4.70154E+15,0
,1.68963E+16,2.10302E+16,5.564E+15,4.04343E+15,4.40952E+16,1.23527E+15,7.20336E+15,469101750323518,0
7.18311E+15,2.25116E+16,5.09783E+15,6.08166E+15,3.61631E+16,2.94991E+15,5.53706E+15,8.14539E+15,4.00642E+15,0
6.15744E+16,1.55836E+16,259377114383158,8.16314E+15,2.98192E+16,5.33288E+15,1.43565E+16,6.81208E+15,4.77015E+15,0
6.46787E+15,2.36695E+16,7.65641E+16,9.84095E+15,2.14461E+15,3.56348E+16,1.44127E+16,5.46412E+16,2.86106E+15,0
,1.62935E+16,2.49166E+16,6.3745E+15,3.88313E+16,4.94289E+15,1.42977E+15,8.4803E+15,4.30127E+15,0
7.48813E+15,1.77353E+15,2.47861E+16,8.6133E+15,3.69211E+16,3.87868E+15,1.41495E+16,4.8966E+15,3.47403E+16,0
7.32355E+15,1.84136E+16,210442026629225,6.84295E+15,3.27261E+15,3.79492E+16,8.33524E+15,9.03121E+15,489842104143532,0
,2.53662E+16,1.35683E+16,9.2286E+15,2.5609E+16,5.54574E+15,1.37117E+15,9.7714E+15,3.06703E+15,0
6.5308E+15,1.38008E+16,1.91746E+16,7.34795E+15,,4.90644E+16,1.63379E+15,,3.18163E+16,0
6.93147E+15,1.56841E+16,3.57938E+15,7.28634E+15,3.84655E+16,3.98648E+15,1.78582E+16,7.22365E+15,4.24933E+15,0
7.77465E+15,1.94734E+16,1.38299E+16,5.60312E+15,,3.21906E+16,1.88709E+16,,3.91182E+16,0
8.1075E+15,1.73665E+16,2.72776E+15,6.64362E+15,3.54037E+16,3.30212E+16,1.6257E+15,,4.6478E+15,0
6.30686E+15,2.2097E+16,2.24189E+15,7.15336E+15,2.83976E+16,3.50909E+15,1.98614E+15,6.18362E+15,4.61917E+15,0
,1.65738E+16,2.29001E+16,5.73569E+15,3.79375E+16,4.73805E+15,1.30829E+16,6.30352E+15,4.06917E+15,0
6.60968E+16,2.16428E+15,1.79639E+15,772531395856043,3.46285E+16,4.66103E+15,1.14684E+16,4.12529E+15,3.58915E+16,0
6.63221E+15,2.32739E+15,9.8099E+15,8.33678E+15,3.02326E+16,4.58367E+15,1.33049E+16,6.53188E+15,3.44374E+16,0
,2.47164E+15,1.89396E+15,708637465543505,3.0504E+15,4.19453E+16,1.27581E+16,6.03192E+15,4.28744E+16,0
5.71676E+15,1.97104E+15,1.26415E+16,8.70206E+15,2.87013E+16,3.45084E+16,1.7274E+15,5.84115E+15,4.08067E+16,0
7.74045E+15,1.82541E+15,1.97135E+16,885438613128691,3.82342E+15,489047044090182,8.86697E+15,5.78775E+15,3.54132E+16,0
6.27728E+16,1.48186E+16,2.29166E+16,5.03563E+15,,4.74618E+16,960415496471461,6.18357E+16,3.61932E+16,0
800637329840415,1.16725E+16,4.50411E+15,5.16529E+15,,3.67689E+16,1.34252E+16,8.7382E+15,2.39651E+15,0
6.51302E+15,1.85339E+16,2.62625E+16,6.74215E+15,2.89014E+15,4.10101E+16,1.29247E+15,8.36522E+15,3.72996E+16,0
6.2342E+16,2.27561E+16,2.21952E+15,945559835604323,,3.5118E+16,1.30398E+15,6.3164E+15,3.88549E+15,0
7.27714E+15,1.94881E+16,1.82701E+16,6.12193E+15,3.4488E+16,4.02665E+15,1.54598E+16,7.69872E+15,4.93135E+15,0
6.04451E+15,2.11577E+16,3.01917E+16,7.71429E+15,3.29167E+16,4.31096E+15,1.06198E+15,,5.12778E+15,0
6.64303E+16,2.05233E+16,2.05114E+16,5.90811E+15,3.13354E+15,4.55693E+15,1.60219E+16,5.21535E+15,3.70999E+16,0
5.15046E+15,1.86561E+16,1.86555E+16,7.02431E+15,,3.79538E+15,17604066458207,5.8832E+16,414702894652348,0
6.11055E+15,1.66637E+15,2.13198E+16,7.68124E+15,3.11254E+15,3.40631E+15,1.36238E+16,9.54947E+15,6.06456E+15,0
7.83112E+15,1.82474E+15,1.9131E+16,6.80306E+15,3.40276E+15,4.3346E+15,1.0794E+16,7.58957E+15,3.808E+15,0
6.98073E+15,2.00467E+16,3.08628E+16,6.19628E+15,3.91667E+15,422489596220183,906690216961914,4.82505E+15,5.43762E+15,0
8.55278E+15,2.17803E+15,3.90306E+15,6.98671E+15,3.73746E+15,3.40566E+15,1.90849E+15,5.38561E+16,2.94085E+16,0
6.44938E+16,2.75747E+15,8.60761E+15,7.70163E+16,2.72198E+16,3.84381E+16,1.60783E+16,5.44045E+15,3.71543E+16,0
7.39208E+15,1.73529E+16,2.01857E+15,9.12093E+15,3.84117E+15,3.10075E+15,2.33177E+16,8.11295E+15,3.77846E+15,0
8.3608E+15,2.1814E+16,2.87222E+15,5.53671E+15,3.10287E+16,4.71554E+16,1.06446E+16,4.97719E+15,3.71595E+16,0
7.61985E+15,1.13505E+15,3.72791E+16,6.36007E+15,3.77875E+15,2.8535E+15,1.70304E+16,4.89291E+16,3.77965E+16,0
5.40451E+15,2.58903E+15,1.01682E+15,9.6482E+15,2.48712E+16,3.96911E+15,1.55122E+16,6.58053E+15,3.99818E+16,0
7.0793E+15,1.37007E+16,2.42822E+16,5.70569E+15,4.33634E+16,3.42725E+16,9.11395E+15,8.83286E+15,5.55317E+15,0
,2.33847E+16,3.24966E+16,6.63738E+15,3.47986E+15,4.2465E+16,1.3028E+16,5.5984E+15,4.29619E+15,0
7.16171E+15,2.38334E+16,1.36808E+16,9.27412E+15,2.84408E+15,4.78767E+15,1.68363E+15,7.43836E+15,3.90997E+15,0
6.85495E+15,1.49853E+16,1.62031E+16,5.7348E+15,3.75719E+15,3.50345E+16,1.17189E+15,7.54987E+15,4.939E+15,0
730955640748172,2.4484E+16,2.22776E+15,7.71557E+16,3.69039E+15,4.77235E+15,1.24751E+16,6.08069E+16,3.70741E+15,0
9.31347E+15,1.33142E+16,4.19826E+15,6.62804E+15,4.17245E+16,2.67802E+16,1.03682E+16,7.54361E+15,4.49361E+15,0
,2.16272E+15,2.69643E+16,6.38355E+15,4.18494E+15,5.7316E+15,1.98927E+15,501705224989106,450102454017249,0
,2.50623E+16,3.07975E+16,6.38145E+15,,3.38814E+15,1.75085E+16,7.47278E+15,3.36517E+15,0
6.18794E+15,2.49527E+16,1.26822E+16,6.25322E+15,2.63268E+16,2.74765E+15,1.4353E+16,5.76234E+16,3.54618E+16,0
,2.40984E+16,1.14292E+16,5.51598E+15,2.67681E+15,3.23158E+16,8.66628E+15,8.86793E+15,3.80243E+15,0
79653373053048,1.51542E+16,2.52746E+16,7.10604E+15,3.52316E+15,5.27688E+15,1.57926E+16,5.22685E+15,3.39098E+16,0
9.26439E+15,1604286939702,1.96078E+16,3.98875E+15,4.16698E+15,4.27794E+15,1.4993E+16,958048003722675,3.17552E+16,0
775404435394794,1.9345E+16,1.90193E+15,8.10707E+15,3.7799E+15,5.97486E+15,8.93982E+15,4.57213E+16,3.7603E+15,0
9.39389E+15,2.52739E+16,1.31502E+16,7.16659E+15,,3.68835E+16,1.43974E+16,5.07753E+15,3.04857E+16,0
8.17608E+15,2.01554E+16,2.1857E+16,5.24105E+15,320260119542225,4.64803E+16,1.56276E+16,6.16547E+16,411232245771067,0
8.3377E+15,1.68469E+16,3.0969E+16,5.45216E+15,,3.02422E+15,1.45299E+16,4.13928E+15,3.4542E+15,0
,2.07427E+15,1.19633E+15,7.66455E+15,3.25633E+16,5.02053E+15,1.70129E+16,6.44998E+15,2.81353E+16,0
7.19102E+16,1.51307E+16,2.37813E+16,9.21441E+15,403788429906366,4.65127E+15,1.68842E+15,7.75154E+15,4.27065E+15,0
8.6137E+15,2.35944E+16,2.08625E+16,7.62256E+15,3.78759E+16,4.18698E+15,1.36081E+16,,3.94922E+16,0
7.79304E+15,2.57658E+16,1.73984E+15,8.27125E+15,2.51384E+15,4.39702E+15,9.55703E+15,5.42354E+15,3.38927E+15,0
38788793890688,1.77713E+16,2.19375E+15,7.36977E+15,2.99242E+15,4.47304E+16,1.24519E+16,6.31631E+15,4.92771E+15,0
,1.64317E+16,2.52367E+16,4.36524E+15,350584345398565,4.13692E+15,1.54211E+16,4.59794E+15,372377603814946,0
3.97828E+16,1.60818E+16,1.44338E+16,841089222279898,3.11295E+16,4143282148266,2.07715E+15,7.82732E+15,3.75157E+16,0
5.96407E+15,241030898500634,2.21683E+16,6.20812E+15,,4.86517E+15,1.3173E+16,647192398858573,4.69672E+15,0
753205857980722,1.85507E+16,2.44547E+15,5.7911E+15,,3.93972E+16,1.50702E+16,7.47806E+15,3.80857E+16,0
7.23354E+15,2.31561E+16,1.66215E+16,60730409069883,,4.75822E+16,8.68871E+15,3.5834E+15,3.67902E+15,0
,2.02811E+16,1.19001E+16,8.94809E+15,3.67533E+15,3.79565E+15,1.35919E+16,5.88226E+15,3.1538E+16,0
,1.15393E+16,4.60774E+15,5.28931E+15,4.37592E+15,4.22017E+15,1.08096E+16,5.3617E+15,4.21251E+15,0
7.48073E+15,1.17057E+16,2.83579E+16,4.70282E+15,4.14856E+16,4.72059E+16,1.83402E+16,763445814685711,3.71487E+15,0
4.47709E+16,2.36282E+16,2.68435E+16,4.84266E+15,2.0789E+16,4.5698E+15,1.62257E+15,7.40357E+15,432768028988057,0
,2.07391E+16,2.511E+16,6.32979E+16,3.45593E+15,4.20219E+15,2.23464E+15,923277602148874,2.73923E+15,0
,162263688336678,2.87905E+16,7.62123E+16,3.77719E+15,3.64274E+15,1.42101E+15,9.91186E+15,4.47699E+15,0
6.31408E+15,1.24848E+16,3.11146E+16,5.71394E+15,,3.96673E+15,1.84232E+16,7.3102E+15,4.36387E+15,0
,2.33694E+15,1.73177E+15,894650419424489,2.64916E+16,3.11974E+15,1.07491E+16,1.08589E+16,4.24194E+16,0
8.82261E+15,2.16433E+15,2.71092E+15,7.32216E+15,,3.84019E+16,1.59555E+16,7.88289E+15,4.4156E+15,0
692265237065665,1.85819E+15,1.46827E+16,9.88683E+15,3.41066E+15,5.60788E+15,2.24661E+16,6.43954E+15,2.87735E+16,0
,1.69674E+16,2.55412E+16,5.4573E+15,3.93265E+15,3.59778E+16,1.68203E+15,6.0376E+16,3.61133E+15,0
6.90454E+15,1.10866E+16,3.29813E+15,2.62127E+16,3.68387E+15,4.17249E+15,1.21187E+16,3.34994E+16,5.05891E+16,0
6.54802E+15,1.76007E+15,3.8368E+16,7.41505E+15,2.78093E+16,2.91122E+16,1.94225E+16,8.13686E+15,5.93023E+15,0
6.58108E+15,2.17539E+16,2.44807E+16,5.83715E+15,3.10633E+16,4.76459E+15,1.14342E+16,4.85519E+15,3.51137E+16,0
786464967253437,2.18153E+16,2.30457E+15,7.43201E+15,3.49923E+15,4.14365E+15,1.4786E+16,7.2608E+15,3.58593E+16,0
6.13691E+15,1.51784E+16,2.05617E+16,8.48786E+15,3.84156E+16,3.63618E+15,1.37137E+16,9.65829E+15,4.70459E+15,0
6.94703E+15,1.6888E+16,1.754E+16,6.40948E+16,3.873E+16,3.72023E+16,1.51982E+15,740073725974143,260018773266633,0
6.20332E+16,2.1485E+16,2.94265E+16,8.03487E+15,3.69727E+16,3.19767E+16,1.02479E+15,6.53086E+15,3.48792E+15,0
,2.40135E+16,3.80973E+15,5.4005E+15,,3.59576E+15,1.35149E+16,727710171921469,3.21249E+16,0
8.37317E+15,1.79521E+16,2.20226E+16,5.21504E+15,3.39492E+15,3.96697E+15,1.36971E+15,1.10431E+16,2.78633E+15,0
,2.05304E+15,1.21902E+16,704483301062803,3.13412E+16,3.74523E+16,1.18383E+15,4.76536E+15,5.02627E+15,0
5.92125E+15,2.00944E+16,1.73974E+15,6.7562E+16,2.79202E+16,3.805E+15,1.12554E+15,3.19663E+15,3.74678E+16,0
8.82981E+15,2.16122E+15,1.77329E+16,7.85631E+15,3.77254E+16,3.01896E+16,1.62107E+15,6.44094E+15,4.42389E+15,0
,1.87613E+15,1.34271E+15,7.31757E+15,,5.07567E+15,1.81377E+16,7.93499E+15,5.32464E+15,0
683221738756748,1.64274E+16,1.4015E+16,6.05599E+15,2.81678E+15,3.89978E+15,1.48366E+16,4.43676E+16,3.14542E+16,0
9.2813E+15,2.15908E+16,3.66222E+15,3.9035E+16,,3.8326E+15,1.90349E+16,8.03176E+15,4.06998E+15,0
7.45625E+15,2.26538E+16,9.16329E+15,5.72622E+16,,4.17125E+16,1.00661E+16,6.73042E+15,4.2797E+15,0
7.08825E+16,1.72689E+16,2.53991E+16,6.94122E+15,3.55253E+16,2.98672E+15,1.36378E+16,,3.23065E+16,0
5.64863E+15,1.6703E+16,1.45479E+16,7.73535E+15,,3.47792E+16,1.06898E+16,7.52887E+15,5.37E+15,0
4.29396E+15,1.92361E+16,2.46008E+16,8.26164E+15,2.61357E+15,4.75876E+15,1.07994E+16,5.36198E+15,5.10512E+15,0
9.67805E+15,1.88369E+15,2.64027E+16,4.07414E+16,3.95904E+16,3.25001E+15,1.6918E+16,9.14169E+15,3.0297E+16,0
8.66271E+15,1.73532E+16,2.03331E+15,5.63639E+16,4.39788E+15,4.59633E+16,1.62833E+15,8.99243E+15,5.1201E+15,0
5.89739E+15,1.72034E+16,30575357138474,8.64961E+15,393554892238793,4.26506E+15,1.63117E+16,7.4544E+15,2.9616E+15,0
9.49424E+15,2.74828E+16,2.18797E+15,5.26572E+15,364682634348411,5.81078E+15,1.3636E+16,6.21196E+15,3.18903E+16,1
,1.73474E+16,1.83187E+15,7.59765E+15,2.82598E+16,4.07643E+16,2.02006E+16,7.9104E+15,4.18126E+15,1
7.08019E+15,1.85826E+16,3.94311E+16,8.80639E+15,2.86224E+15,3.55938E+16,7.78149E+15,3.96238E+15,1.49221E+16,1
7.55985E+15,2.44295E+16,2.95677E+16,8.64788E+15,,2.78476E+15,1.00469E+16,1.07611E+16,4.5505E+15,1
7.04039E+15,1.99079E+16,2.25055E+16,7.95357E+15,,5.31477E+15,1.4691E+16,5.84129E+15,393191655326223,1
805304368223556,2.11783E+16,3.70865E+15,8.26754E+15,2.51443E+16,5.12899E+15,1.91666E+16,732489843314067,3.30157E+16,1
7.04438E+15,2.29603E+15,1.25753E+16,7.83778E+15,3.90468E+16,5.58177E+15,1.57548E+16,3.62675E+15,4.2767E+15,1
6.30989E+15,1.3365E+16,3.10624E+15,6.9756E+15,2.52109E+16,3.81059E+16,1.72E+16,7.11815E+15,3.60304E+16,1
6.20357E+15,1.39129E+16,6.69824E+15,3.87681E+15,,6.01526E+15,1.33682E+15,6.82987E+15,4.30555E+15,1
6.8794E+15,2.14732E+16,2.05093E+15,9.03525E+15,3.21383E+16,3.06784E+15,1.24773E+16,7.96921E+15,4.70047E+15,1
7.75488E+15,2.10721E+16,1.88571E+16,5.69375E+15,3.76485E+16,3.75673E+15,1.47086E+16,4.32998E+16,5.12839E+15,1
7.91667E+15,2.01456E+16,3.94313E+15,7.52544E+15,2.76207E+15,4.3259E+15,1.78219E+16,7.02396E+15,4.27519E+15,1
6.40539E+15,183867245042979,2.05263E+15,8.45027E+15,3.66177E+15,5.48638E+15,1.34488E+16,690541381402804,4.53192E+15,1
7.79596E+15,2.39278E+16,2.78491E+15,6.47599E+16,3.56171E+16,4.84105E+15,1.86922E+16,5.01284E+16,4.25188E+15,1
6.96398E+16,1.80402E+16,1.28782E+16,6.4241E+15,,3.58516E+15,1.63296E+15,6.63026E+15,4.48987E+15,1
6.96786E+16,1.83933E+16,1.3401E+16,6.45769E+16,3.71788E+16,4.33239E+16,1.45842E+16,660291561168986,4.89322E+15,1
6.62279E+16,1.95867E+15,1.39007E+15,6.36354E+15,3.87357E+15,3.10851E+16,1.17584E+16,5.24062E+15,5.60929E+15,1
7.36999E+16,2.36477E+15,1.89983E+15,7.40443E+16,3.59931E+16,3.57066E+15,1.80203E+16,5.82713E+16,3.46385E+15,1
,1.34311E+16,8.07682E+15,5.32211E+15,,5.99615E+15,9.25335E+15,1.00336E+16,3.37394E+16,1
6.94487E+15,1.98476E+16,1.69042E+16,634140695887747,2.99522E+16,4.706E+15,1.50458E+16,6.11461E+15,4.24114E+15,1
5.28481E+15,1.48863E+16,1.11302E+15,6.82047E+16,335660449732608,4.85805E+16,1.37734E+16,6.09443E+15,3.99024E+15,1
685144260294889,1.9734E+16,1.53491E+16,7.44641E+15,,3.7355E+15,1.13673E+16,791558219762784,493555654349587,1
7.76019E+15,2.06209E+16,3.42502E+15,7.93038E+15,2.99132E+15,3.47181E+16,1.93508E+16,8.06219E+15,4.59053E+15,1
7.28056E+15,2.2854E+16,2.96909E+16,7.87103E+15,32226966084267,3.92533E+15,1.51682E+16,8.43707E+15,2.9198E+15,1
6.83426E+15,1.82454E+16,2.16706E+16,6.40765E+15,3.2595E+16,3.97338E+15,1.65067E+16,7.44626E+15,2.65884E+16,1
6.72898E+15,1.87203E+16,2.63761E+16,8.45766E+15,3.37862E+15,4.88976E+15,1.76898E+16,7.71319E+15,459378713275743,1
8.01642E+15,2.55259E+16,3.08548E+15,8761916272607,,4.425E+15,1.10942E+16,932742324692804,5.32002E+15,1
6.86492E+16,1.70828E+16,2.04648E+16,7.07406E+15,3.65941E+15,40096527028732,1.40039E+16,5.1603E+15,4.49375E+16,1
5.80898E+15,1.57552E+16,7.96521E+15,6.68019E+15,2.62996E+15,3.77697E+16,1.7401E+16,6.94611E+15,3.59993E+15,1
845879698814859,2.41768E+16,2.93171E+15,5.78328E+15,3.13886E+15,3.28579E+15,1.8296E+16,84510985305276,3.82743E+15,1
6.98734E+15,2.24034E+16,1.3505E+16,5.87118E+15,,4.79825E+16,1.59214E+16,730642183871089,3.87029E+16,1
7.28874E+15,2.33978E+16,3.16171E+15,8.53389E+15,3.31838E+15,4.90047E+15,1.22253E+16,3.1802E+16,3.53138E+16,1
8.11635E+15,2.24764E+16,1.65146E+15,5.29069E+15,,4.16597E+16,1.20635E+16,9.18562E+15,2.52602E+16,1
7.46392E+15,2.15479E+16,2.71504E+15,778291530782294,3.82959E+16,4.03704E+16,1.47771E+16,5.69569E+16,5.07584E+16,1
7.51236E+15,2.24472E+16,1.78956E+15,8.63503E+15,,4.72342E+15,1.38484E+16,745829810297518,3.5158E+16,1
6.41511E+15,1.92428E+15,193100620106098,684530049098707,,5.2973E+15,1.60214E+15,6.25336E+16,6.07301E+15,1
705994023445362,1.78805E+16,3.94846E+15,859111309966701,2.81386E+15,5.20273E+15,1.07955E+16,7.58475E+15,2.94994E+15,1
,1.79757E+16,2.57032E+16,7.28731E+15,,3.11093E+15,1.02383E+15,4.20753E+15,1.6598E+16,1
7.4251E+15,2.04486E+15,1.86089E+16,743449274757963,3.18183E+16,3.38935E+16,1.62448E+15,9.46053E+15,2.55877E+16,1
6.74262E+15,2.09217E+16,1.5489E+15,7.45236E+15,3.51052E+15,4.08854E+15,1.39213E+16,7.02052E+15,4.96467E+15,1
7.68292E+15,2.17789E+16,3.11505E+16,802166779412743,,5.94703E+15,1.21942E+16,7.71698E+15,3.54273E+16,1
7.04167E+15,1.78286E+16,2.54198E+15,6.77275E+15,3.16434E+15,3.88339E+15,1.15571E+16,7.32562E+15,3.09975E+16,1
7.18528E+15,2.12483E+16,2.56451E+15,814251283428053,3.52869E+16,435282980697069,8.93024E+15,7.5601E+15,2.95915E+16,1
6.59729E+15,1.91787E+16,2.50394E+15,7.29458E+15,3.9574E+15,5.01533E+15,1.46954E+16,800500310966604,4.31831E+16,1
6.90885E+15,1.84944E+16,1.69653E+15,6.40435E+15,3.51345E+16,4.3435E+16,1.18129E+16,773713614759623,4.69395E+15,1
,1.69775E+16,3.72734E+15,802782988155462,2.40898E+16,4.54544E+15,1.86217E+16,6.35195E+16,3.57374E+16,1
,1.65893E+16,1.15669E+16,8.32615E+15,,3.6929E+15,7.40187E+15,6.66869E+15,3.60309E+16,1
6.2819E+16,1.60307E+16,1.70953E+16,6.73058E+15,305094000063989,4.24446E+16,1.4375E+15,4.12798E+16,4.45773E+15,1
7.03675E+15,2.10369E+16,1.38124E+15,8.37828E+15,3.42498E+16,4.89545E+15,1.48239E+16,691933584166614,3.28537E+16,1
7.36291E+15,1.80868E+16,2.04309E+15,6.66479E+15,,4.3739E+16,9.67517E+15,6.90351E+15,3.24944E+16,1
7.36909E+16,1.98204E+16,2.8232E+16,8.89971E+15,2.896E+16,4.24454E+15,1.81568E+15,3.15994E+16,2.71519E+16,1
770810998872957,1.88998E+16,1.54562E+16,5.04792E+15,3.22755E+16,5.23053E+15,1.60902E+15,5.72858E+15,4.89663E+15,1
6.50411E+15,1.71723E+16,2.08528E+16,7.70499E+15,2.82106E+16,3.59461E+15,1.34753E+15,8.36223E+15,5.39662E+15,1
8.18592E+15,2.40979E+15,2.36415E+16,6.61145E+15,3.18689E+15,4.10158E+16,1.31099E+16,5.6914E+15,3.56695E+15,1
6.14919E+16,1.50564E+16,2.05964E+15,6.90691E+15,,4.31651E+15,1.28294E+16,643949065970703,4.27561E+15,1
7.08045E+15,1.96659E+16,3.69669E+15,898678433778731,2.94316E+15,5.30053E+15,1.38221E+16,8.57772E+15,266494605525722,1
6.62843E+15,2.15246E+16,1.80593E+15,693178668550837,,3.74455E+15,1.16211E+16,7.79408E+15,3.40528E+16,1
4.7047E+15,1.60212E+16,5.12846E+15,8.28307E+15,3.57731E+15,3.44694E+16,1.42195E+16,3.42884E+15,4.10992E+15,1
7.9769E+16,2.34779E+16,153608350680644,573602687789666,3.77178E+15,613633547710373,1.41913E+16,4.89159E+15,4.75361E+16,1
6.80964E+16,1.7972E+16,3.50011E+15,868198346641416,,3.60933E+16,1.36333E+16,727179197709288,3.1838E+15,1
,1.77685E+16,2.03257E+16,5.84957E+15,3.53627E+15,2.79665E+16,1.39643E+16,4.4543E+16,4.03227E+15,1
6.9677E+15,1.77056E+16,2.2887E+16,643093480799846,3.15283E+15,5.0779E+16,1.5288E+16,3.57676E+15,4.81964E+15,1
6.44456E+15,1.66635E+16,2.48558E+15,9.49236E+15,2.87412E+16,4.79479E+16,1.06971E+16,6.56553E+15,3.55191E+15,1
6.27774E+15,1.49563E+15,1.57514E+16,8.25775E+15,3.17501E+16,6.05398E+15,1.52184E+16,82703470414844,5.25501E+15,1
,1.66923E+15,2.11902E+16,6.58998E+15,2.85899E+15,4.10688E+15,1.52906E+16,7.55952E+15,2.50546E+15,1
9.01436E+15,2.25368E+16,4.90099E+15,6.00265E+15,2.96631E+16,4.45769E+15,1.62541E+16,8.38911E+15,4.54942E+15,1
7.78166E+15,2.16783E+16,3.50556E+15,7.7842E+15,3.06643E+15,4.47167E+16,1.06095E+16,3.68721E+15,4.82297E+15,1
6.08436E+15,1.55271E+16,2.73101E+16,7.81713E+15,,4.36989E+15,1.26575E+16,,4.29811E+15,1
715473588040487,1.98147E+15,3.2681E+16,8.97266E+15,2.83108E+15,5.31603E+15,1.98063E+15,8.19268E+15,4.62996E+15,1
6.74881E+15,1.66391E+15,2.24751E+16,8.89542E+15,317620345847308,5.2746E+15,128192698817453,5.55363E+15,3.31251E+16,1
8.12827E+15,2.31168E+15,1.99546E+16,5.13884E+15,3.49067E+16,3.86071E+15,1.50181E+16,6.3341E+15,4.67874E+16,1
,2.05235E+16,2.26133E+15,6.48581E+15,2.66639E+15,3.1301E+15,1.16236E+16,2.84009E+16,3.9785E+15,1
6.33568E+16,1.6407E+16,2.65944E+16,7.38126E+15,338429461935427,6.07103E+15,1.49291E+16,1.13049E+16,4.57886E+15,1
5.94048E+15,1.75638E+16,1.71771E+15,1.04108E+15,3.07998E+15,4.02887E+15,1.5152E+16,7.43544E+15,3.99797E+16,1
761487763929876,2.46031E+15,3.3348E+15,8.22253E+15,3.45809E+15,4.45767E+15,1.07637E+16,9.83687E+15,299078089431675,1
6.71825E+15,1.97617E+16,2.10436E+16,6.63067E+16,3.37039E+16,6.41526E+15,1.55545E+16,6.36844E+16,4.4889E+15,1
6.86636E+16,185631486884069,1.39794E+16,7.04342E+15,375434032452048,4.62535E+16,1.7195E+16,7.45578E+15,4.34615E+15,1
,1.42277E+16,2.12086E+16,9.50269E+15,,4.2969E+15,1.62927E+15,5.89629E+16,2.60152E+16,1
7.55384E+15,2.12264E+16,1.43194E+16,5.79301E+15,3.62853E+16,4.50536E+16,1.81765E+16,,4.37456E+15,1
736667198942732,2.34201E+15,1.55472E+16,7.8514E+15,3.64106E+16,3.93254E+15,1.51616E+16,6.47323E+15,3.39445E+15,1
6.56776E+15,1.87666E+16,2.01566E+16,7.29851E+15,,3.90427E+15,1.23539E+16,8.52144E+15,3.82443E+15,1
6.33364E+15,1.85436E+15,1.85063E+16,6.57268E+15,3.56971E+15,3.66813E+15,164396294207167,7.67644E+15,3.982E+16,1
589241318577243,1.39362E+16,1.1006E+16,531199041263291,3.39328E+15,4.46494E+16,1.05671E+15,8.96929E+15,3.31181E+16,1
7.91804E+15,1.97358E+16,2.28991E+15,8.28396E+15,2.95351E+16,3.58097E+15,1.29578E+15,7.16944E+15,3.38611E+16,1
6.54912E+15,1.94277E+16,7.4128E+15,5.83698E+15,3.54821E+15,3.61037E+16,1.16722E+16,5.7317E+15,442105884351,1
6.8048E+15,2.23996E+16,1.71961E+15,7.11262E+15,3.74309E+16,3.44718E+15,1.54574E+16,601513458244811,4.84731E+15,1
,2.03054E+16,2.01061E+16,8.68233E+15,3.51336E+15,3.46031E+15,1.15563E+15,6.29515E+16,4.70427E+15,1
7.17617E+16,2.06295E+15,2.5795E+15,7.79473E+16,3.21284E+15,4.85254E+16,1.55749E+16,49151960259707,474296674858479,1
7.0851E+15,2.06677E+16,2.18231E+15,5.88995E+15,,3.87618E+16,1.76799E+16,5.50233E+15,3.93284E+16,1
7.2017E+15,1.47711E+16,3.7309E+15,5.67745E+15,2.79164E+15,3.95977E+16,1.33261E+16,6.36269E+15,3.88325E+16,1
7.77604E+15,2.15534E+16,3.88954E+16,7.76467E+15,3.42262E+15,3.49431E+16,6.12463E+15,658329900683807,5.42595E+15,1
,2.09752E+16,2.02142E+15,6.04508E+15,3.23788E+16,5.39465E+15,2.0279E+16,7.27352E+15,4.25849E+15,1
7.04655E+15,1.28483E+16,305698105511719,4.44912E+15,2.81725E+15,3.48265E+16,1.5142E+16,5.81573E+15,2.86923E+15,1
,1.99846E+15,1.26354E+16,7.88638E+15,3.32615E+15,2.93834E+16,1.32175E+16,5.45496E+15,4.48057E+16,1
7.73288E+15,1.8951E+16,4.70227E+15,822672479852216,2.87087E+16,5.67722E+15,1.49801E+16,7.12062E+15,3.51073E+15,1
6.2668E+15,1.8783E+16,2.75772E+16,914159700404448,3.22918E+15,2.77051E+16,1.32903E+16,5.94543E+15,3.65284E+15,1
6.63025E+15,1.6092E+16,2.25578E+16,5.30539E+15,3.38631E+15,4.16898E+16,1.57931E+15,5.3276E+15,518120249221265,1
6.77563E+15,1.54373E+15,1.55254E+16,6.08413E+15,3.43032E+16,597979273674631,1.71185E+15,5.6124E+15,3.01754E+16,1
,2.04737E+16,2.56807E+16,798019274322726,3.18677E+15,3.11636E+16,2.03768E+15,6.90205E+15,4.32378E+16,1
8.16499E+15,2.7834E+15,2.90453E+16,7.99291E+15,3.34552E+16,384783184974492,1.74066E+16,642107667997218,4.1625E+15,1
7.77376E+16,2.51463E+16,2.16886E+15,6.19491E+15,3.95088E+15,3.55832E+16,1.43246E+15,6.75843E+15,4.04097E+15,1
7.29514E+15,1.82407E+16,1.37062E+16,588788510267209,3.00608E+15,4.2465E+15,1.80635E+16,738369091876904,5.0561E+15,1
,1.29883E+16,8.90698E+15,6.8279E+15,3.27552E+15,5.25225E+15,1.76574E+15,3.21854E+16,3.84211E+16,1
7.65754E+15,2.3082E+15,350562322337289,7.65681E+15,3.6413E+15,3.05629E+15,184813964076003,7.22051E+15,4.79253E+16,1
7.66479E+15,2.23578E+15,2.02597E+15,7.38541E+15,351161331110397,5.10047E+16,1.42052E+15,7.31925E+15,548169093434497,1
,2.09866E+15,2.01169E+16,6.94106E+15,3.70384E+15,3.38957E+16,1.13426E+15,5.11597E+15,3.61955E+16,1
7.80042E+15,2.1067E+15,1.98733E+16,7.28468E+15,,4.48596E+15,7.02475E+15,5.58035E+16,3.34591E+16,1
7.26407E+15,2.16622E+16,1.94121E+15,693245793887396,,3.01954E+16,1.9211E+16,6.77126E+15,3.96028E+16,1
7.54431E+16,2.11051E+16,3.43594E+15,8.16679E+15,3.65812E+16,4.47521E+16,185534783281218,6.01627E+16,3.7141E+16,1
774977378413344,2.2949E+16,2.19951E+15,774892129486267,3.20441E+15,3.98545E+15,1.82029E+16,4.10642E+15,4.31719E+15,1
7.44202E+15,1.94764E+16,3.45657E+15,849334762370914,2.94836E+16,3.50085E+15,1.8962E+15,7.99583E+15,2.89465E+15,1
6.55925E+15,1.64636E+16,3.06602E+16,8.85227E+15,2.72524E+16,5.33584E+15,1.09583E+16,8.36623E+15,4.21632E+15,1
7.03504E+15,2.20502E+15,1.97465E+15,7.05938E+15,3.71913E+15,5.36184E+15,1.53034E+16,6.79018E+15,4.55703E+15,1
7.88069E+15,2.26004E+16,1.94869E+16,6.20857E+15,3.56338E+16,4.72369E+16,1.19952E+16,5.50292E+16,3.57998E+16,1
7.49837E+15,2.36714E+16,2.17364E+15,6.58857E+15,4.07312E+15,2.99194E+15,2.07377E+15,683143471169036,4.24224E+15,1
,2.0097E+15,1.27005E+16,7.71378E+15,3.9509E+15,4.64025E+16,1.50893E+16,6.36246E+16,3.7561E+15,1
6.53821E+15,2.14993E+15,1.23304E+16,7.30009E+15,389817035687869,4.65353E+16,2.20894E+16,2.45328E+16,3.42627E+16,1
6.37329E+15,1.80959E+16,1.75029E+15,6.47164E+16,3.67733E+15,4.11581E+16,1.15986E+16,,4.53811E+15,1
5.75648E+16,1.71972E+16,8.08683E+15,7.30463E+15,3.30134E+15,4.42759E+16,1.13648E+15,9.58985E+15,4.00208E+16,1
6.91806E+15,188912864809962,1.40524E+16,6.19219E+15,,3.38321E+16,1.78601E+16,6.6737E+15,3.5663E+15,1
8.8135E+15,2.36393E+16,406843900138736,6.60877E+15,3.0353E+15,2.78355E+16,1.45761E+15,728726968615235,4.24246E+15,1
7.3616E+15,2.31793E+16,2.91697E+16,7.9299E+15,3.75097E+16,3.89273E+16,1.38531E+16,3.95328E+15,3.75159E+15,1
9.17559E+15,2.81594E+16,4.78529E+15,833027629009801,3.14784E+16,4.22318E+15,9.96914E+15,6.40705E+15,2.95968E+16,1
,1.92742E+16,3.23491E+15,8.75063E+15,2.72085E+16,5.81981E+15,1.3583E+16,6.4436E+15,3.95259E+15,1
6.55088E+15,1.45806E+16,250700087387663,5.71638E+15,2.85219E+15,3.69613E+16,865476478425677,,4.82483E+15,1
65108556110746,2.23861E+15,1.51472E+16,7.66753E+15,3.89391E+15,4.37051E+16,1.2085E+16,5.23391E+16,4.22561E+15,1
7.34703E+15,1.99614E+16,1.90733E+15,5.76683E+15,3.36994E+15,4.13214E+15,1.24825E+16,5.67941E+16,4.29788E+15,1
8.11195E+15,2.17266E+16,3.81845E+15,7.25412E+15,3.1191E+15,2.81069E+16,1.30279E+16,785820938570935,4.43075E+15,1
,2.37084E+16,3.54343E+15,7.61765E+15,3.81338E+15,3.65033E+15,1.34539E+15,33439867711155,3.82594E+15,1
598501245091746,1.51361E+15,2.01554E+15,7.72329E+15,2.7508E+15,4.78332E+15,1.80163E+16,9.90612E+15,3.7641E+15,1
,2.12705E+16,2.56265E+16,8.59018E+15,3.38664E+16,3.30253E+15,1.10528E+15,6.4472E+15,4.21923E+15,1
,1.61039E+16,2.55835E+16,6.79691E+15,,4.6748E+15,1.41056E+16,523314622505262,4.51417E+15,1
6.43372E+15,1.77253E+15,2.03212E+16,6.37892E+16,3.73052E+15,375028222460977,1.16846E+16,616298226203521,3.64149E+16,1
6.7701E+15,2.01651E+16,2.58876E+16,936753268783956,3.27619E+15,5.1938E+15,1.77203E+15,9.00648E+15,5.20346E+15,1
7.92797E+15,2.24721E+16,2.7402E+16,6.8753E+15,3.43286E+15,3.15913E+15,1.41371E+16,3.24385E+15,4.84726E+15,1
7.33883E+15,2.29979E+15,1.26034E+16,5.97549E+15,3.51319E+16,3.70861E+16,1.93893E+16,7.99716E+15,401706111949955,1
7.07836E+15,1.98412E+16,1.66486E+16,6.9311E+15,3.48548E+15,472276000873812,1.72496E+16,596308939352365,3.26346E+15,1
6.75167E+15,1.76793E+16,3.20405E+16,7.93191E+15,,4.67148E+16,1.12149E+16,4.75324E+16,3.73517E+16,1
7.74413E+15,2.03396E+16,2.1403E+15,7.62324E+16,333210903330637,4.24329E+16,1.69498E+15,4.84167E+16,3.61226E+16,1
7.56039E+15,2.23232E+16,1.47391E+16,6.73161E+15,3.72029E+15,4.81342E+15,8.90041E+15,6.21343E+16,4.25781E+15,1
7.83061E+16,2.13249E+16,188213896124734,6.47511E+15,316572414707073,4.05279E+15,1.68724E+15,5.59058E+15,3.55157E+15,1
6.74693E+15,1.54332E+16,2.51374E+15,8.4959E+15,2.74884E+15,3.30084E+16,1.59836E+16,6.99433E+15,3.48554E+16,1
6.54228E+15,1.46055E+16,3.59657E+15,857867798842011,,4.74008E+16,2.13664E+15,5.41273E+16,3.79406E+15,1
8.54969E+15,2.36862E+15,1.78283E+16,4.75227E+15,3.41036E+16,4.2311E+15,1.53132E+16,8.09313E+15,3.03902E+15,1
7.49984E+15,231538868280166,2.24526E+16,7.82101E+15,,3.80999E+15,1.43382E+16,,4.66387E+15,1
5.76377E+16,1.83074E+16,2.20257E+15,8.9529E+15,,3.76581E+15,1.05474E+15,6.32998E+15,3.2532E+15,1
7.27686E+15,1.65798E+16,3.03969E+16,7.83564E+15,2.81897E+15,4.75646E+15,1.23262E+16,8.33999E+15,608377235388592,1
7.49329E+15,2.16382E+15,9.46532E+15,4.94753E+15,3.41461E+15,5.01345E+16,1.12475E+16,5.29514E+15,3.74875E+16,1
6.11602E+15,1.58729E+16,2.2481E+16,8.46707E+15,,4.58993E+16,1.54953E+16,,3.98431E+16,1
5.2269E+15,1.27118E+16,7.90733E+16,6.76193E+16,3.35462E+15,4.75332E+16,1.2725E+16,7.942E+15,513805579043723,1
,2.55954E+16,1.5097E+16,848242112016667,3.61971E+15,4.71477E+15,1.45709E+16,4.02873E+15,3.22794E+16,1
642064020641154,1.80293E+16,2.60345E+15,9.71062E+15,3.08958E+15,4.73065E+16,1.77244E+15,5.75966E+16,313994027416726,1
7.66901E+15,2.05596E+15,1.15794E+16,426327909194399,3.56137E+15,4.07722E+15,1.0829E+16,8.32438E+15,4.58951E+15,1
7.12806E+15,1.91401E+16,252275451533956,6.60784E+15,3.19251E+16,4.19305E+15,1.28654E+15,7.84685E+15,4.5106E+16,1
,1.08917E+16,1.44763E+16,5.39816E+15,281198274407849,5.12232E+15,1.50138E+16,866714587149138,3.89557E+15,1
6.61535E+15,1.79241E+16,2.63929E+15,9.30916E+15,,4.96364E+16,1.27866E+15,7.82624E+15,4.45344E+15,1
6.50488E+15,1.59182E+16,1.34031E+16,6.95828E+15,2.96077E+15,3.59974E+15,1.56369E+16,6.35143E+15,3.74844E+15,1
7.45912E+15,1.95029E+16,3.31735E+15,755137398404527,,5.34167E+15,1.73341E+16,3.83681E+16,3.54475E+16,1
,2.21673E+16,3.22695E+16,8.76524E+15,3.03962E+15,3.57359E+15,1.28197E+15,5.13742E+16,4.80483E+16,1
7.09605E+15,2.21508E+15,1.724E+16,9.18147E+15,3.22617E+15,4.42544E+15,1.65762E+16,7.81221E+15,4.78564E+15,1
698944217704844,1.97686E+16,1.21507E+16,7.98417E+15,3.411E+16,3.03597E+16,1.43309E+15,7.08569E+15,3.85305E+16,0
,1.84741E+16,3.23287E+16,8.39659E+15,2.92938E+16,6.17145E+15,8.34851E+15,5.14571E+15,5.49318E+15,0
8.29773E+15,2.22436E+16,2.03201E+16,732185864286384,2.97139E+15,3.7412E+15,1.57792E+16,9.34463E+15,4.16611E+15,0
3.84645E+16,2.11757E+16,1.46863E+16,7.55787E+15,326912133932792,3.71269E+15,2.17652E+16,3.57815E+15,3.14343E+15,0
,1.74918E+16,2.89908E+16,4.66041E+15,4.1734E+15,4.68843E+15,1.00182E+16,5.3347E+16,3.66906E+15,0
9.38001E+15,1.6627E+16,3.24715E+15,7.34253E+15,,4.98313E+16,1.27799E+16,567933172654129,4.56625E+16,0
8.99838E+15,1.69228E+16,2.179E+15,7.92336E+15,,4.36922E+16,1.82222E+16,7.32179E+15,4.51693E+16,0
5.69039E+15,2.41216E+16,1.40838E+16,5.73896E+15,2.93465E+16,4.98283E+16,2.47554E+15,7.07289E+15,2.98862E+16,0
7.30156E+15,1.77663E+16,2.34413E+16,910701724282177,3.26291E+15,4.78467E+15,1.40034E+16,5.51833E+15,2.77496E+16,0
7.03168E+15,2.01002E+16,2.45105E+15,5.81827E+15,4.01269E+15,3.71616E+16,1.28468E+16,8.91924E+15,4.42218E+15,0
4.34867E+15,1.97276E+15,9.84804E+15,1.08109E+16,,2.9575E+16,1.99582E+16,8.17464E+15,4.36095E+16,0
529419539028417,2.34271E+16,2.68112E+15,3.61136E+16,3.69608E+15,5.70975E+15,1.27758E+16,4.46757E+15,3.52245E+16,0
725793099486329,1.87766E+16,2.43543E+15,7.19625E+15,,3.46292E+15,1.0893E+16,6.15612E+15,4.26692E+15,0
925049163907809,1.84442E+15,2.27492E+16,7.40166E+15,3.75008E+16,4.36494E+16,1.5403E+16,44788970331248,3.99634E+16,0
9.68047E+15,1.99532E+16,3.29163E+16,6.1278E+15,,4.613E+15,1.61097E+15,76543838624683,2.79584E+15,0
,1.84994E+15,1.97646E+15,7.50509E+15,,2.93478E+16,1.29342E+16,,3.01798E+16,0
6.74125E+15,1.96833E+16,2.35657E+16,7.59458E+15,3.15575E+16,5.00143E+16,1.16631E+16,3.17785E+15,3.50097E+15,0
6.8117E+16,2.6139E+16,1.51495E+16,7.05611E+16,,3.97787E+16,1.19935E+16,6.62576E+15,3.27501E+16,0
696694296188432,222890265013408,2.54411E+15,7.38378E+15,,6.4735E+15,1.73913E+16,3.87326E+15,4.35693E+15,0
7.44609E+15,1.79147E+16,1.77633E+16,9.87652E+15,3.28459E+15,3.64134E+16,1.29825E+15,4.90512E+16,2.94866E+16,0
6.21065E+16,1.92217E+16,1.933E+16,879288608641629,,4.01383E+16,1.82255E+15,6.12742E+16,3.21212E+15,0
7.34155E+15,1.87672E+15,2.12735E+15,7.784E+16,,3.32084E+15,1.68423E+16,5.50192E+15,4.02564E+15,0
705139642582078,1.87419E+16,1.54234E+16,8.87152E+15,3.41563E+16,5.61791E+15,1.42806E+16,,317209111406215,0
6.64261E+15,2.26528E+16,1.37303E+16,9.06077E+15,2.57459E+15,275071712253359,1.27792E+15,,3.80772E+16,0
1.01463E+16,2.42152E+16,2.46497E+16,4.80337E+15,3.4707E+15,3.48484E+15,1.76148E+15,7.30015E+15,4.48155E+15,0
1.4E+16,2.35677E+16,2.4009E+16,5.63503E+15,3.81098E+16,4.60745E+16,1.34525E+15,7.28595E+15,3.17099E+15,0
8.46954E+15,1.2862E+16,1.5273E+16,1.07255E+16,,5.53346E+15,1.69309E+16,697366881291891,4.14955E+16,0
6.04321E+15,1.51148E+16,2.42071E+16,8.41407E+15,,4.10909E+15,1.00851E+16,1.07586E+16,4.19673E+15,0
5.84112E+15,1.94617E+16,1.7722E+15,5.6463E+15,4.10359E+15,6.22964E+15,1.76295E+16,930706906770458,4.23756E+16,0
8.11467E+15,2.36493E+16,266312128742276,6.26678E+15,2.75091E+15,4.9699E+15,1.85885E+16,5.83133E+16,2.65459E+16,0
5.58512E+15,1.43505E+15,2.22347E+15,9.25285E+15,3.68387E+16,4.37125E+16,1.15752E+16,5.24244E+16,4.14834E+15,0
5.90399E+15,1.96275E+16,1.93992E+16,764189452353631,3.28269E+16,3.24046E+15,1.85054E+16,7.71578E+15,3.82002E+15,0
1.02841E+16,2.49324E+16,2.3259E+16,3.33127E+16,2.84406E+15,4.68866E+16,5.18847E+16,6.76226E+15,2.84463E+15,0
957822672035757,2.05749E+16,3.30806E+15,5.65985E+15,3.56698E+16,3.3307E+15,1.6985E+16,689060880292909,3.41924E+15,0
7.09483E+15,1.39907E+16,1.89756E+16,7.57195E+15,4.23046E+16,5.28267E+15,1.85562E+16,686485816868944,3.62846E+15,0
,2.10745E+16,1.22293E+16,695098095552496,387388825936174,4.22027E+16,1.46808E+16,773223296921135,2.51677E+16,0
968726002786018,1.90163E+16,1.87526E+16,7.07301E+15,,4.6107E+16,910687316460644,6.42282E+15,3.08584E+16,0
6.52744E+15,1.81073E+15,224440817773994,1.0475E+16,2.71863E+15,3.51064E+16,1.19964E+16,,3.56718E+16,0
,1.93629E+16,1.87532E+16,8.68501E+15,3.27341E+15,478102692765685,1.31729E+16,5.2674E+15,2.37344E+16,0
7.74477E+15,2.0892E+16,2.76482E+16,5.62257E+15,332823798883007,3.97057E+16,1.24862E+16,7.31846E+15,5.01632E+15,0
8.28922E+15,1.91859E+16,2.25263E+15,7.97915E+15,,2.92861E+16,1.80037E+16,7.25756E+15,4.291E+15,0
7.24926E+15,2.23704E+15,2.43119E+15,73925169633238,2.75622E+15,3.06782E+15,9.69726E+15,7.71996E+15,4.36149E+15,0
7.7441E+15,2.19659E+15,3.08097E+16,6.79068E+15,,4.05032E+16,1.27588E+16,7.03718E+15,5.10419E+15,0
,2.14216E+16,1.90267E+15,7.63472E+15,,4.2114E+16,1.68257E+15,7.46294E+15,3.98688E+16,0
6.89027E+15,1.85744E+15,1.22181E+15,8.02294E+15,3.50658E+15,3.94441E+15,1.70649E+16,8.66318E+15,4.1007E+15,0
604738085652663,2.30586E+16,2.02784E+15,9.3608E+15,3.05777E+16,3.33531E+16,1.25938E+16,5.53018E+15,2.21673E+15,0
1.15688E+16,1.92924E+16,3.92345E+16,8.86076E+15,2.35995E+15,4.63435E+15,1.96282E+15,8.14965E+15,3.76129E+15,0
1.01648E+15,1.94303E+16,2.89156E+16,7.30169E+15,3.16525E+15,279165435690376,1.84523E+16,6.30625E+15,2.93769E+16,0
8.72231E+15,1.45247E+16,2.02564E+16,1.0652E+16,,6.12328E+15,1.30533E+16,948267062132825,3.00929E+16,0
3.7177E+15,1.83349E+16,1.48412E+15,9.53497E+15,,2.93918E+16,1.29423E+16,1.12061E+16,3.78026E+16,0
4.89428E+15,1.84553E+16,1.09225E+15,7.4617E+15,3.5283E+15,3.38681E+15,2.16247E+16,9.10079E+15,3.59499E+16,0
6.07118E+15,1.38224E+16,1.48525E+15,809354088776789,,3.89303E+15,1.70235E+15,1.00441E+16,5.03633E+15,0
9.03256E+15,1.56266E+16,2.48976E+16,763963391510834,4.16531E+15,3.42746E+15,1.35996E+16,6.25021E+16,3.62614E+15,0
9.9137E+15,1.60098E+16,3.213E+16,610951591378841,4.05296E+15,5.41221E+15,1.15463E+15,4.60819E+15,5.55467E+15,0
,1.6574E+16,1.99193E+16,7.27815E+15,3.51965E+16,4.20121E+16,1.77761E+16,4.60023E+15,3.4281E+16,0
4.22922E+15,2.07669E+16,2.12144E+15,6.84455E+15,3.04275E+15,4.88456E+15,1.34894E+16,65307569906207,3.73314E+15,0
9.13545E+15,233175331581918,321052871154118,6.7497E+15,,3.7093E+15,1.63348E+16,6.8697E+15,3.64369E+16,0
390656751428705,1.52819E+16,1.78577E+16,7.36306E+15,3.24383E+15,342408790968701,7.6372E+15,7.52013E+15,3.2048E+16,0
7.38405E+15,1.48296E+15,1.4418E+16,9.08497E+15,3.47962E+15,3.1658E+16,1.3494E+16,5.88615E+15,5.33799E+15,0
,1.80681E+15,8.69254E+15,8.67179E+15,3.96529E+15,5.34339E+15,1.02998E+15,8.7652E+15,3.9136E+16,0
8.5243E+15,1.4181E+16,1.26582E+15,1.12644E+16,3.47268E+16,3.87086E+16,1.279E+16,6.95771E+15,4.34306E+15,0
5.70613E+15,1.99118E+16,2.58156E+16,6.38355E+16,,4.83824E+15,1.16376E+16,7.9474E+15,4.32639E+16,0
3.71517E+16,1.99083E+15,1.59008E+15,856119827965195,2.91104E+15,3.71847E+15,1.19736E+16,,2.35334E+15,0
6.51985E+15,1.83226E+15,1.42846E+16,8.38908E+15,3.73092E+16,4.95418E+15,1.16385E+16,5.86616E+15,3.27229E+16,0
7.91064E+15,190427599631607,1.64615E+15,5.45448E+16,3.94306E+15,2.94179E+15,1.76587E+15,8.2417E+15,388660268997553,0
6.58746E+15,2.11169E+16,2.89903E+16,8.88367E+15,2.67202E+15,5.04909E+16,1.40547E+16,6.89765E+15,4.09684E+15,0
4.30003E+15,2.1832E+16,1.76399E+16,7.52732E+15,3.31835E+16,4.24209E+15,1.50057E+16,7.00508E+15,458644840480675,0
85759391744694,2.15137E+15,1.57787E+16,7.53277E+15,3.16959E+16,3.5983E+15,1.49447E+16,7.9464E+15,4.00213E+15,0
888493450304863,1.45278E+16,1.76214E+15,82679741062816,3.41477E+16,2.86891E+15,1.51947E+16,4.22891E+16,4.71416E+15,0
1.05048E+16,1.43767E+16,3.13202E+15,7.7285E+15,4.02954E+16,4.91216E+15,1.20038E+16,7.56417E+15,4.68137E+15,0
,2.19075E+16,3.10447E+15,6.77233E+16,2.63901E+16,4.11471E+16,1.62089E+16,7.08527E+15,1.98461E+16,0
6.94672E+15,2.1417E+16,3.29466E+15,5.48426E+15,3.3344E+15,318883636337187,1.281E+16,1.56849E+16,4.93499E+15,0
8.10709E+15,2.13029E+16,2.45319E+15,6.23722E+16,3.22097E+15,5.1749E+15,1.4352E+16,59860285558834,2.76916E+16,0
4.9089E+16,1.61243E+16,1.35169E+16,82062119287899,3.43305E+15,5.35225E+15,1.43561E+16,7.14449E+15,4.19643E+15,0
5.09897E+15,1.97143E+15,2.16828E+16,7.75591E+16,2.92251E+15,4.24666E+15,1.09276E+16,5.1221E+15,4.33367E+15,0
609309191422186,2.08908E+16,2.14566E+16,960068342275516,263453489772792,4.59016E+16,1.92968E+15,3.10072E+15,4.52356E+15,0
1.00339E+16,2.13647E+15,2.54332E+16,5.20294E+15,319010074348213,3.62262E+15,1.39945E+16,6.80208E+15,2.90154E+16,0
8.979E+15,2.13092E+16,190307168755755,5.29152E+15,3.1694E+15,4.7315E+15,1.58911E+16,660870376232926,4.65632E+16,0
5.51475E+15,2.28736E+16,3.53436E+16,4.34661E+15,,5.26112E+15,1.4931E+15,4.67805E+15,2.79816E+15,0
,2.0084E+16,2.07433E+16,6.90599E+15,2.64644E+15,450361719643501,1.02092E+15,7.04956E+15,3.80891E+16,0
6.73128E+15,2.29129E+16,1.50581E+16,511930735918226,3.1588E+15,4.43958E+15,1.37826E+16,7.62738E+15,419048402938504,0
7.19196E+15,2.2841E+16,1.53955E+16,7.3986E+15,3.34778E+16,2.94916E+16,1.39323E+16,5.07484E+15,4.10272E+16,0
,1.90383E+16,3.05241E+16,637544925329764,3.87669E+16,3.82057E+15,1.91953E+16,7.36578E+15,4.93839E+16,0
7.12771E+15,1.7369E+15,1.93096E+15,6.53339E+15,3.72537E+15,2.95386E+15,7.2734E+15,8.87909E+15,3.39618E+15,0
5.63204E+15,2.0373E+16,1.93459E+16,8.0478E+15,2.65347E+16,7.08226E+15,1.57523E+15,6.91959E+15,3.51198E+16,0
,1.8402E+16,1.33612E+16,925865630203082,3.3509E+15,4.67444E+16,1.95819E+15,8.00842E+15,4.41106E+15,0
7.95503E+15,2.44396E+16,3.24054E+16,331804504559376,3.07644E+15,4.33912E+16,1.62545E+16,6.76808E+15,3.95592E+16,0
7.77505E+15,1.95179E+15,2.23297E+16,6.10513E+16,4.16949E+16,3.71616E+16,1.09642E+16,,4.69948E+15,0
5.16834E+15,2.0627E+16,1.79143E+16,1.124E+16,,3.57697E+15,4.90289E+15,7.20847E+15,3.84116E+16,0
7.66752E+15,1.63346E+16,2.50353E+16,8.25858E+15,3.29597E+16,4.31868E+16,1.60785E+15,890936503629485,4.61816E+15,0
7.27236E+15,2.29087E+15,1.64048E+15,7.58975E+16,2.72277E+16,5.18609E+15,1.7879E+15,6.71044E+15,3.99658E+15,0
3.69193E+16,2.02512E+16,9.43978E+15,1.03436E+16,3.13139E+16,543685833352541,1.54362E+16,6.52051E+15,3.84661E+16,0
,2.21127E+16,2.71587E+16,7.87594E+15,2.74659E+16,4.72096E+16,1.57594E+16,3.57104E+16,4.68896E+15,0
7.69252E+16,2.20819E+15,2.66868E+16,8.28621E+15,2.99959E+16,5.64527E+15,1.38618E+15,7.70159E+15,4.52243E+15,0
8.15752E+15,2.36344E+16,2.79312E+16,6.20368E+15,3.25324E+16,5.11588E+16,1.33816E+16,8.0687E+15,4.46943E+15,0
7.18777E+15,1.84157E+16,3.11257E+16,6.37779E+15,3.52916E+15,4.72274E+15,1.48079E+16,6.19639E+16,3.78412E+15,0
568955434379971,2.02365E+16,1.74937E+15,5.52036E+15,3.85197E+15,4.79238E+15,2.1693E+16,,3.73217E+16,0
8.75882E+15,1.97215E+16,1.95721E+15,7.49343E+15,3.76838E+16,518385545618882,1.91859E+16,3.5786E+15,3.52757E+15,0
9.81425E+15,1.77712E+15,3.05759E+16,6.39393E+16,,5.36721E+15,1.2339E+16,4.6259E+16,4.31753E+15,0
9.96927E+15,2.37023E+16,2.69447E+16,5.58877E+15,3.34326E+16,3.79138E+16,1.30082E+16,8.61851E+15,3.64338E+15,0
,1.79155E+16,1.82821E+16,7.87488E+15,3.26187E+15,3.97221E+15,9.43837E+15,5.78511E+16,2.75786E+16,0
9.14913E+15,1.62683E+15,2.14631E+16,9.82067E+15,,5.01567E+15,1.5667E+16,8.36916E+15,4.80564E+16,0
,1.4625E+15,2.56233E+16,7.30775E+15,,4.64185E+15,8.35487E+15,6.90016E+15,3.58288E+15,0
5.84081E+16,1.57883E+16,1.60873E+16,9.458E+15,2.7754E+16,5.50137E+15,1.18704E+16,5.22471E+16,5.04946E+15,0
,2.09953E+16,1.86684E+15,4.45325E+15,3.47582E+15,4.79561E+16,1.6093E+16,6.87992E+15,3.77208E+15,0
4.98167E+15,2.20951E+16,2.09881E+15,7.98567E+15,2.32549E+16,3.73625E+15,1.22352E+15,4.595E+15,4.47515E+15,0
542331849638569,1.85903E+16,1.80208E+15,6.40105E+15,4.47418E+16,3.3205E+15,771574012802364,6.73337E+15,5.22465E+16,0
483857110672314,2.41136E+16,1.83284E+15,7.40324E+15,2.37517E+16,3.55275E+15,1.27174E+16,7.53983E+15,4.58037E+15,0
7.90405E+15,2.17772E+16,2.3576E+16,7.49302E+15,2.79147E+15,5.48155E+15,1.03296E+16,6.51805E+15,3.13728E+16,0
6.74406E+16,1.58535E+16,1.63045E+15,713391347576691,,5.14749E+15,9.3339E+15,3.85423E+15,353412596272367,0
8.66397E+15,2.06923E+15,2.95513E+16,6.03028E+15,3.39032E+16,3.29711E+15,913990334215805,6.37658E+15,3.68924E+16,0
416111196816975,1.81736E+16,2.58154E+16,853462900071612,2.97239E+16,3.99292E+15,9.34333E+15,4.66381E+15,416824218857341,0
8.51598E+15,2.12305E+15,2.85536E+16,7.22537E+15,3.42604E+16,3.4174E+16,9.00365E+15,6.07252E+15,2.16568E+15,0
9.99981E+15,2.15109E+15,3.3462E+15,6.19412E+16,3.65895E+16,3.73937E+15,1.3792E+15,7.78721E+15,2.65998E+16,0
7.03809E+15,2.04923E+16,2.46071E+16,8.08016E+15,2.80746E+16,3.65845E+15,1.08076E+15,599124420538001,4.2377E+15,0
2.80356E+15,1.86124E+15,1.19209E+16,864203410725165,3.32745E+15,4.47594E+15,1.84822E+15,8.76974E+15,3.48994E+16,0
5.9726E+15,1.86467E+16,2.31246E+16,7.01255E+15,,4.46219E+16,1.64554E+16,6.46888E+15,5.16494E+15,0
8.18076E+15,178079638281933,2.56239E+16,757408205793958,3.91918E+16,3.53507E+15,1.97494E+15,7.42953E+15,3.84542E+16,0
7.01024E+15,1.62123E+16,2.63952E+16,6.6226E+15,,5.74581E+15,1.2278E+16,5.16287E+16,3.27901E+15,0
8.17989E+15,2.58902E+16,1.72916E+15,5.18441E+15,,4.34504E+16,1.2813E+16,5.10957E+15,4.29574E+15,0
,1.62513E+15,2.46428E+16,7.26757E+15,3.30905E+15,4.14651E+16,1.15834E+16,7.39462E+15,3.21574E+15,0
6.86513E+15,2.16744E+16,1.3529E+16,5.61849E+15,4.02313E+16,5.53617E+15,1.56928E+16,8.63781E+15,3.95515E+15,0
7.95082E+15,1.47118E+16,2.08279E+16,922612501732255,,4.74854E+15,1.07142E+16,602555191185935,4.54369E+15,0
,2.04258E+16,2.63217E+16,5.9375E+15,,4.87274E+15,2.04078E+16,7.03406E+15,3.30559E+16,0
958118852272883,2.23296E+16,2.82928E+16,5.66543E+15,,3.98479E+15,1.13508E+16,4.45741E+15,3.92918E+16,0
7.27476E+15,1.95118E+16,2.14967E+16,6.57109E+15,360697815086255,4.18374E+15,1.13825E+15,8.12356E+15,4.27158E+15,0
,2.60845E+15,1.18037E+15,5.26067E+15,3.3604E+16,4.24058E+16,1.23189E+16,7.02033E+15,2.81607E+15,0
8.02677E+15,1.69334E+16,1.91685E+15,808149616212991,4.05527E+15,3.50577E+16,1.51775E+15,6.80039E+15,3.73598E+16,0
7.87954E+15,1.70191E+15,370009556741392,6.21722E+15,3.46064E+16,517576761929397,1.58718E+16,6.89112E+15,4.06623E+15,0
6.44897E+15,2.37461E+16,1.87362E+16,5.59987E+16,,2.35042E+15,1.15455E+16,5.67155E+15,3.75933E+16,0
518941366922152,1.71239E+16,1.22899E+16,1.07865E+16,3.01231E+16,5.0156E+16,1.22843E+16,544739346198917,4.87627E+15,0
6.53808E+15,1.97428E+16,1.59791E+16,742494459051666,2.73719E+15,4.52187E+16,1.8585E+16,7.77308E+15,5.14375E+15,0
5.91581E+15,1.95744E+15,1.24318E+16,6.66162E+15,3.80725E+16,3.67854E+16,2.13006E+16,9.03949E+15,4.5132E+15,0
8.1365E+15,1.84232E+16,3.00318E+16,6.21531E+16,3.73653E+15,4.00612E+16,1.52888E+16,3.77871E+15,420418584976586,0
,1.87873E+16,2.95326E+15,7.98104E+15,2.74493E+15,4.69132E+15,1.61692E+16,7.89255E+15,4.58675E+15,0
6.49376E+15,2.05151E+16,1.98213E+16,634496341220211,2.9838E+16,4.82596E+16,1.21647E+16,8.94777E+15,4.91091E+15,0
,2.05339E+16,2.51427E+15,563950107310841,2.96091E+15,5.2828E+15,1.29115E+16,695267180012222,4.89483E+15,0
6.97741E+15,2.05563E+16,1.6101E+16,5.5273E+15,3.71362E+16,5.32342E+15,1.03466E+16,7.2574E+15,5.32758E+15,0
5.48925E+15,1.3456E+16,1.59793E+16,9.50436E+15,3.66214E+16,4.18642E+16,1.28976E+16,5.77809E+16,3.98701E+16,0
2.5581E+16,1.47491E+16,2.13165E+16,914223366629411,3.12054E+16,4.06372E+16,1.15197E+16,832775832559074,281725811654666,0
7.31211E+16,1.99813E+16,1.45407E+16,882741355385482,276118281895499,4.86984E+15,1.72717E+15,7.01356E+15,512387193452145,0
8.5541E+15,1.91708E+15,3.21126E+16,8.11536E+15,293655798441055,5.18944E+15,856757958680248,5.80625E+15,3.56361E+16,0
6.70443E+15,1.48842E+16,1.3329E+15,7.11847E+15,,4.03421E+15,2.07944E+16,703461022899478,3.39533E+16,0
,194719185856794,1.83441E+15,7.61184E+15,,3.20356E+15,1.23332E+16,7.51149E+15,4.51532E+15,0
802830424150094,204783734682937,2.04085E+16,4.53158E+15,4.06329E+16,5.15575E+15,2.15589E+16,7.05472E+15,3.91599E+15,0
,1.68042E+15,1.85644E+15,8.56216E+15,3.45205E+16,4.19132E+15,1.84599E+15,5.97002E+15,2.96243E+16,0
8.61682E+15,2.28763E+16,1.91263E+16,7.01758E+15,3.27895E+15,3.83527E+15,1.47593E+16,4.12759E+16,4.58457E+15,0
9.46713E+15,1.69214E+16,333653154156343,846048978651693,3.1596E+16,4.49724E+16,1.03968E+16,7.43269E+15,3.16419E+15,0
6.7937E+15,2.27226E+16,1.44701E+16,847150895511111,2.74445E+16,3.60756E+15,1.94021E+16,402905913672703,4.82296E+15,0
,2.29725E+15,2.24446E+15,5.70217E+15,3.2099E+15,389030888830567,1.55015E+16,3.42462E+15,3.85115E+16,0
,1.88395E+16,2.18752E+15,7.14137E+15,4.08856E+16,6.16121E+15,8.97439E+15,5.9708E+15,4.12324E+15,0
548605860232047,1.86696E+16,1.66392E+16,980777955515082,,3.55942E+16,1.22543E+16,,4.55771E+15,0
5.05075E+15,1.91722E+16,1.82521E+16,8118115150459,2.84215E+15,3.73741E+16,1.80454E+16,9.18519E+15,3.93029E+16,0
6.24612E+15,1.99099E+15,2.70013E+16,7.80801E+15,2.96924E+15,4.78746E+15,1.7128E+16,8.4799E+15,4.75516E+15,0
8.14233E+15,2.21752E+16,2.98082E+16,8.82016E+15,2.05935E+16,5.56658E+15,1.07378E+16,5.9513E+16,4.70487E+15,0
6.8529E+16,1.5808E+16,1.19145E+16,7.63497E+15,3.86167E+15,4.73643E+15,1.69394E+16,6.26955E+15,459476061363479,0
8.80193E+15,2.25895E+15,236592115198818,2.45861E+16,4.08418E+15,4.46992E+15,1.43408E+16,4.28009E+15,3.76983E+15,0
,2.00309E+16,2.5356E+16,7.10525E+15,3.04648E+16,3.94246E+15,1.60674E+15,7.7811E+15,3.27989E+16,0
838376169055724,1.56952E+16,2.19239E+15,7.65683E+15,3.79542E+15,3.64795E+15,1.1774E+16,6.28558E+15,3.58574E+15,0
6.47614E+15,2.15722E+15,2.11656E+15,7.64295E+15,3.48475E+16,3.15078E+15,1.35432E+16,4.6169E+15,4.04158E+15,0
9.89456E+15,1.28586E+15,2.6436E+15,8.77872E+15,3.49748E+16,4.80668E+16,9.10581E+15,6.53273E+15,4.61753E+15,0
4.80804E+15,1.86161E+16,1.91181E+16,7.05444E+15,3.59406E+15,5.77491E+15,8.30429E+15,7.31531E+15,3.59776E+15,0
1.05779E+16,2.78036E+16,2.86521E+16,2.78572E+16,3.79277E+16,3.34212E+15,1.50119E+16,6.51999E+15,3.05161E+15,0
6.30497E+15,2.49083E+16,2.10464E+16,5.45627E+15,,3.34179E+15,1.50891E+16,5.27917E+15,4.22131E+15,0
7.82249E+15,2.08637E+16,2.23088E+15,5.85033E+15,4.08123E+15,502789395890753,1.61357E+16,6.0394E+16,3.83533E+16,0
7.98938E+15,1.91936E+15,1.67468E+15,8.56243E+15,3.1274E+16,4.31506E+15,1.43711E+16,7.7929E+15,3.64874E+15,0
9.6718E+15,1.30608E+16,3.02206E+16,930914183245864,3.70295E+15,4.11881E+15,1.8024E+16,761597177250839,3.8951E+15,0
5.94127E+15,1.79955E+16,2.65624E+16,6.80329E+15,,4.31969E+16,1.46324E+16,7.5434E+15,2.22737E+15,0
557475584790786,1.89701E+16,1.15125E+15,8.72097E+15,3.2994E+15,3.3133E+15,1.8017E+16,6.61886E+15,4.37181E+15,0
7.61051E+15,2.08818E+16,3.45385E+15,5.60062E+16,3.01787E+15,4.7074E+15,1.56689E+16,3.53651E+15,4.69222E+15,0
7.10245E+15,2.43413E+15,2.34931E+16,4.79274E+15,2.83344E+16,3.41439E+16,1.60728E+16,4.56333E+15,3.06551E+16,0
5.15274E+15,1.85342E+16,2.56697E+16,7.81948E+15,3.18451E+15,4.49919E+15,1.83016E+16,4.9342E+15,3.84263E+16,0
7.30146E+15,2.05722E+16,2.37788E+16,8.17997E+15,3.33339E+15,5.29625E+15,1.23523E+16,4.10321E+15,3.94271E+15,0
6.10493E+15,2.41176E+16,1.35398E+16,6.01555E+15,3.35396E+16,3.63633E+16,1.34565E+16,6.09237E+15,413193258707139,0
6.00138E+15,1.86884E+16,2.25548E+16,8.39188E+15,3.31215E+16,4.44891E+16,4.46677E+15,6.59548E+15,4.03672E+16,0
,1.53035E+16,2.8505E+16,8.4255E+15,,346311158574068,1.51387E+15,4.8385E+16,3.83088E+15,0
7.88568E+15,2.07821E+16,1.23596E+16,7.37766E+16,3.40979E+15,4.99362E+16,1.40452E+16,976271596804726,5.43035E+15,0
,1.59833E+15,2.39172E+15,6.78158E+15,3.69224E+15,4.72927E+15,1.38918E+15,8.57586E+15,2.85769E+16,0
7.67909E+15,2.0486E+15,2.15303E+16,8.1854E+15,,4.45371E+16,1.63101E+15,7.80199E+15,3.18682E+15,0
,1.63957E+15,1.95169E+16,7.17878E+15,3.93841E+15,587841580613715,1.48427E+16,690068562790257,4.16992E+15,0
1.03919E+16,2.62742E+16,3.91167E+15,3.20579E+16,285728419638777,4.73314E+15,1.33007E+16,6.53188E+15,5.77171E+15,0
6.71486E+15,2.36542E+15,3.31972E+15,4.95852E+15,3.31485E+15,4.02947E+16,1.48412E+16,,4.59376E+15,0
73496533769711,2.35211E+15,2.04431E+16,7.17779E+15,,3.05417E+15,1.28311E+16,9.10927E+15,3.86168E+15,0
,1.96083E+16,2.27461E+15,7.70274E+15,3.25478E+16,3.97055E+15,2.10916E+15,5.1939E+15,3.71311E+15,0
7.34514E+15,2.02174E+15,1.70328E+16,6.21263E+15,3.6144E+15,6.00295E+15,1.72997E+16,8.90779E+15,4.29799E+15,0
1.01471E+15,1.77821E+15,2.06426E+16,5.75974E+15,,4.87879E+15,1.64873E+16,4.8589E+15,2.79944E+16,0
6.38072E+15,266015410306085,2.12509E+16,4.85433E+15,3.57241E+15,3.58185E+15,2.70067E+15,5.99378E+16,4.53202E+15,0
7.94065E+15,1.81771E+16,1.58588E+15,6.84996E+15,,584827154903463,1.05901E+16,8.19572E+15,5.43184E+15,0
,1.97714E+16,3.12516E+16,6.25242E+15,,3.22218E+16,1.42717E+15,7.46443E+15,3.90653E+16,0
7.78673E+15,1.9218E+16,2.80869E+15,7.15795E+15,3.29709E+15,3.2738E+15,1.06813E+16,5.24155E+15,1.96148E+16,0
632304031407478,2.27554E+15,2.44631E+16,6.26193E+15,,3.99947E+16,1.79127E+16,7.11512E+15,4.74942E+15,0
,1.70291E+16,1.45504E+15,7.8474E+15,3.95496E+15,4.86368E+15,1.37976E+16,5.14159E+15,3.79403E+15,0
6.64566E+15,1.7027E+16,2.34321E+16,7.06657E+15,,513364946339962,2.02647E+15,7.89009E+15,417065776273292,0
6.01454E+15,2.05483E+16,2.32682E+15,9.03577E+15,2.8334E+15,3.71403E+15,1.68637E+16,730177934865561,2.68607E+16,0
1.00868E+16,1.89732E+16,1.75725E+16,6.89473E+15,,4.16641E+15,9.47776E+15,9.28922E+15,4.33412E+15,0
5.16623E+15,1.35712E+16,120600095271727,8.6371E+15,,3.62217E+16,1.11856E+16,7.60671E+15,4.60832E+15,0
5.5732E+15,2.29175E+16,1.56132E+16,4.1579E+15,3.83481E+16,4.09067E+16,1.07519E+16,6.37585E+15,3.59962E+16,0
949455872615755,2.54534E+15,2.84922E+16,6.11361E+15,,620981005962607,1.8418E+15,6.54481E+15,3.63111E+16,0
9.0365E+15,1.99322E+16,2.1696E+16,5.97019E+15,3.50184E+15,2.88509E+15,1.34004E+15,730580674287948,566198446300676,0
4.40051E+15,1.19334E+16,1.91001E+16,1.17539E+15,,328399763492733,1.49121E+16,4.93565E+16,4.01081E+15,0
6.97539E+15,2.0594E+16,2.26857E+16,5.92776E+15,3.04049E+15,4.41765E+16,1.35181E+16,7.79794E+15,4.93146E+15,0
6.68775E+15,1.60261E+16,1.77868E+16,766037647163007,,2.47918E+16,1.74395E+15,8.68567E+15,5.55998E+15,0
6.86752E+15,1.82672E+16,2.02472E+16,6.86707E+15,3.30806E+16,4.20333E+15,1.79528E+15,6.00688E+16,4.83727E+15,0
6.15525E+15,1.5952E+16,1.97816E+16,1.00816E+16,3.10141E+15,5.05108E+16,1.67686E+16,4.19955E+16,3.80391E+15,0
8.30326E+15,2.32415E+16,1.65484E+16,6.34352E+15,3.01087E+15,395339101917609,1.379E+16,7.86207E+15,3.89267E+15,0
864163407535188,2.06342E+16,395572555330711,599984674037831,290575996411019,3.45489E+15,1.47086E+16,,3.41663E+16,0
,2.19674E+16,2.22106E+16,5.87504E+15,,3.98518E+15,1.15023E+16,1.12412E+16,2.99426E+16,0
7.34861E+16,2.14716E+15,3.27422E+16,6.35103E+15,3.20065E+16,4.38044E+16,1.57926E+16,5.53665E+15,3.54454E+15,0
7.57391E+15,2.06204E+16,1.59264E+16,552466619583519,,4.57638E+16,1.15506E+16,,4.41073E+15,0
7.85591E+15,2.09752E+16,1.98502E+16,8.03887E+15,3.00293E+15,3.68438E+16,1.85252E+15,5.72389E+16,415188982992317,0
,1.8139E+16,1.89086E+16,7.21535E+15,3.25901E+15,3.56167E+16,1.47828E+16,934406678564913,4.01348E+16,0
3.79839E+16,1.89619E+16,1.85298E+16,6.88826E+15,3.96107E+15,3.65273E+15,1.52663E+16,8.66807E+15,4.83351E+15,0
,2.34512E+16,1.90389E+15,6.79592E+15,3.22896E+16,4.37479E+15,1.81084E+16,661332290749108,3.5141E+16,0
1.12354E+16,1.78596E+16,3.37731E+15,9.06304E+15,3.27651E+15,4.25868E+16,1.79863E+15,589866517256633,514705527626746,0
6.39634E+15,1.26491E+16,2.01157E+16,776373850690762,4.27378E+15,4.35278E+15,1.18817E+16,5.36592E+15,4.44591E+15,0
,2.22981E+15,3.22372E+15,5.92466E+15,3.36653E+15,5.26776E+15,9.84243E+15,772419841747706,4.00663E+15,0
5.22851E+15,1.91664E+16,2.48559E+16,7.01608E+15,33727089678741,3.43349E+16,1.59226E+16,7.73153E+15,3.18881E+16,0
6.51224E+15,1.98565E+16,2.16266E+16,589710430228538,3.89337E+15,2.96261E+16,9.17784E+15,,5.42579E+15,0
7.83432E+15,1.71289E+16,259185679532628,8.58939E+15,3.07229E+15,4.48564E+15,1.64078E+15,6.01821E+15,353293609627941,0
7.38829E+15,1.78344E+16,1.29286E+15,7.8303E+15,,3.76489E+16,1.81135E+16,4.0402E+15,3.84683E+16,0
6.02065E+16,1.97469E+16,1.05293E+16,5.30535E+16,4.16495E+16,4.12012E+16,990931483977073,5.9167E+15,5.21713E+15,0
8.38832E+15,2.56234E+16,1.67958E+16,4.14352E+15,,3.33946E+16,1.08213E+15,5.51902E+15,385477151639589,0
8.3843E+15,2.23328E+16,2.74637E+15,6.47675E+15,3.52953E+16,3.18043E+16,1.06452E+16,6.42093E+15,3.461E+16,0
7.39398E+15,2.09619E+16,1.79397E+16,7.23374E+15,,3.4921E+16,1.35793E+15,6.81525E+15,3.78273E+16,0
,2.3579E+16,2.19836E+16,6.06128E+15,3.31273E+15,4.41216E+16,1.27436E+16,6.68998E+15,4.49446E+15,0
8.38462E+15,1.66878E+16,2.99564E+15,9.77812E+15,3.07363E+15,5.46482E+15,1.73703E+16,3.78356E+15,3.68278E+15,0
7.0948E+15,2.22501E+16,3.00454E+15,6.66401E+15,,5.31959E+15,1.61629E+15,4.6101E+15,4.08466E+15,0
6.56532E+15,1.41592E+16,1.28751E+16,9.11699E+15,3.40914E+16,3.39977E+16,1.71072E+15,860675097255715,2.23389E+16,0
6.38172E+15,1.99635E+16,2.04538E+15,5.84873E+15,,3.446E+16,1.66514E+16,6.83131E+15,4.65769E+15,0
7.53974E+15,2.01959E+15,2.67164E+15,5.63735E+15,,5.16355E+15,1.49856E+16,8.35368E+15,4.21068E+15,0
1.06288E+16,1.93433E+16,1.40541E+16,1.03285E+16,3.27064E+15,4.79403E+15,140757873456472,6.63675E+15,5.14045E+16,0
9.22848E+15,2.0071E+15,267442315262742,683336024165987,3.39821E+15,3.63951E+15,1.41448E+15,8.69502E+15,4.82975E+15,0
1.05246E+16,2.56172E+15,3.19654E+16,5.007E+15,2.88566E+15,5.05361E+16,1.25366E+16,7.53434E+15,4.34099E+15,0
,2.29741E+15,2.27094E+16,6.36169E+15,3.16234E+15,2.94166E+15,1.60976E+16,5.45912E+15,4.79541E+15,0
6.02127E+15,2.36975E+16,1.98941E+16,7.58791E+16,2.86939E+15,3.15267E+16,1.21316E+16,7.41267E+15,4.02804E+15,0
,2.36205E+15,3.48228E+15,4.9664E+15,362070174491647,5.37997E+15,1.90855E+16,8.7801E+15,3.7783E+16,0
5.97395E+15,1.82143E+16,2.68041E+15,573798825900627,3.99254E+16,4.81902E+15,9.20997E+15,4.89373E+16,4.20892E+15,0
6.21758E+15,1.89342E+15,1.51555E+16,6.81944E+15,3.06893E+15,2.97764E+15,1.19649E+16,8.13868E+15,3.49E+16,0
,1.75834E+16,3.682E+16,7.65046E+16,3.22022E+16,3.44716E+16,1.69189E+16,,3.52441E+16,0
9.13061E+15,2.26404E+16,1.99687E+16,5.72379E+15,3.867E+15,4.40543E+15,1.17517E+16,,5.28849E+15,0
,2.8341E+15,2.11601E+15,4.27072E+15,2.53434E+15,5.25992E+15,6.87432E+15,5.4648E+16,3.97875E+15,0
6.09551E+15,2.00046E+16,1.64049E+16,6.39209E+15,3.66017E+16,4.44454E+16,1.603E+16,7.23017E+15,4.30202E+15,0
6.19525E+15,1.70002E+16,1.66661E+16,9.48342E+15,,457068162296797,1.63457E+16,7.93692E+15,3.13897E+15,0
581456423425241,1.84542E+16,2.93823E+15,6.05123E+15,3.48352E+15,4.05621E+15,1.87482E+16,8.21867E+15,4.13191E+15,0
6.75666E+15,2.12642E+16,2.21127E+15,8.33221E+15,2.7524E+16,3.87562E+15,1.41741E+16,7.63174E+15,4.18487E+15,0
,1.72112E+16,2.65954E+16,8.23225E+15,,3.48844E+15,7.87774E+15,9.33028E+15,3.55031E+16,0
6.36997E+15,1.28617E+15,1.36896E+16,9.06683E+15,,3.19785E+15,8.00141E+15,3.60075E+16,342706637445344,0
6.60141E+15,2.05621E+15,1.96356E+15,7.17323E+15,3.44034E+15,4.3056E+15,1.21721E+16,5.73563E+15,3.97358E+16,0
5.65193E+15,1.3905E+15,1.65758E+16,7.85786E+16,3.90538E+15,4.18543E+16,1.3269E+16,660762228920849,3.87203E+16,0
7.60607E+15,2.48041E+16,1.461E+16,6.35656E+15,3.22357E+15,2.75317E+16,1.17061E+16,9.47752E+15,4.58148E+15,0
2.97443E+16,1.47149E+16,1.73262E+16,2.4986E+16,3.93169E+16,3.75411E+15,1.27982E+16,7.64131E+15,2.7799E+16,1
,1.81562E+16,1.92894E+16,7.32506E+15,,274696540079706,1.40934E+16,5.68013E+15,2.61942E+15,1
,2.32098E+15,1.63782E+16,3.52E+15,2.38447E+16,4.54555E+16,7.76414E+15,5.58766E+15,4.43183E+16,1
8.1111E+15,1.98768E+16,352007988338764,9.68539E+15,,3.48971E+16,1.90719E+16,7.28716E+15,3.66377E+15,1
7.11613E+15,2.04041E+15,2.51317E+16,5.40265E+15,2.92324E+15,4.24003E+16,1.28367E+15,5.54046E+15,3.91538E+15,1
528029229639521,1.64057E+16,1.36791E+15,5.97139E+15,,6.35888E+15,1.18056E+16,3.54339E+16,3.83531E+16,1
,1.67104E+15,3.03627E+15,9.99033E+15,3.62262E+16,4.32031E+16,9.97148E+15,949841012731818,3.34606E+15,1
9.80826E+15,2.2005E+16,3.41321E+16,9.75275E+15,2.3387E+16,3.67044E+16,1.34987E+16,6.29543E+16,4.48126E+15,1
,1.72215E+16,2.66538E+16,7.27168E+15,335894456356063,5.1003E+15,1.38099E+16,8.53817E+15,4.49239E+15,1
801883160724048,1.97786E+16,2.31045E+15,9.67486E+15,322934548175136,3.95739E+15,1.33377E+15,688502040552072,3.18848E+15,1
660364071679867,2.0692E+16,1.4598E+16,6.45214E+15,3.16254E+16,5.82111E+15,1.25209E+16,6.88725E+15,3.4038E+16,1
6.45081E+15,1.98493E+16,190023146637915,7.30645E+15,335482193743652,2.57008E+15,1.37241E+16,5.28604E+15,3.27558E+16,1
6.26638E+15,1.63385E+16,2.81412E+15,8.50875E+15,3.76871E+16,2.95675E+15,9.93844E+15,5.01597E+15,2.93661E+15,1
,1.44996E+16,162194753201797,5.56307E+16,3.79963E+15,3.74543E+15,1.11181E+16,722907733307725,490436657594971,1
5.16188E+15,1.79636E+16,1.86666E+15,5.19613E+15,4.00896E+16,4.85312E+16,1.40597E+16,7.5822E+15,4.3201E+15,1
6.98441E+15,1.81707E+16,1.81945E+16,8.2638E+15,3.71146E+15,2.0162E+15,1.12674E+15,6.81927E+15,3.40621E+15,1
6.79199E+15,2.10408E+16,3.04719E+15,6.61444E+16,3.26586E+15,4.93179E+16,199855551748646,6.11201E+15,2.91406E+15,1
8.30923E+15,1.98337E+16,2.4345E+16,8.34351E+15,2.78867E+16,4.5653E+16,1.55141E+16,6.44448E+15,3.7564E+16,1
5.05774E+15,1.37689E+16,1.12291E+16,6.41141E+15,4.81031E+16,5.80095E+15,1.53903E+16,438825144491407,3.16394E+15,1
6.90827E+15,2.11106E+16,1.9225E+15,6.37997E+15,3.07102E+15,3.23885E+16,2.12085E+15,7.1921E+15,5.40557E+15,1
7.24341E+15,1.88046E+16,2.08775E+15,8.45411E+15,,3.77649E+16,1.63574E+16,716271361043703,4.46694E+15,1
6.16448E+15,1.89059E+16,2.73122E+16,6.82216E+15,3.19952E+15,5.22801E+15,1.35026E+16,53696202309432,4.83402E+15,1
9.161E+15,2.41383E+16,2.81709E+16,6.8196E+15,2.62572E+16,5.68421E+15,8.12098E+15,4.82596E+15,3.54253E+15,1
5.27788E+15,1.66733E+15,1.84041E+16,4.77712E+15,,3.47219E+16,1.5526E+15,630086684527317,3.63261E+16,1
3.97575E+16,1.35892E+16,1.74308E+16,6.30579E+15,3.73486E+16,3.44399E+15,1.56243E+15,6.8371E+15,3.66682E+16,1
5.68522E+15,154570002031332,1.7628E+15,6.66444E+15,3.90095E+16,3.24428E+16,1.73526E+15,6.74073E+15,4.06616E+15,1
693365391024419,2.1777E+16,1.9026E+16,3.11744E+15,3.17067E+15,4.48235E+16,1.29436E+16,7.68248E+15,2.01073E+16,1
7.46449E+15,2.27E+16,2.65594E+16,5.65781E+15,3.00691E+15,3.32069E+15,1.60528E+16,2.8683E+16,3.88058E+16,1
6.07184E+15,2.17827E+16,1.71628E+16,3.52113E+16,3.19037E+16,6.12095E+15,1.65422E+15,6.48263E+15,2.69161E+15,1
7.1361E+15,1.86583E+16,1.95025E+16,8.09543E+15,3.0543E+15,3.55937E+16,1.56451E+16,7.38856E+15,2.57419E+16,1
,1.82114E+16,214533346619721,6.66729E+15,,3.92433E+15,1.54646E+16,6.00461E+16,5.03602E+15,1
6.32855E+15,1.92077E+16,3.33159E+15,7.05005E+15,,4.89745E+16,9.56196E+15,5.77733E+15,3.26585E+16,1
6.1506E+15,1.69403E+16,2.38909E+16,7.33596E+15,375801130059556,3.73548E+15,1.57043E+16,4.82995E+16,4.84752E+15,1
,2.05666E+16,2.7045E+16,4.03393E+15,2.98214E+16,5.15755E+15,9.05755E+15,4.80297E+15,4.06741E+15,1
5.50816E+15,1.92227E+16,1.21371E+16,5.23048E+15,4.33022E+16,4.05486E+16,8.51223E+15,549151301435605,4.57141E+15,1
4.76111E+15,1.50075E+16,1.91971E+16,7.93665E+15,3.74477E+15,4.00451E+16,1.11322E+16,692603504608719,4.5814E+15,1
1.04907E+16,2.21029E+16,3.20921E+15,1.26269E+16,3.3332E+16,4.03824E+15,1.06638E+16,8.79932E+15,288702293905644,1
6.67614E+15,1.92686E+16,2.7469E+16,5.80944E+15,2.81407E+15,2.99887E+15,1.22376E+15,4.60692E+15,433664848480327,1
7.97331E+15,2.37497E+16,2.35177E+15,5.35452E+15,2.83584E+16,4.78894E+16,1.52596E+16,5.36715E+16,2.82611E+15,1
7.35215E+15,2.08324E+16,1.37148E+16,8.21924E+15,352849847308503,3.36913E+16,2.08464E+16,694372246785408,5.8645E+15,1
6.9908E+15,2.22944E+16,1.97134E+16,5.29245E+15,3.10888E+16,270055393805813,1.83622E+15,,4.33264E+16,1
5.46836E+15,1.80382E+16,1.23059E+15,5.44656E+15,4.10459E+15,3.88746E+15,1.25531E+16,6.06277E+15,493346794921327,1
7.83591E+16,206665788118744,1.76434E+15,8.13748E+15,,4.7499E+15,161671855402264,6.80823E+15,3.18386E+16,1
2.53812E+16,1.00807E+16,1.98729E+16,501402281172122,4.18E+15,4.20831E+15,1.39809E+16,8.59432E+15,2.8401E+16,1
8.42308E+15,1.53033E+16,1.59248E+16,1.11016E+16,3.29132E+16,4.31167E+16,1.23216E+16,5.26313E+15,3.95861E+15,1
7.61701E+15,2.14404E+16,2.98181E+16,6.50885E+15,2.98352E+16,4.94946E+16,1.33102E+16,7.0048E+15,3.80055E+15,1
7.61703E+15,2.42989E+15,1.76813E+16,2.85579E+15,2.98413E+15,5.49987E+15,1.00652E+16,7.65132E+15,4.29954E+15,1
5.42933E+16,1.83439E+16,1.52654E+16,5.71473E+15,3.94001E+15,4.46879E+16,1.75816E+15,5.0267E+15,3.08174E+16,1
,2.15492E+16,1.84897E+15,3.75883E+15,2.94603E+16,3.70275E+16,6.53043E+15,6.81E+15,458215729826292,1
549597599882932,1.50535E+15,1.83336E+16,7.47173E+15,4.16889E+16,3.00359E+15,1.23002E+16,5.57068E+15,4.90104E+15,1
5.09276E+15,2.39741E+16,2.83909E+16,1.39087E+16,2.58444E+15,4.52306E+16,1.38374E+16,7.15121E+15,4.63673E+15,1
6.25281E+16,1.87569E+16,2.76905E+15,6.48993E+15,3.30949E+16,3.03496E+15,1.42614E+16,5.79528E+15,2.9218E+16,1
6.74742E+15,2.5042E+16,2.45397E+16,239798498956576,3.5823E+15,3.39345E+15,1.53573E+16,5.99908E+15,337745052375287,1
6.64086E+15,2.15061E+16,1.6488E+15,6.64234E+15,3.04757E+15,5.07129E+16,1.19792E+16,1.80153E+16,4.70827E+15,1
,1.38526E+16,1.79055E+16,7.9293E+15,399503611118736,4.85423E+15,1.76674E+16,3.60583E+15,5.43743E+15,1
7.30099E+15,1.82448E+16,2.91363E+15,8.25302E+15,,3.07433E+15,8.73015E+15,4.98953E+15,4.59635E+15,1
5.49851E+16,1.80825E+15,2.15428E+16,670709459234911,3.52251E+16,4.19513E+16,1.31834E+16,689043702218294,3.07482E+16,1
5.6525E+15,1.87831E+15,2.58686E+16,3.52371E+16,3.38029E+15,4.5626E+15,1.54963E+16,7.25453E+15,485644419196427,1
6.16493E+16,2.06041E+15,2.28056E+15,4.39883E+15,,4.09358E+15,1.68957E+16,6.17259E+15,4.16966E+15,1
7.85193E+16,2.35338E+16,1.47636E+16,7.74198E+15,3.38603E+15,5.05666E+15,1.18634E+16,4.95984E+15,5.20404E+16,1
7.22169E+15,2.03069E+16,1.37032E+15,7.82361E+15,3.52125E+15,4.1232E+16,1.61257E+16,8.00589E+15,3.16082E+15,1
6.57808E+15,2.14146E+16,2.48826E+15,5.07116E+15,,4.00743E+15,1.40181E+16,5.88419E+15,4.89042E+15,1
7.85949E+15,2.11311E+16,3.17255E+15,7.51969E+15,3.13344E+16,4.33445E+16,1.59095E+16,,4.49807E+15,1
6.07368E+15,1.40926E+16,1.17953E+15,912842211372743,4.37647E+15,4.13076E+15,1.49348E+16,4.8019E+15,5.24907E+15,1
,2.08256E+16,1.3696E+16,4.48402E+15,,4.49178E+15,2.13052E+16,760397875481668,3.85013E+16,1
6.40796E+16,1.99132E+16,2.84602E+16,4.61372E+15,3.30914E+15,4.48858E+15,1.16569E+16,7.01618E+15,2.95409E+15,1
8.64664E+15,201439064518998,3.25711E+15,995935541759408,,3.38498E+15,1.32615E+16,6.62294E+15,3.33324E+16,1
7.1847E+16,1.89758E+15,1.33175E+16,7.83232E+15,3.78675E+16,5.41306E+15,1.24922E+16,4.16962E+15,3.90406E+15,1
6.93209E+15,2.05338E+15,1.95305E+16,6.52196E+15,,4.7521E+15,1.56739E+16,539558663301533,4.43329E+15,1
6.17475E+15,1.38514E+16,2.15041E+16,1.08603E+16,3.38703E+15,4.47805E+16,1.4242E+16,3.17059E+16,2.56605E+16,1
9.54025E+15,2.24055E+15,3.16839E+15,1.19943E+16,3.15359E+16,4.93836E+16,1.90936E+16,8.13937E+15,3.3295E+16,1
6.88884E+15,1.88921E+16,2.7368E+16,8.00319E+15,3.55479E+15,4.65347E+15,1.23771E+16,751124935430051,4.51233E+15,1
8.17419E+15,2.44249E+16,3.11148E+16,4.72691E+16,2.85332E+16,4.1862E+15,1.48736E+16,5.64642E+15,4.7094E+15,1
8.75693E+15,2.18638E+15,2.1752E+16,6.45488E+15,2.76278E+16,3.56076E+15,1.57131E+16,6.70496E+15,2.94567E+16,1
4.74006E+15,1.76656E+16,2.40693E+15,4.01344E+15,3.67805E+15,2.88221E+16,1.32042E+16,7.78804E+15,5.46794E+15,1
8.7645E+15,2.10851E+15,1.5978E+16,8.04335E+15,3.2876E+15,3.24047E+16,1.21284E+15,5.97892E+16,5.79084E+15,1
7.89945E+15,2.10734E+16,1.58964E+16,6.9072E+15,3.19887E+16,4.48666E+16,1.81699E+15,1240,2.85377E+16,1
7.40265E+15,1.82999E+16,1.92592E+16,7.63237E+15,2.95931E+15,339737304406264,1.04946E+16,8.31187E+15,6.22658E+16,1
5.80003E+16,1.81454E+16,1.30287E+16,6.10676E+15,3.74358E+15,4.05517E+16,1.57738E+16,3.53381E+16,4.07441E+16,1
7.08918E+16,1.79046E+15,2.10657E+16,7.47161E+15,3.77778E+15,5.71576E+15,1.26231E+16,8.52412E+15,3.26603E+16,1
7.85221E+15,1.69028E+16,2.29122E+15,9.61622E+15,,4.68445E+16,1.26011E+16,8.06252E+15,3.53244E+16,1
4.94569E+15,1.70441E+16,2.30007E+16,4.43372E+15,3.40646E+16,3.46642E+16,1.32766E+15,8.45511E+15,3.78252E+15,1
977693205003625,2.13915E+16,2.3972E+15,9.6033E+15,2.93825E+16,5.07017E+16,1.60666E+16,828609362267154,2.56947E+15,1
5.15349E+15,1.07342E+16,1.91157E+16,9.29611E+15,3.33062E+16,4.57892E+15,174456560597402,7.75988E+15,3.74992E+16,1
6.88498E+15,1.3844E+16,1.48932E+16,968643479820874,3.19135E+16,2.86922E+16,1.4184E+16,5.45591E+15,4.58432E+15,1
7.60875E+15,1.92857E+15,2.54108E+15,5.95501E+15,2.83803E+16,4.3221E+16,1.27963E+16,8.11038E+15,4.62746E+15,1
,2.10098E+15,2.36168E+16,4.46568E+15,3.65961E+15,4.2188E+16,1.45369E+16,7.61571E+15,2.29041E+15,1
4.90191E+15,1.41931E+16,1.36148E+16,8.30696E+15,3.68619E+15,4.39055E+16,9.92162E+15,826601649179758,4.10353E+15,1
5.71121E+15,1.45826E+16,2.11572E+16,7.95472E+15,3.85206E+15,4.41087E+15,1.6682E+16,704708890707142,3.95333E+16,1
7.47669E+15,1.62009E+16,2.21713E+15,961159855831238,,4.01235E+15,1.49937E+16,8.28618E+15,4.19554E+15,1
7.0335E+15,1.9188E+16,2.93227E+15,90270569832952,,4.96198E+16,1.71916E+16,428646821456061,3.67896E+15,1
,1.52537E+15,1.97317E+16,1.08867E+16,3.73989E+15,4.63748E+15,1.55349E+16,6.11513E+15,5.29416E+15,1
,1.89001E+16,2.07846E+15,1.00888E+16,3.12955E+16,4.19534E+15,1.48017E+16,6.25351E+15,5.14954E+15,1
8.6553E+15,2.22269E+16,1.36768E+16,7.2713E+16,348618844341726,4.60871E+15,1.80168E+16,7.24282E+15,4.58876E+15,1
,1.77202E+16,1.77663E+16,8.19909E+15,354277369736677,5.20201E+15,1.50996E+16,6.2972E+15,3.16803E+15,1
83043346530985,1.5557E+15,1.82532E+15,1.14485E+16,3.29101E+16,3.80323E+15,1.37559E+16,3.5057E+15,4.18125E+15,1
7.71708E+15,2.11681E+16,2.14E+16,6.98785E+15,2.68945E+16,4.95915E+15,1.14407E+16,8.50515E+15,4.96798E+15,1
7.55582E+15,1.90462E+15,2.94116E+16,786887830943357,3.49949E+16,5.24466E+15,1.94081E+15,795555931048464,4.09917E+15,1
4.88173E+15,1.3699E+15,1.9105E+15,7.26468E+15,4.19716E+15,3.58046E+15,1.33994E+16,7.59341E+15,305019758470709,1
8.31127E+15,2.06108E+16,2.05625E+16,9.82047E+15,,4.79032E+16,2.17411E+16,8.00126E+15,4.46205E+16,1
3.80043E+15,1.11246E+15,1.49049E+16,7.72965E+15,4.18559E+16,3.82224E+16,1.58722E+15,,4.47398E+15,1
4.08359E+15,2.01939E+16,2.0556E+16,1.92027E+16,3.41597E+15,4.35512E+16,1.22267E+16,6.92898E+15,2.97487E+15,1
,2.01572E+16,1.56181E+16,6.70521E+16,3.67193E+16,3.59952E+15,1.0941E+16,2.4915E+15,4.57587E+15,1
4.86507E+15,1.7406E+16,1.52222E+16,5.83922E+15,4.12037E+16,3.33504E+15,1.52666E+16,6.89264E+15,3.97497E+15,1
962472688627138,2.17373E+16,2.51758E+15,9.88395E+15,3.29174E+16,394054835252827,2.02776E+15,8.58403E+15,2.61526E+15,1
5.18878E+15,1.78993E+16,2.26482E+16,6.31806E+15,3.26468E+15,4.04561E+16,1.88404E+16,8.99144E+15,3.7695E+16,1
7.84298E+15,2.0083E+16,1.68272E+16,9.8884E+15,,5.66331E+15,137912447006168,4.66624E+16,5.10931E+15,1
5.91693E+15,1.85925E+16,2.79777E+16,6.77461E+16,3.29619E+15,4.28833E+15,2.06381E+16,707954955109489,3.15756E+16,1
5.72969E+15,1.73975E+16,1.43048E+16,534008845320107,369153970035339,4.7168E+16,1.64242E+16,581576875097454,5.10055E+15,1
5.67822E+16,1.43187E+16,1.8377E+16,7.14534E+15,4.18247E+15,3.59775E+15,1.87145E+16,774476391684988,5.42978E+15,1
7.38658E+15,1.91586E+16,2.63519E+16,8.42616E+15,,5.05188E+15,1.89257E+16,7.26496E+15,3.79137E+16,1
7.51923E+15,2.10385E+15,1.68973E+16,6.56866E+15,3.44704E+16,3.1552E+15,1.98562E+15,,3.27572E+16,1
7.44623E+15,2.41574E+16,1.33124E+16,4.53298E+15,,5.29459E+15,1.72379E+15,6.25222E+16,5.0867E+16,1
7.75394E+15,2.20098E+16,1.71696E+16,798403919630692,3.44122E+15,3.85045E+15,1.68485E+16,470033216991352,4.83303E+15,1
9.15966E+15,1.95423E+16,1.66793E+15,1.01105E+16,3.01746E+16,4.04659E+15,5.19672E+15,5.54668E+15,5.45236E+15,1
7.49699E+15,2.46864E+15,2.26317E+15,3.44088E+16,2.97132E+15,3.57498E+16,1.61413E+16,7.97055E+15,3.83793E+15,1
7.5423E+15,2.30151E+15,1.88775E+16,4.34471E+15,2.7825E+15,4.47259E+15,1.75556E+16,5.33417E+15,4.31755E+15,1
7.15905E+15,1.61479E+16,2.55918E+16,1.01895E+15,3.67596E+16,3.3055E+15,1.54478E+15,5.11883E+15,4.29167E+15,1
,1.16905E+16,2.71513E+15,1.01853E+16,,3.72002E+15,1.35072E+15,6.32737E+15,3.51624E+16,1
5.84467E+15,1.4718E+16,1.36151E+16,8.88111E+15,3.94658E+15,5.3304E+15,1.42174E+16,9.1614E+15,4.33806E+16,1
,2.01828E+16,3.54187E+15,8.25597E+15,2.5358E+16,4.47281E+15,1.56045E+16,4.54921E+15,3.38465E+16,1
5.25841E+15,2.10929E+16,2.92283E+16,3.8339E+15,3.41641E+15,3.63571E+15,1.8065E+16,3.61521E+15,3.73079E+16,1
7.42064E+15,2.12736E+16,1.84637E+15,6.72792E+15,3.55971E+15,5.23603E+15,1.20867E+16,4.49801E+16,5.42377E+15,1
7.07425E+15,2.0892E+15,1.67393E+16,7.86147E+15,,5.18977E+15,8.882E+15,7.8419E+15,4.87894E+16,1
8.18921E+15,1.56328E+16,1.84325E+16,1.22464E+16,370121384654358,2.88351E+15,1.18719E+16,7.97658E+15,3.70951E+16,1
7.74413E+15,1.85568E+15,3.05866E+16,804076015860187,,3.14426E+16,1.71324E+15,5.98716E+15,5.20768E+15,1
8.28986E+15,2.22484E+15,2.38841E+16,5.53321E+15,3.54959E+16,5.14733E+15,1.12055E+16,5.73137E+15,4.28924E+15,1
8.02522E+15,2.1352E+16,1.54575E+16,7.66954E+15,3.18114E+16,376314445852985,942274451470638,5.54596E+16,4.13494E+15,1
8.84893E+15,2.62598E+16,2.44179E+15,5.39901E+15,2.41126E+16,4.93855E+16,1.32624E+16,4.7113E+15,5.99233E+15,1
6.43842E+15,2.02538E+16,2.64482E+15,5.77593E+15,3.22452E+16,5.67202E+15,1.2642E+15,5.57011E+15,3.38036E+16,1
,1.79796E+15,1.70295E+15,7.01899E+15,3.71676E+15,4.04672E+15,1.15934E+15,4.65046E+15,4.45939E+15,1
8.20555E+15,2.04666E+16,1.74145E+15,6.83962E+15,2.7677E+16,346540728905403,1.25056E+16,8.39167E+15,5.12953E+15,1
8.31037E+15,2.01652E+15,2.32605E+16,9.34562E+15,3.33271E+16,2.92316E+16,1.20249E+16,6.36426E+15,3.49305E+15,1
,2.40036E+16,2.31037E+15,8.64309E+15,3.39159E+15,4.87435E+15,1.51937E+15,8.87855E+15,3.98092E+15,1
7.83397E+15,2.40833E+16,2.56949E+15,4.30051E+15,3.0176E+16,4.42741E+15,1.68891E+15,9.68996E+15,4.81492E+15,1
8.14266E+15,2.20631E+16,2.01112E+16,7.44688E+16,3.54897E+15,3.66802E+16,1.97213E+16,5.37194E+15,4.61709E+15,1
5.89643E+15,1.65136E+15,2.30222E+15,7.53681E+15,3.56756E+16,4.01741E+16,1.83636E+16,8.01247E+15,4.28079E+15,1
,2.28109E+16,1.56175E+16,6.32653E+15,3.26505E+15,4.02601E+16,1.46523E+16,803401853769289,3.49017E+15,1
4.3107E+15,1.38432E+16,1.18428E+16,5.60745E+15,3.64458E+16,426369592491061,1.95883E+16,48118628732107,3.17238E+16,1
7.89577E+15,1.68724E+16,2.87236E+15,9.34148E+15,3.53976E+16,5.17437E+15,1.19928E+15,7.98606E+15,4.39173E+15,1
6.863E+15,1.84481E+16,1.15791E+15,6.14949E+15,3.6411E+16,5.56956E+15,9.24691E+15,3.42498E+16,5.34329E+16,1
630476863013428,213656177672167,3.01686E+16,521078044271158,,3.39117E+16,1.49477E+16,4.35764E+15,5.10993E+15,1
6.57868E+15,203408815488612,2.23748E+16,6.24893E+15,3.99617E+16,5.47702E+15,1.20979E+16,7.13385E+15,4.29204E+15,1
896724410982202,2.66479E+16,3.44468E+16,4.90957E+15,,3.43266E+16,1.42634E+16,6.49597E+15,3.74226E+16,1
,1.66405E+15,1.42022E+16,9.0068E+15,3.70539E+16,4.9344E+15,1.24532E+16,5.98042E+15,2.84837E+15,1
7.42309E+15,2.10046E+16,3.1073E+16,6.37471E+15,3.12103E+16,4.60894E+15,1.6806E+15,4.16079E+15,3.71268E+15,1
9.16676E+15,1.84557E+15,2.1737E+16,1.22272E+16,3.04529E+16,3.17583E+16,1.67796E+15,5.10523E+15,5.42927E+15,1
8.46869E+15,1.51954E+16,1.91482E+16,1.19304E+16,3.90807E+16,3.74995E+16,9.90173E+15,702699593087864,4.3756E+15,1
6.48615E+15,2.24809E+16,2.68071E+16,3.26798E+16,3.19074E+16,3.8288E+15,1.0665E+16,6.37277E+15,3.24679E+15,1
4.4391E+15,1.90153E+16,2.08643E+16,2.38665E+16,,5.15631E+15,1.8081E+16,6.33631E+15,3.84423E+15,1
779278353049359,187912476009474,2.10939E+16,1.05855E+16,3.90409E+15,4.63019E+15,1.14628E+16,8.09214E+15,4.04738E+15,1
7.20522E+16,1.88911E+15,3.13156E+16,8.32304E+15,,3.98919E+15,1.56742E+16,6.95511E+15,3.46533E+15,1
6.56905E+15,2.08731E+16,2.91237E+16,6.76512E+15,327697540846151,3.08086E+15,1.23603E+16,6.57502E+15,4.2047E+15,1
,1.82258E+16,1.75407E+16,8.42248E+15,,3.05828E+15,1.1805E+16,6.16961E+16,4.16477E+15,1
4.29169E+15,1.24007E+15,1.80385E+16,8.6033E+15,,5.48574E+15,1.56828E+16,9.1861E+15,461608855445448,1
,1.76414E+15,1.26747E+15,8.98848E+15,3.54768E+16,3.4442E+15,1.26829E+16,8.35674E+15,4.40388E+15,1
4.92109E+15,1.62301E+15,1.41266E+16,6.40681E+15,3.57816E+15,3.37773E+16,2.12379E+16,6.57045E+15,3.28519E+15,1
6.72719E+15,1.97439E+16,2.60125E+15,695200803307596,3.46629E+15,4.7333E+16,1.84378E+15,69466289077676,4.15825E+15,1
5.75709E+15,1.48989E+16,3.24157E+16,9.17856E+15,3.19223E+16,4.07742E+15,1.2121E+16,4.22188E+15,3.73019E+16,1
5.84236E+15,2.17325E+16,2.96448E+15,417910796288259,3.28504E+16,3.10771E+16,1.43354E+15,6.2655E+16,386529596711091,1
8.8481E+15,2.48568E+16,1.9794E+15,9.68115E+15,3.23352E+16,4.11147E+16,1.81378E+15,6.87531E+15,3.0748E+16,0
5.86625E+15,1.46866E+16,1.96791E+16,4.86848E+15,3.20012E+16,4.14427E+15,1.55228E+16,8.44037E+15,4.28131E+15,0
6.021E+15,1.785E+16,1.30951E+16,7.9448E+15,,4.37299E+15,1.37708E+16,5.98724E+16,4.80602E+15,0
7.52993E+15,1.71814E+15,2.70621E+16,5.02957E+15,3.78242E+15,3.251E+16,1.37867E+16,9.72413E+15,4.58532E+15,0
6.64971E+15,1.90532E+15,1.61914E+15,5.25496E+15,,5.64203E+15,1.8443E+16,4.28154E+15,3.08518E+15,0
5.09779E+16,1.82819E+16,2.35903E+16,9.1288E+15,3.26335E+16,4.45563E+15,1.51378E+16,6.86081E+15,4.82932E+15,0
6.48399E+15,1.80445E+16,2.90328E+15,7.30174E+15,326300097940938,3.74676E+15,1.78859E+15,7.59397E+15,2.68864E+16,0
,2.5315E+16,120377703855776,4.38436E+16,3.25413E+16,4.22389E+16,1.31683E+16,4.00522E+15,3.39995E+16,0
5.6697E+15,1.99663E+16,9.54486E+15,8.80825E+15,3.43486E+15,3.7812E+15,2.17804E+16,8.04883E+15,1.91012E+16,0
8.12771E+15,2.0307E+16,1.32271E+16,6.3109E+15,3.62276E+15,4.09742E+15,1.82773E+16,7.89296E+15,4.24417E+15,0
9.10692E+15,2.0961E+16,1.68795E+16,2.10269E+16,,2.9431E+16,806429605288173,7.01906E+15,4.18673E+15,0
7.57576E+15,2.03884E+16,2.08553E+16,8.10931E+15,3.34027E+15,5.32311E+15,1.4236E+16,7.46387E+15,3.17643E+15,0
8.24637E+15,2.07172E+15,3.10804E+15,6.09636E+15,3.32766E+15,36902921276876,1.7534E+15,5.50302E+16,4.43326E+15,0
2.94547E+16,1.26748E+16,1.68294E+16,1.05974E+15,,4.56233E+16,1.01571E+15,7.93106E+15,506998277048037,0
4.96407E+15,1.68283E+16,1.76946E+16,9.72532E+15,3.3364E+16,3.5307E+16,1.72937E+16,6.72525E+15,476170080448234,0
4.9914E+15,1.41622E+16,4.44997E+15,8.26093E+15,3.3551E+16,5.34711E+15,15350872729456,6.28966E+16,3.9266E+16,0
5.04563E+15,1.79703E+16,2.25576E+16,1.01203E+16,2.96425E+15,4.50296E+16,1.42158E+16,8.20663E+15,3.33179E+16,0
,2.06263E+16,1.82211E+16,6.23714E+15,3.52159E+16,5.47325E+15,1.17599E+16,6.23484E+15,3.46956E+15,0
1.10695E+16,2.56202E+15,4.3536E+15,4.04762E+15,,4.33476E+16,1.24274E+15,5.5733E+15,488051238141723,0
57753308887641,1.69728E+16,1.47107E+15,7.26181E+16,3.59267E+15,5.35653E+15,1.17725E+16,6.72972E+15,5.16426E+15,0
901210031314688,2.68679E+15,1.30645E+16,7.62564E+16,3.58337E+15,5.49827E+15,120158677727552,6.36984E+16,4.96233E+15,0
4.03161E+15,1.45483E+16,1.51054E+16,8.18081E+15,3.33711E+16,3.42979E+16,1.38064E+16,8.56791E+15,403793915512632,0
788212394746559,235466404746777,5.47735E+15,6.47606E+15,,4.43895E+16,121785204652723,3.41944E+15,5.36417E+15,0
8.75949E+15,2.19921E+16,3.33649E+16,5.68707E+15,3.24039E+16,4.43548E+15,1.77633E+16,7.97479E+15,2.88958E+16,0
665364951527896,1.72585E+16,3.48164E+15,828930674549619,2.93611E+16,3.89471E+16,1.58725E+16,6.79769E+15,4.87141E+15,0
,1.79962E+15,2.20602E+15,829649738530308,,3.86418E+16,1.00801E+16,6.99048E+15,4.96354E+15,0
4.47388E+15,1.20102E+15,3.00137E+15,6.36937E+15,,4.33744E+16,8.51088E+15,1.00232E+16,4.89366E+15,0
9.34947E+15,252148498737014,1.31375E+16,6.17382E+15,3.20324E+15,3.49816E+16,1.31099E+16,5.88013E+15,3.77802E+15,0
6.86294E+15,2.20148E+16,2.35807E+16,661154340305096,2.85192E+16,3.25722E+16,1.34728E+16,8.94129E+15,3.80609E+16,0
8.26141E+15,2.08188E+16,2.48708E+15,4.92502E+16,,4.41053E+15,1.90957E+16,5.06631E+16,2.80043E+15,0
8.86032E+15,2.33625E+16,1.95503E+16,6.51906E+16,,2.85412E+15,1.30933E+16,2.50619E+16,2.47667E+16,0
7.49651E+15,2.07137E+16,3.94237E+15,849411536940996,3.25404E+15,5.69569E+15,143139868039122,,3.3634E+16,0
1.01642E+16,2.43607E+16,1.65227E+16,3.99217E+16,3.10845E+15,4.87698E+16,1.72232E+15,8.38715E+15,3.53094E+15,0
,1.67466E+15,1.15322E+16,7.70971E+15,3.61009E+16,6.25347E+15,1.41515E+16,748311936140564,4.08618E+15,0
6.03982E+15,1.64026E+16,9.94364E+15,7.7233E+15,3.50756E+15,3.74795E+15,1.66684E+15,655426615940809,3.92377E+15,0
,1.83489E+16,1.26759E+16,9.77781E+15,3.19871E+15,4.82445E+16,1.33097E+16,4.68534E+15,3.24042E+15,0
6.0579E+15,1.49123E+16,2.36035E+16,653702822442459,3.02699E+15,3.93293E+16,1.76152E+16,5.42179E+15,4.26975E+15,0
8.00502E+15,1.87231E+16,4.93414E+15,4.33931E+15,3.00697E+15,4.37326E+15,1.3972E+16,,5.28878E+15,0
,1.93462E+16,1.85192E+15,8.0218E+15,,3.74318E+16,1.37494E+16,437447051616086,2.67659E+15,0
7.03835E+15,1.99598E+16,2.39511E+16,8.22999E+15,3.20484E+16,4.19662E+15,1.19641E+16,6.39256E+16,4.57558E+15,0
,2.02569E+16,2.2257E+16,6.9135E+16,3.04951E+15,4.34198E+16,1.36969E+16,6.42057E+15,4.47807E+15,0
8.23709E+15,2.12819E+16,2.4415E+15,5.41398E+16,,4.45556E+16,1.24099E+16,4.85609E+15,3.68607E+16,0
6.57408E+15,1.86944E+16,2.27238E+16,6.21226E+15,3.3079E+15,3.85019E+15,1.20625E+16,7.25953E+15,4.97732E+15,0
7.33811E+15,1.88854E+16,3.00429E+15,7.46762E+15,3.09615E+15,4.655E+16,1.10541E+16,4.71837E+16,3.73638E+15,0
4.8511E+15,1.46627E+16,2.02276E+16,6.34053E+15,3.68941E+16,3.4652E+15,1.52667E+16,5.69899E+16,3.64411E+16,0
6.91792E+15,2.23333E+16,1.78621E+15,7.99589E+15,2.99403E+15,4.28948E+16,1.22309E+16,6.88368E+15,2.69149E+16,0
6.70934E+15,2.26428E+16,823829003830498,7.69241E+15,2.89921E+16,2.84774E+16,1.18685E+16,5.18752E+15,4.07439E+15,0
6.89405E+15,1.70571E+16,1.74755E+16,5.19478E+15,3.63309E+15,6.41586E+15,1.71832E+15,4.09166E+15,4.56884E+15,0
9.86473E+15,2.78081E+15,1.29782E+16,6.90857E+15,3.19382E+15,4.86638E+16,1.43513E+16,8.47988E+15,3.7019E+16,0
,2.10205E+16,2.68941E+15,4.31276E+15,3.29146E+16,3.44515E+15,1.51092E+15,,4.90391E+15,0
8.0397E+15,2.33856E+16,8.20136E+15,8.29302E+15,,4.6121E+16,1.2878E+15,6.87509E+15,3.82606E+16,0
9.82471E+15,2.1802E+16,1.51209E+15,3.12483E+15,,4.98934E+16,1.48366E+16,4.21682E+15,3.22604E+15,0
1.08873E+16,2.83896E+16,1.51772E+15,4.65654E+15,3.34181E+15,4.20608E+16,1.27025E+15,7.21023E+15,4.00416E+15,0
9.8314E+15,2.63633E+16,1.33454E+16,6.56693E+15,2.95774E+15,4.6244E+16,1.20023E+15,7.60214E+15,3.31181E+16,0
6.52848E+15,1.7694E+16,1.85333E+15,6.08327E+16,336296413110793,4.91478E+15,1.35313E+15,9.69441E+15,4.06328E+16,0
4.09141E+16,1.4679E+16,2.42525E+15,7.25498E+15,2.82694E+16,4.82294E+15,1.06116E+16,7.00694E+15,5.95232E+15,0
,1.97712E+16,1.29624E+16,647658388248892,3.62722E+15,5.03843E+15,1.88924E+15,8.03463E+15,3.50085E+15,0
,2.32864E+15,3.26004E+15,6.70267E+15,3.43599E+15,4.47395E+15,1.39001E+16,5.28921E+16,3.16539E+16,0
,1.92618E+16,3.65207E+15,7.45897E+15,,4.74148E+15,1.69864E+16,8.24402E+15,4.32399E+15,0
6.17516E+15,1.93283E+15,3.28752E+15,1.08967E+16,3.37506E+15,414902017213629,1.29978E+16,6.98674E+15,3.34137E+16,0
873612638374922,2.57231E+15,1.27263E+16,1.03266E+15,3.56415E+16,5.06376E+15,1.13375E+15,694257145433555,3.36853E+16,0
8.24095E+15,2.45091E+16,1.80015E+16,9.36742E+15,3.50615E+15,3.44057E+16,1.39047E+15,,4.6663E+15,0
9.15228E+15,2.2954E+16,2.45607E+15,7.04233E+15,3.72694E+15,3.95404E+15,1.42533E+16,4.09744E+16,3.79278E+16,0
,2.08838E+16,1.161E+16,6.44528E+15,,4.07017E+15,7.07077E+15,7.63835E+15,3.81344E+15,0
6.31758E+16,1.433E+16,2.25778E+15,5.69008E+15,338897199887854,5.73815E+15,1.53155E+16,4.89739E+15,3.39905E+15,0
5.69212E+15,1.65906E+16,2.23962E+16,6.68269E+16,3.09122E+15,530072519956057,1.1472E+15,,4.68239E+15,0
,2.01834E+16,295084928139997,3.92962E+15,3.25061E+15,4.28661E+15,8.81949E+15,7.63738E+15,4.11532E+15,0
,1.39955E+16,3.14211E+16,6.6277E+15,3.46441E+16,3.78771E+15,1.75445E+16,5.47988E+16,4.53618E+15,0
7.19149E+15,1.75461E+15,3.49338E+16,542753272863003,3.32196E+15,4.11302E+16,1.1666E+16,6.02819E+15,4.32068E+15,0
7.38111E+15,1.88314E+16,1.23205E+16,5.49351E+15,3.4324E+15,4.75302E+16,1.78268E+16,3.83373E+16,4.34274E+15,0
6.17252E+15,1.87787E+16,1.04986E+16,7.72256E+15,3.22521E+16,4.6709E+16,2.1234E+16,6.81636E+15,412998499476456,0
9.07632E+15,2.15913E+16,1.41536E+15,5.02003E+15,3.33499E+16,3.11797E+15,1.07763E+16,6.91146E+15,3.43699E+15,0
8.85412E+15,2.22965E+15,1.92588E+16,5.69606E+15,3.95729E+16,4.67088E+16,1.0454E+16,737790066425848,3.46135E+16,0
6.76806E+16,1.79806E+16,2.3793E+16,5.3321E+15,3.33198E+15,4.6153E+15,1.35574E+16,6.05712E+15,4.14581E+15,0
,2.07059E+16,3.05731E+16,4.4382E+15,3.41886E+15,3.93513E+16,1.55646E+16,8.14215E+15,3.1097E+15,0
8.54322E+15,1.83908E+16,3.30374E+16,2.72677E+16,3.58556E+15,6.31499E+15,1.73332E+16,6.81832E+15,2.84788E+15,0
9.56485E+15,2.51807E+16,1.71563E+16,6.25318E+15,3.46705E+16,4.10322E+15,1.86271E+16,8.29559E+15,3.18281E+15,0
5.49979E+15,1.50076E+16,4.31955E+15,6.5706E+15,3.22517E+15,2.87286E+15,1.12304E+16,7.18213E+15,3.66822E+16,0
5.19592E+16,1.75157E+15,3.34731E+15,8.40745E+15,319253631429962,4.8428E+16,1.68128E+16,9.4357E+15,5.3759E+16,0
7.28391E+15,1.97602E+16,2.31125E+16,9.50281E+15,3.32332E+15,4.49362E+15,1.44586E+16,7.00002E+15,3.57186E+15,0
5.87244E+16,1.85404E+16,1.43434E+16,9.69021E+15,3.33565E+16,4.09114E+15,1.47412E+16,6.41837E+15,3.74107E+15,0
5.73572E+15,1.58319E+15,2.5363E+15,7.7286E+16,3.77543E+16,568304670635809,1.36266E+16,7.59523E+15,4.73295E+16,0
6.15842E+15,1.76031E+16,2.6369E+16,9.77121E+15,3.47894E+15,4.53706E+15,1.32547E+16,6.10578E+16,5.0805E+15,0
7.29436E+16,1.91774E+16,4.157E+15,5.31111E+15,3.21321E+15,3.42501E+15,1.37925E+16,5.44635E+16,3.33658E+16,0
7.05427E+15,2.12429E+15,7.45007E+15,8.72711E+15,,396052781798829,1.1384E+16,7.52193E+15,4.78062E+15,0
,1.99942E+15,2.59733E+16,6.49099E+15,3.36041E+16,344970362936582,1.26404E+16,4.68545E+15,3.15177E+16,0
3.14871E+16,1.42272E+16,2.32572E+15,8.27928E+15,2.93161E+16,3.91841E+15,8.92359E+15,68316612123375,3.46564E+16,0
5.66527E+15,1.6289E+16,3.1883E+15,8.31248E+15,3.50682E+16,5.50818E+15,1.56323E+16,7.24574E+15,4.57182E+15,0
8.31094E+15,2.4572E+15,7.9295E+15,8.83239E+15,3.73464E+16,3.48619E+16,1.41059E+16,8.47406E+15,4.40856E+15,0
7.0961E+15,2.06828E+15,2.45486E+16,5.37986E+15,,365400809197269,1.24952E+15,7.92954E+15,4.56976E+15,0
7.95711E+15,1.99108E+16,2.04258E+16,8.17199E+15,3.80078E+15,333156538160031,1.45379E+16,6.22464E+16,3.72987E+16,0
740023858050054,2.18825E+16,8.13607E+15,6.28636E+15,3.10761E+16,5.18733E+15,1.51863E+16,5.0837E+16,4.88012E+15,0
9.73462E+15,2.44929E+16,1.89762E+15,4.74597E+15,3.30636E+15,3.83948E+16,1.4897E+15,,3.5065E+16,0
8.03776E+15,1.99214E+16,4.03684E+15,7.30741E+15,,2.93833E+16,1.42547E+16,6.87634E+15,3.57252E+15,0
,2.50573E+16,2.45384E+15,7.2876E+15,3.4511E+15,4.26104E+16,1.39842E+16,6.01597E+15,6.09963E+15,0
5.68181E+15,1.51086E+15,2.63735E+16,5.65159E+15,,4.68473E+16,8.62379E+15,1.02246E+16,537515660940302,0
8.39451E+15,2.24347E+16,2.39615E+16,4.72437E+15,3.37406E+16,4.76579E+16,172136760829859,6.4976E+15,3.71247E+16,0
8.52829E+15,2.27686E+16,2.73523E+16,7.67632E+15,3.49996E+16,3.88138E+16,1.26117E+16,8.01861E+15,4.59692E+15,0
6.23805E+15,1.78298E+15,2.19196E+15,7.08538E+15,3.35858E+16,2.87573E+15,1.74599E+15,4.69533E+15,3.84831E+16,0
5.87062E+15,1.86178E+16,1.89098E+16,8.49424E+15,3.28747E+16,4.27183E+16,1.33E+16,5.21624E+15,3.72879E+15,0
6.43373E+15,1.76857E+16,2.67557E+16,6.53347E+15,3.16541E+16,5.05122E+16,2.13196E+15,6.01263E+16,3.11792E+15,0
6.06936E+15,2.00916E+16,9.32322E+15,9.38752E+15,3.25467E+15,4.50441E+15,1.24234E+15,7.3914E+15,4.91481E+15,0
6.66046E+15,2.29339E+15,9.63273E+15,1.12994E+16,3.26157E+15,4.39121E+15,2.1158E+15,4.00967E+15,3.67314E+15,0
7.50611E+15,1.88222E+16,3.19206E+16,5.71431E+15,3.34243E+16,436396995229965,1.5221E+16,4.33605E+15,47440066912633,0
5.89515E+15,1.92041E+16,1.47049E+16,7.90577E+15,3.05808E+15,4.29766E+16,1.50181E+16,4.48876E+16,5.07521E+15,0
644923665656657,2.18907E+15,1.28126E+16,1.09087E+16,,4.21297E+16,8.01042E+15,7.90855E+15,4.06515E+16,0
8.55053E+15,209682466228215,223772729499167,2.65449E+15,3.22156E+16,4.13674E+15,1.29968E+16,4.29898E+16,4.592E+15,0
7.12264E+15,1.83403E+16,3.12959E+16,4.42503E+15,,4.11616E+16,1.40661E+16,7.71858E+15,3.75045E+15,0
8.55866E+15,2.14107E+16,3.87678E+15,660809975175673,3.10015E+16,3.82622E+15,1.5897E+16,571968273304565,2.59064E+15,0
4.6243E+15,1.21036E+15,2.29817E+16,8.29707E+15,3.72037E+15,2.60566E+16,1.3054E+16,6.65535E+15,3.42425E+15,0
,1.43099E+16,1.92906E+16,6.08432E+15,3.7087E+16,4.86059E+15,1.39247E+15,6.38023E+15,4.11729E+15,0
6.09138E+15,1.92121E+16,1.728E+15,8.92704E+15,,4.13248E+16,1.27398E+16,8.5027E+15,5.07552E+15,0
9.65866E+15,2.40349E+16,2.02697E+15,7.05073E+15,3.74182E+16,5.67784E+15,1.55872E+16,5.5836E+15,46393865551816,0
8.11562E+15,2.00099E+15,1.5513E+16,6.04611E+15,,4.2106E+16,8.32028E+15,5.37756E+15,4.40881E+16,0
,2.09165E+15,7.84547E+16,7.66913E+15,4.33694E+15,4.21625E+16,1.63522E+15,,445464130113273,0
6.91487E+15,2.0625E+16,1.03434E+16,7.77121E+15,3.24383E+16,521320673044623,1.61737E+16,6.82469E+15,2.98861E+16,0
7.33792E+15,1.88799E+16,2.42665E+16,6.84485E+15,3.26255E+15,5.00386E+15,1.33734E+15,6.59091E+15,3.93551E+15,0
7.76611E+15,2.12318E+15,2.41454E+16,7.92589E+15,3.64081E+15,4.64109E+15,1.54653E+16,7.01058E+15,43999023132719,0
8.43397E+15,2.40078E+15,1.08233E+16,8.41896E+15,3.17301E+16,426175253225193,807715615037364,4.92701E+15,3.16771E+16,0
6.89155E+15,1.84075E+16,1.33767E+16,6.86643E+15,3.33802E+15,5.08681E+16,1.65862E+16,8.17128E+15,4.95894E+15,0
5.94616E+15,1.90552E+16,1.27677E+16,8.93975E+15,3.23743E+16,4.99938E+15,1.24154E+16,5.40956E+15,4.90363E+15,0
6.36384E+15,2.07422E+15,9.8447E+15,976592075851118,3.20631E+16,4.66593E+15,1.91563E+15,5.82653E+15,403898350222683,0
5.3318E+15,1.49955E+16,1.96939E+15,7.14614E+15,3.36012E+16,2.85998E+15,1.42986E+16,4.61138E+16,4.73487E+15,0
,2.326E+16,1.06341E+16,7.55816E+15,3.3405E+16,5.42211E+15,1.40135E+16,8.52151E+15,4.79901E+15,0
8.46601E+15,2.24175E+16,2.25231E+16,6.66887E+15,2.86944E+15,3.30045E+16,1.77441E+15,7.78178E+15,3.94662E+16,0
7.42627E+15,1.92145E+15,3.6991E+15,5.10116E+15,,5.90507E+15,1.87364E+16,2.47342E+15,4.36334E+15,0
1.12191E+16,2.37583E+15,218717851725781,3.07432E+15,,3.74022E+16,1.58045E+16,6.44864E+15,5.74959E+15,0
5.70852E+16,1.87082E+16,1.21936E+16,8.2885E+15,3.51573E+15,5.77403E+15,1.43576E+15,,3.34428E+16,0
6.55963E+16,1.52115E+15,2.2624E+16,7.76111E+15,3.87519E+16,3.9382E+15,1.01075E+16,552866706136348,3.66446E+15,0
5.60632E+15,1.90335E+16,1.23082E+16,8.54875E+15,3.1168E+16,3.99606E+16,1.85243E+16,6.72263E+15,3.74874E+16,0
,1.8322E+16,2.03114E+16,679089737329086,3.81459E+16,3.44967E+16,1.11385E+16,7.17046E+15,3.88736E+16,0
,1.87019E+15,2.89887E+16,5.58801E+15,3.33219E+16,4.78773E+16,1.50114E+16,6.98051E+15,366686969365282,0
,2.2389E+15,8.72215E+15,8.56945E+15,,3.75142E+16,1.54308E+16,645641432674701,344029961478404,0
7.53934E+15,2.27316E+16,1.26109E+16,9.50758E+15,3.45139E+15,3.43243E+15,1.27691E+16,8.28263E+15,5.11413E+15,0
8.8497E+15,1.97779E+15,2.01294E+16,5.18244E+15,3.29502E+15,3.56477E+15,1.18829E+16,4.57068E+16,2.98767E+16,0
7.68276E+15,2.11664E+16,1.27233E+15,6.67234E+15,3.80946E+15,3.60107E+16,1.41753E+16,6.99497E+15,5.04431E+15,0
,1.72968E+16,2.4446E+16,7.03264E+15,,5.71629E+15,1.15499E+16,5.64992E+16,4.72535E+15,0
6.44819E+15,1.8159E+16,1.84607E+16,8.72787E+15,,3.53604E+15,1.39394E+16,7.39905E+15,3.93221E+15,0
1.01994E+16,2.56704E+15,2.87038E+15,7.9406E+15,326462665812632,5.52162E+15,8.80285E+15,,4.38487E+15,0
7.76619E+15,2.23058E+16,1.49453E+15,6.02682E+15,,4.82406E+15,6.74776E+16,8.31868E+15,3.67423E+16,0
,1.91301E+16,1.75406E+16,877972626215979,,3.23812E+16,1.90728E+16,6.15603E+15,4.1293E+15,0
975657762790083,2.44461E+15,1.79401E+16,7.14905E+15,,3.37714E+15,2.36677E+15,7.32335E+15,3.74901E+16,0
,1.59399E+16,6.12272E+15,3.71359E+15,3.12976E+16,3.77068E+15,1.72467E+15,8.21972E+15,3.86081E+16,0
6.4068E+15,1.82885E+15,1.78511E+16,7.46276E+15,3.32487E+15,3.9878E+16,1.73016E+16,6.40702E+15,4.57397E+15,0
,2.53054E+16,2.88649E+16,8.52437E+15,364749482396199,4.797E+16,1.58231E+16,707581896914079,4.69704E+15,0
8.44522E+15,2.28523E+16,2.89666E+16,6.17986E+15,,3.61705E+15,1.45542E+16,6.06122E+16,4.40071E+15,0
4.13704E+15,1.16338E+16,1.7102E+15,8.65221E+15,3.22892E+16,3.60648E+16,7.84831E+15,7.0977E+15,4.32736E+15,0
7.67591E+15,2.33301E+15,2.36731E+15,8.4075E+15,,2.32614E+16,1.84594E+16,6.09936E+15,5.04046E+15,0
,2.43683E+16,2.09768E+15,6.50226E+15,3.5045E+16,4.87556E+16,1.04516E+16,8.41788E+15,3.55844E+16,0
5.7011E+15,1.70496E+16,1.71215E+16,9.53601E+15,3.74776E+15,3.78874E+16,1.09722E+16,6.32933E+16,5.95675E+16,0
6.37658E+15,1.7751E+16,4.1243E+15,6.66992E+15,,4.86806E+16,1.34908E+16,6.53664E+15,4.16159E+15,0
5.51774E+15,1.9067E+15,1.76383E+16,1.05259E+16,,4.61929E+16,1.25317E+16,4.48878E+15,4.52311E+15,0
3.85462E+15,131396253059016,1.96398E+16,7.7535E+15,3.05383E+15,4.56512E+16,1.68647E+15,8.15261E+15,4.29044E+16,0
7.55808E+15,2.53841E+16,1.66429E+16,1.12244E+15,,5.55933E+15,151546276922316,8.17461E+15,416900526664164,0
7.38743E+15,2.14293E+16,1.16946E+16,9.27368E+15,3.75506E+15,3.56806E+15,1.51845E+15,8.02312E+15,3.83058E+16,0
7.76342E+15,1.93721E+15,2.00193E+15,8.34439E+15,3.73598E+16,3.75073E+16,1.1436E+16,2.89936E+16,4.11354E+15,0
,205551854127598,2.48205E+15,7.22688E+15,3.29404E+16,3.86308E+15,9.22307E+15,69703026085383,4.25222E+15,0
7.50935E+15,1.92468E+16,1.70456E+16,8.81584E+15,3.46742E+15,2.66358E+15,1.59301E+16,8.32625E+15,4.32186E+15,0
,1.19886E+16,2.23312E+16,8.05154E+15,3.51161E+16,4.72064E+15,1.66428E+15,6.26471E+15,4.65939E+15,0
505727054567867,1.55488E+16,1.9004E+16,6.25089E+15,3.0585E+15,518101816131548,1.57724E+16,9.71991E+15,4.43227E+15,0
5.83054E+15,1.65467E+15,3.00213E+15,8.4331E+15,3.34398E+16,4.94155E+16,1.66666E+16,6.95803E+15,5.19212E+15,0
5.85969E+15,1.63497E+16,1.9231E+16,6.54168E+15,3.39371E+15,4.68377E+16,1.97491E+15,6.1791E+15,2.74733E+16,0
8.89167E+15,184869606190146,4.18014E+15,3.40958E+16,3.37047E+16,4.61077E+16,1.37155E+16,4.20781E+15,4.5226E+16,0
1.01542E+16,2.44209E+15,2.4756E+16,4.71135E+15,299797515004826,3.87589E+15,1.53636E+16,708232435520352,3.7309E+15,0
,2.27433E+15,3.21022E+16,3.64685E+15,3.21671E+15,4.33276E+16,1.16901E+16,5.70497E+16,3.58104E+15,0
7.68316E+15,2.21575E+16,2.54759E+16,9.91497E+15,,3.72804E+15,1.20544E+16,5.18925E+15,478132309399482,0
7.45554E+15,2.25314E+16,162420602812753,8.2041E+15,350108093451594,33167382444251,1.3115E+16,6.01621E+15,2.93036E+16,0
,2.17945E+16,3.782E+16,8.29934E+15,,3.6757E+16,1.5421E+16,3.64466E+15,2.99478E+15,0
4.81183E+16,1.50451E+15,2.75478E+16,7.56954E+15,2.96002E+15,5.21562E+15,1.62958E+15,4.42886E+15,2.86099E+16,0
5.72014E+15,1.8244E+16,1.34639E+16,8.25397E+15,,401509481048087,1.33618E+16,5.29529E+15,3.51326E+16,0
9.9615E+15,2.767E+15,1.87432E+15,916073963943493,3.61221E+15,4.57552E+15,2.15645E+16,9.37403E+15,5.21559E+15,0
3.23097E+16,1.20785E+16,1.36911E+16,6.83595E+15,3.2824E+16,2.61435E+15,1.84061E+16,5.48521E+15,3.28192E+16,0
1.01884E+16,2.86568E+15,7.1058E+15,9.84054E+15,3.21686E+15,4.3788E+15,1.28716E+15,787320551070203,4.63524E+15,0
6.26291E+15,1.85983E+16,5.15705E+15,7.80439E+15,3.38195E+15,5.70288E+15,1.46014E+16,,4.59492E+16,0
7.39981E+15,2.29776E+15,2.8631E+16,8.71171E+15,3.02316E+16,4.37367E+15,1.19276E+16,7.85764E+15,3.80372E+15,0
9.27167E+15,2.56273E+16,2.69122E+15,5.76678E+15,2.74646E+15,4.67752E+15,1.23767E+16,8.99049E+15,3.7442E+16,0
4.70418E+15,1.69944E+16,7.02884E+15,8.98704E+15,3.1783E+16,2.89538E+15,8.06944E+15,6.36649E+15,4.13899E+15,0
8.65479E+15,2.18173E+15,1.47993E+15,6.16405E+15,3.66148E+16,4.1687E+15,8.95452E+15,7.26203E+15,5.14814E+15,0
8.01877E+15,2.28111E+16,2.74053E+16,6.49136E+15,,4.9462E+15,8.71667E+15,5.61889E+15,4.35628E+15,0
818936335603807,2.29608E+15,1.31976E+15,6.00796E+15,3.34054E+15,6.05466E+15,1.48614E+16,1.03323E+16,3.6883E+15,0
9.34109E+15,2.3043E+16,1.82541E+15,6.11397E+15,,2.94583E+16,1.29088E+16,9.18565E+15,4.59879E+15,0
,2.28252E+16,1.85932E+16,5.90521E+15,,4.75296E+16,1.36726E+16,5.44925E+16,4.12285E+15,0
4.89196E+15,1.53506E+15,955954739235584,7.84707E+15,349824390368496,4.96873E+15,1.14576E+16,6.11105E+15,3.90427E+16,0
6.05682E+15,2.11766E+15,4.44028E+15,9.5073E+15,,3.16922E+15,1.77664E+15,535411906294422,3.35806E+16,0
5.65512E+15,1.46762E+15,1.92719E+15,639143892140127,3.16496E+16,4.69895E+15,1.19714E+15,6.20046E+16,4.40115E+15,0
7.89026E+15,1.64708E+16,1.76451E+15,7.14136E+15,,6.34118E+15,2.19772E+15,3.32793E+15,4.63674E+15,0
1.19077E+16,2.98099E+16,1.70832E+15,5.87899E+15,,4.00331E+15,140633696616257,6.43686E+15,4.25642E+15,0
881147224773704,2.7021E+15,121384229544071,1.05206E+16,3.60296E+15,4.37515E+16,1.59527E+16,6.78785E+15,558739598761068,0
4.12658E+15,1.13024E+16,4.05288E+15,6.48995E+15,,3.92109E+16,1.57934E+16,6.87974E+15,3.50475E+15,0
5.73536E+15,1.49172E+16,2.86282E+15,5.07307E+15,,4.65555E+15,1.2202E+16,659098503743173,4.08505E+15,0
8.00078E+15,2.37519E+16,18419132883475,8.32333E+15,3.08006E+15,3.96377E+16,1.34925E+15,827532777661235,4.51921E+15,0
877504747012084,1.91527E+16,2.17686E+16,4.751E+15,3.87246E+16,4.35523E+16,1.18752E+16,5.60291E+15,3.8307E+16,0
8.30383E+15,2.2295E+16,2.60306E+16,7.10897E+16,,3.68284E+15,1.43836E+16,7.00727E+15,3.39266E+16,0
5.08224E+15,1.91767E+15,1.77392E+16,9.11172E+15,3.09788E+15,4.13159E+16,1.23071E+16,8.88926E+15,5.05638E+15,0
5.81355E+15,1.84032E+16,1.01122E+16,6.53699E+15,3.09451E+16,4.41594E+16,1.14382E+16,7.75082E+15,3.72143E+15,0
3.42239E+16,1.413E+16,1.60176E+16,821471355900591,,5.80871E+15,1.06033E+16,9.49491E+15,3.67625E+15,0
5.91337E+15,1.48608E+16,1.44678E+16,6.1591E+15,,4.27041E+16,1.44234E+16,5.64604E+15,2.49983E+16,0
6.78302E+15,2.36279E+15,8.21377E+15,933286124155813,,5.01019E+15,1.15907E+16,9.16809E+15,4.77881E+15,0
6.83606E+15,2.05668E+15,1.83213E+16,671285418648211,2.97837E+16,4.94484E+15,1.38089E+16,7.07142E+15,4.95251E+16,0
4.88439E+15,1.36558E+16,2.83924E+15,8.4404E+15,,3.86104E+15,1.38319E+16,7.38246E+15,3.6167E+16,0
8.33155E+15,2.38992E+16,1.16358E+16,3.92324E+15,2.76402E+15,4.06245E+16,1.54108E+16,,2.69239E+16,0
781965915392936,2.25107E+15,1.6404E+16,7.09331E+15,3.13168E+15,4.13209E+15,1.53756E+16,3.26819E+16,2402337210865,0
5.42836E+15,1.67017E+15,2.49302E+15,7.96709E+15,3.34087E+16,4.00393E+15,1.81791E+16,7.03127E+15,2.84784E+16,0
4.55666E+15,1.56423E+16,1.44007E+15,9.46129E+15,,4.83746E+15,7.89772E+15,5.49139E+15,4.39226E+15,0
7.333E+15,1.89448E+15,3.23585E+16,6.34638E+15,3.41346E+16,4.90625E+16,1.25375E+16,6.15814E+15,2.642E+15,0
7.11439E+16,1.96534E+16,2.70227E+15,6.17679E+15,,4.97524E+15,1.87043E+16,5.97304E+15,3.76268E+15,0
6.37695E+15,170227079802342,1.60794E+16,5.4338E+15,3.31857E+15,3.11773E+16,1.57037E+16,5.40131E+15,4.28439E+15,0
9.33824E+15,2.48376E+16,1.74168E+15,6.66587E+15,3.42721E+15,5.05677E+15,1.97428E+16,5.86585E+16,1.87257E+16,0
,1.30559E+16,1.74296E+16,6.31765E+16,3.2206E+15,5.24646E+15,1.5318E+16,7.53764E+15,5.54132E+15,0
8.93388E+15,2.78232E+15,1.41796E+16,8.12826E+15,3.18357E+15,3.35241E+15,1.66649E+16,4.83573E+15,4.3748E+15,0
1.06006E+16,2.74969E+15,2.15583E+16,6.11282E+16,3.50364E+16,3.3112E+16,1.26108E+16,,5.4777E+15,0
6.83882E+16,1.96196E+16,1.18772E+16,9.6247E+15,3.65349E+15,3.63803E+16,1.49241E+16,4.11214E+15,4.77654E+15,0
5.60088E+15,1.83574E+16,2.04117E+16,9.75377E+15,3.36405E+15,3.6836E+15,1.10959E+16,6.68201E+15,4.36203E+15,0
6.10253E+16,1.79397E+16,2.41963E+15,7.15534E+15,3.21442E+15,525900094922427,1.34781E+16,6.00583E+15,2.29257E+15,0
6.49092E+15,1.89032E+16,3.04536E+16,6.06012E+15,2.97513E+16,4.76917E+15,1.4974E+15,4.70129E+15,4.37233E+15,0
8.50698E+15,1.97745E+15,2.00982E+15,6.45656E+16,3.44127E+15,5.5592E+15,9.02836E+15,7.89331E+15,3.88179E+16,0
7.41329E+16,1.96452E+16,1.74653E+16,6.3092E+15,3.55165E+16,3.00933E+16,1.31781E+16,8.06048E+15,3.29011E+15,0
,2.52405E+16,2.01972E+15,2.56226E+15,3.50548E+16,4.5497E+16,1.20319E+15,6.92923E+15,5.14644E+15,0
7.58624E+15,1.9089E+16,1.64099E+16,5.73903E+15,,4.02799E+15,1.39061E+16,9.53827E+15,4.35134E+15,0
7.10335E+15,2.49589E+16,4.42543E+15,8.21176E+15,2.93079E+16,2.68441E+15,1.8423E+16,6.84742E+15,4.41719E+15,0
6.1535E+15,1.63206E+16,4.81759E+15,715380339665979,2.99567E+16,3.44717E+16,5.15938E+15,5.55289E+15,4.81997E+15,0
2.37677E+15,1.29864E+16,1.16841E+15,9.97481E+15,3.0143E+15,5.0391E+16,8.74126E+15,7.63107E+15,3.62922E+16,0
751483566596394,2.1544E+15,1.70174E+16,7.41704E+15,3.35652E+16,4.83658E+15,1.45329E+16,6.60372E+15,4.29973E+15,0
7.44519E+15,2.25398E+16,2.47415E+16,9.2485E+15,,4.02116E+16,1.5536E+15,8.70839E+15,3.63789E+16,0
4.8353E+15,1.36295E+16,2.30312E+16,5.56018E+15,358933088695935,5.67464E+15,1.15058E+16,6.07739E+16,3.63376E+15,0
8.37628E+15,2.48133E+15,2.78242E+16,7.10052E+15,3.43058E+15,4.3345E+16,1.86589E+16,5.33038E+15,5.70396E+15,0
7.94591E+16,2.13066E+15,1.67699E+15,4.74534E+15,2.92419E+16,4.78167E+15,1.41899E+16,8.20544E+15,3.58543E+16,0
8.72778E+15,2.0242E+16,2.55219E+16,3.83024E+16,3.26908E+15,4.61959E+16,1.66115E+16,1.04373E+16,3.83154E+15,0
6.08943E+16,2.07267E+16,1.13392E+16,8.88835E+15,3.17279E+16,5.31769E+15,1.16743E+16,4.83582E+15,4.36686E+15,0
7.17232E+15,1.91389E+15,1.47021E+15,6.5571E+15,3.13866E+15,525031020156224,1.26302E+16,1.08265E+15,3.08422E+16,0
8.33295E+15,2.36532E+16,1.88818E+16,42756930471398,,3.84729E+16,1.51211E+16,5.55077E+15,340829958802318,0
,2.31973E+15,2.14608E+16,8.67348E+15,3.60672E+15,3.75082E+15,1.21788E+15,6.68645E+15,395509083425873,0
4.56337E+15,1.52908E+16,1.34906E+16,7.49992E+15,3.38585E+16,5.24108E+15,1.4144E+15,6.90162E+15,4.82518E+15,0
,1.81081E+16,3.00504E+15,7.97563E+15,3.60087E+15,3.78154E+15,1.76746E+15,,3.52249E+16,0
3.67684E+16,1.73678E+16,2.25812E+16,1.26534E+16,2.89127E+16,5.99729E+15,8.38641E+15,496585535944622,5.46147E+15,0
,1.69356E+16,2.31337E+16,8.24783E+15,3.37048E+16,3.30355E+16,1.47491E+15,5.83569E+15,3.51715E+16,0
7.88908E+16,2.08402E+15,2.49747E+16,7.29628E+15,,4.53167E+16,1.25297E+16,6.0435E+15,4.03404E+15,0
5.52577E+16,1.88156E+15,1.6113E+16,8.30693E+15,,363471851126453,1.20945E+15,7.47187E+15,4.40141E+15,0
485805560159329,1.59696E+16,3.28865E+15,7.6893E+15,,3.37388E+15,2.3108E+15,7.60945E+15,4.13097E+15,0
3.27282E+16,1.45492E+15,7.40898E+15,1.1996E+16,3.36688E+15,4.3371E+16,1.04589E+16,,4.31852E+15,0
7.11758E+16,1.862E+16,3.15289E+15,6.38704E+15,3.35349E+15,3.80578E+15,1.9074E+16,7.59031E+15,4.3334E+15,0
7.82226E+15,2.00003E+15,2.2411E+16,528359355165118,3.4308E+16,593483602346069,1.22731E+16,7.52562E+15,3.08087E+15,0
4.33406E+15,1.55829E+16,1.33514E+15,8.60393E+15,3.21787E+15,3.87522E+16,7.80944E+15,7.78792E+15,2.61353E+16,0
,2.14035E+16,1.00395E+16,1.01301E+16,3.83754E+15,4.87422E+16,1.89176E+15,5.14854E+15,3.25975E+15,0
8.83958E+15,2.46066E+15,2.11798E+15,7.71766E+15,3.43047E+15,7.53343E+15,1.69179E+16,6.0436E+15,3.11804E+16,0
5.29067E+15,1.60432E+15,9.2651E+15,9.27207E+15,358547147467949,4.64573E+16,1.12208E+15,6.76461E+15,3.53057E+15,0
7.87327E+15,1.82647E+16,2.53371E+16,3.71507E+16,3.62485E+15,3.1519E+15,1.21324E+15,6.54999E+15,3.30639E+15,0
7.14844E+15,1.73273E+16,3.06562E+15,4.73783E+15,,525884832982694,1.45678E+16,5.7822E+16,4.30857E+15,0
6.45361E+15,1.75479E+16,2.52576E+15,762652961074346,2.63401E+16,3.76525E+15,1.57554E+16,,5.56826E+15,0
,1.89823E+16,2.02783E+15,6.79994E+15,,3.14834E+15,1.00921E+16,4.66293E+15,4.94001E+15,1
5.65412E+15,1.71752E+16,1.64312E+15,72834542169338,3.87905E+16,4.19097E+15,1.18149E+16,8.63082E+15,3.46626E+16,1
7.65068E+15,2.3949E+15,1.53269E+16,8.9279E+15,3.73436E+15,4.25336E+15,1.78836E+15,,4.04371E+16,1
6.4182E+16,1.73446E+16,1.96173E+16,7.39647E+15,321865250214064,3.91667E+15,1.8454E+16,4.63459E+16,2.67098E+16,1
6.848E+15,1.99777E+16,2.62969E+16,7.33917E+15,3.54251E+16,3.97536E+15,2.214E+16,5.1535E+15,3.81523E+16,1
6.99169E+15,1.52976E+16,2.03896E+16,2.64839E+15,3.31253E+16,4.60146E+16,1.54854E+16,6.967E+15,3.72482E+15,1
5.9248E+15,1.11479E+16,1.54139E+16,6.90003E+15,3.47862E+16,2.77588E+15,1.32611E+16,7.4194E+15,4.18893E+15,1
7.52668E+15,1.92167E+16,3.84684E+16,6.61637E+15,2.90642E+15,4.49318E+16,1.30559E+16,5.87686E+15,4.14822E+16,1
,2.33063E+15,3.66404E+15,1.00002E+16,4.35115E+16,3.37664E+15,1.66355E+16,6.10737E+16,4.84976E+15,1
5.32464E+15,1.42807E+16,7.28751E+15,8.40332E+15,,4.96998E+15,1.51747E+16,6.00779E+15,3.652E+16,1
9.03833E+15,2.27358E+16,3.43538E+16,5.57328E+15,2.31054E+15,4.21664E+16,1.63314E+16,9.26434E+15,3.70627E+15,1
5.94599E+15,1.51686E+16,1.23569E+16,7.89412E+15,3.42029E+15,4.71122E+16,1.57255E+15,576830674988963,3.79333E+16,1
6.19509E+15,1.95443E+15,193311940423265,9.11256E+15,3.42872E+16,4.25503E+16,1.72125E+16,8.51142E+15,4.19656E+15,1
9.06282E+15,2.4663E+16,2.79599E+16,5.64997E+15,3.08781E+15,4.34395E+15,2.11421E+16,4.41493E+15,3.73037E+15,1
7.13743E+15,210502749534901,1.75066E+15,7.30493E+15,3.01642E+16,30423948088461,1.3076E+16,6.42309E+15,2.96418E+15,1
6.23201E+15,2.08668E+16,1.21497E+16,856003932416824,,3.25345E+15,1.3247E+16,3.33804E+15,1.64152E+16,1
7.78087E+15,2.21844E+16,4.04837E+15,6.1461E+16,3.0233E+16,5.6372E+15,1.1753E+16,5.15595E+15,4.60203E+15,1
7.15005E+15,2.38798E+16,1.47085E+15,8.60677E+15,4.50914E+15,3.65739E+15,1.49665E+16,5.3145E+15,2.63389E+15,1
4.57412E+15,1.34201E+15,2.25204E+16,8.19183E+15,4.03342E+15,3.722E+16,1.12609E+16,6.90472E+15,3.0865E+15,1
6.17931E+15,1.59773E+16,2.15325E+16,8.06333E+15,2.72441E+16,5.09772E+16,1.10105E+16,999962857074477,2.95196E+16,1
5.56633E+15,1.53776E+16,1.45747E+15,8.01155E+15,,3.8805E+15,1.42006E+16,7.55552E+15,3.42476E+15,1
,1.60095E+16,2.65616E+16,718702165829636,3.2209E+15,3.72624E+16,1.14552E+16,5.7151E+15,5.13678E+15,1
7.18517E+15,2.09683E+16,2.49098E+15,6.69107E+15,,5.01785E+15,1.60886E+16,7.56713E+15,3.95585E+16,1
,1.60916E+16,1.39432E+16,8.39973E+15,3.80768E+15,3.44154E+16,1.52087E+16,7.55751E+15,4.14155E+15,1
6.99045E+15,2.25923E+15,1.76794E+16,7.24887E+15,3.77868E+15,5.27206E+15,1.37873E+15,8.7839E+15,5.18444E+15,1
5.81074E+15,1.51876E+16,2.54196E+16,7.87417E+15,3.13365E+15,4.94153E+15,1.46467E+16,7.73738E+15,3.43697E+16,1
7.44417E+15,2.11446E+16,200034976805052,7.2383E+15,,5.24645E+15,1.37782E+16,4.99009E+15,3.82087E+16,1
4.37488E+15,1.44237E+16,1.73843E+16,8.89844E+15,,4.02271E+15,1.37158E+16,5.59898E+16,3.03011E+16,1
6.60254E+15,1.74633E+16,2.16075E+16,6.58133E+15,3.08931E+15,6.5757E+15,906444501890411,6.8827E+15,3.5925E+16,1
6.85749E+15,2.33211E+16,2.26036E+16,6.62706E+15,368105783101925,4.12435E+15,1.69262E+15,6.25579E+15,4.30658E+15,1
,1.76772E+15,1.94862E+16,7.96013E+16,4.12407E+16,2.76589E+16,1.67101E+16,3.3563E+15,3.88818E+16,1
6.78982E+15,1.973E+16,2.25277E+16,5.16694E+15,399981754613406,4.22482E+16,1.59166E+15,4.79351E+15,4.51207E+16,1
8.56035E+15,2.44797E+16,1.42547E+15,7.4539E+15,3.15971E+16,500586607820739,1.82287E+15,5.73655E+15,2.93921E+15,1
,1.13176E+16,994392978526269,6.33714E+15,3.54298E+16,4.15338E+15,1.96762E+15,2.30758E+15,3.78748E+15,1
8.27706E+15,2.42559E+16,1.27158E+16,5.12873E+16,3.71303E+15,5.61761E+15,1.522E+16,6.1799E+15,3.75132E+16,1
,1.57782E+15,1.37117E+16,6.13394E+16,,2.89747E+16,1.31727E+16,6.04578E+15,5.06847E+15,1
6.92126E+15,1.58292E+16,3.11771E+16,6.97899E+15,,5.31657E+15,1.14822E+16,5.99986E+16,3.54038E+16,1
5.63692E+15,1.59139E+16,2.72838E+16,691872650291659,3.28907E+16,3.17831E+15,1.36114E+15,3.63352E+15,3.00714E+16,1
6.6075E+15,2.31566E+16,2.64208E+16,9.57782E+15,4.18241E+15,4.43316E+16,1.56712E+16,6.13644E+16,3.44711E+16,1
4.95141E+15,1.53212E+16,2.01174E+16,8.98557E+15,3.91069E+15,4.1833E+15,1.18317E+15,6.83876E+15,3.87068E+16,1
5.91313E+15,1.84393E+16,4.08478E+16,7.04183E+15,3.3196E+16,5.6341E+15,2.19174E+16,5.88392E+15,3.90021E+15,1
,2.32469E+15,1.5873E+16,6.36547E+15,3.13264E+15,3.65626E+16,1.03929E+15,5.96592E+16,4.70677E+15,1
5.79624E+15,156347094601636,1.56711E+16,8.40883E+15,,571613700899304,1.75484E+16,7.44027E+15,2.48364E+16,1
5.03967E+15,1.54418E+15,2.30275E+16,7.75984E+15,4.22769E+15,4.90333E+16,177283890375611,6.95085E+15,4.86487E+15,1
6.16352E+16,1.8579E+15,3.72825E+16,8.24083E+15,,4.11184E+15,1.61621E+15,8.49314E+15,3.47724E+15,1
6.33914E+15,1.6742E+16,1.63642E+16,8.09599E+15,3.12394E+15,3.72512E+15,2.18871E+16,9.10664E+15,3.35577E+16,1
761067277645396,1.93662E+16,2.05116E+15,6.65433E+15,,3.94595E+16,1.43194E+16,3.94973E+15,5.40482E+15,1
5.78208E+15,2.00405E+16,2.53661E+16,9.27007E+15,,5.25533E+15,1.06755E+16,5.40811E+15,5.05936E+15,1
6.4515E+15,1.79529E+16,7.99089E+15,61968764897226,3.7727E+15,3.86542E+15,1.54345E+15,7.49925E+15,6.30768E+15,1
,1.79578E+16,4.75913E+15,809730168272536,,548870510162091,1.38001E+16,5.82198E+16,368559289638376,1
6.92045E+16,1.96319E+16,3.92512E+15,8.49378E+15,3.17382E+16,487504368020183,1.46978E+16,4.17537E+16,4.49882E+15,1
6.54919E+15,2.12922E+15,1.9236E+16,7.96019E+15,,4.24398E+15,1.2587E+16,49585572718743,4.19031E+15,1
6.39323E+16,1.85836E+15,1.72581E+16,732999890233211,3.30132E+16,3.26427E+16,1.16504E+16,4.764E+15,3.64439E+16,1
6100245391093,1.60608E+16,1.38868E+16,7.54278E+15,366688794745683,4.49948E+16,1.87229E+16,6.43905E+15,2.1749E+15,1
6.35943E+16,2.08203E+15,2.33472E+15,9.0004E+15,,3.36586E+16,1.41739E+16,,3.63649E+16,1
6.27247E+15,1.90201E+16,1.46422E+16,9.73451E+15,3.99053E+15,4.48568E+16,1.65572E+16,744353886192217,4.61254E+15,1
,1.6125E+16,2.34692E+15,8.39283E+15,,4.48788E+15,1.38363E+16,7.02067E+15,36002204377572,1
7.49384E+15,1.97331E+16,2.66784E+16,7.19843E+15,269892346696778,3.75503E+16,1.31349E+16,6.95908E+15,3.81995E+16,1
763526469216248,2.05068E+16,1.77964E+16,7.15674E+15,3.068E+15,3.70561E+16,1.74868E+16,329207203557343,3.9483E+16,1
9.09762E+15,2.63824E+16,3.84131E+15,7.63436E+15,2.74959E+16,4.37264E+16,1.82859E+16,7.45126E+15,5.47366E+16,1
8.04014E+15,2.24863E+16,6.87976E+15,8.13693E+15,4.18955E+15,3.60958E+15,1.24059E+16,7.3218E+15,3.98646E+15,1
7.29691E+15,1.49079E+15,1.59314E+16,6.5501E+15,2.76013E+15,3.67905E+15,1.47231E+16,6.26344E+16,4.67145E+15,1
822680803429499,1.91279E+15,1.64722E+16,6.86393E+16,,3.54926E+15,1.51836E+16,6.34168E+15,2.1887E+16,1
8.01418E+15,2.4412E+16,3.05668E+16,7.71445E+16,3.07987E+15,3.0993E+15,2.26416E+16,6.15785E+15,3.41708E+16,1
9.25289E+15,2.36099E+15,1.28553E+16,5.78498E+15,2.76286E+15,3.29923E+15,1.26091E+16,5.56178E+16,3.56643E+16,1
7.28811E+16,2.16612E+16,1.898E+16,7.66851E+15,3.58979E+15,3.84695E+16,1.41636E+16,5.3313E+15,3.62699E+16,1
4.86544E+15,1.14464E+16,3.28585E+15,7.47307E+15,3.65301E+16,5.33303E+15,1.61516E+15,4.56474E+16,5.07025E+15,1
4.76283E+15,1.53297E+15,2.27775E+16,6.84172E+15,,522736232995813,1.57855E+16,8.61286E+15,2.47179E+15,1
5.14151E+15,1.11994E+15,1.12886E+16,5.84175E+16,3.89226E+15,3.1523E+15,1.29825E+16,8.11592E+15,4.51058E+15,1
4.88638E+16,1.59318E+15,3.86333E+15,837017929917063,3.75899E+15,4.48051E+16,1.68206E+15,5.91832E+15,3.22785E+15,1
9.45412E+15,2.24817E+16,2.138E+16,5.40769E+15,2.27666E+16,4.31613E+15,1.57723E+16,5.20338E+15,40586260103019,1
7.00052E+15,2.19443E+16,2.60121E+16,6.28089E+15,3.95241E+15,4.8332E+16,1.95386E+16,4.68614E+16,4.33369E+15,1
8.32398E+15,2.62219E+16,2.12928E+15,7.07694E+15,3.50326E+15,5.38792E+15,1.76847E+16,7.23438E+15,4.15378E+15,1
6.64316E+15,1.88914E+15,3.28738E+16,6.79151E+15,3.33849E+15,3.36562E+16,1.47068E+16,6.78448E+15,4.5622E+15,1
,2.08205E+15,178353090128928,8.93033E+15,3.51215E+16,2.78261E+15,1.02083E+16,5.22485E+15,5.70969E+15,1
6.75866E+15,1.90337E+15,2.06665E+16,6.78366E+15,,4.84609E+15,9.78478E+15,8.66955E+15,2.74389E+16,1
8.62889E+15,1.86638E+15,1.36881E+16,6.28904E+15,2.54359E+16,3.92707E+15,1.23876E+16,5.31508E+15,3.07135E+15,1
9.79472E+15,2.54425E+16,1.24906E+15,5.99248E+15,2.91197E+16,5.76046E+15,1.16653E+16,8.06982E+15,2.80713E+15,1
5.37608E+15,1.8554E+16,3.60264E+15,9.64994E+15,3.43487E+15,3.47565E+16,1.40044E+16,,3.62925E+15,1
5.60333E+15,2.07897E+16,3.68736E+15,7.63135E+15,404672920868325,5.11438E+15,1.35152E+16,853455848549943,3.90042E+16,1
8.59242E+15,2.28676E+16,3.30135E+15,8.17236E+15,,3.28558E+15,1.71282E+16,,3.70129E+16,1
7.26678E+15,1.78258E+15,2.74687E+16,6.04396E+15,3.14391E+15,4.00625E+16,1.36653E+16,8.71319E+15,3.91983E+16,1
8.06465E+15,2.14817E+16,2.71729E+16,6.36918E+15,2.53481E+16,4.9028E+15,1.24588E+16,6.53995E+15,3.32411E+16,1
,2.22269E+15,1.84066E+16,8.18399E+15,,3.95449E+16,9.47598E+15,7.98523E+15,371095753994514,1
6.33646E+15,1.8568E+16,2.59273E+15,8.19932E+15,3.21818E+15,4.90972E+15,1.06658E+16,5.15523E+15,4.56122E+15,1
6.16635E+16,2.10087E+15,3.79229E+15,6.76022E+15,,2.17358E+16,1.22892E+16,3.99781E+16,4.8163E+15,1
4.5334E+15,1.69735E+16,3.03019E+16,7.07491E+15,4.13102E+16,385656123306354,1.70605E+15,7.02933E+15,3.18864E+15,1
8.95165E+15,2.05892E+16,1.51893E+16,3.01603E+16,2.83868E+16,4.06309E+15,1.91258E+15,656393280774268,1.84437E+16,1
7.21077E+15,1.63047E+16,1.42304E+16,735294059207056,3.24096E+16,441524088334925,979301009998187,8.99199E+15,4.46241E+15,1
4.23828E+15,1.3489E+15,2.93448E+15,8.18087E+15,3.51237E+15,4.02427E+16,1.24274E+16,8.37627E+15,3.78743E+16,1
8.26409E+15,2.16552E+16,2.35569E+16,583068529423083,3.33501E+15,4.50857E+15,8.66772E+15,3.98042E+15,3.41051E+16,1
7.89331E+16,2.20348E+15,1.44443E+16,8.0374E+15,3.00152E+15,339066071471725,1.84236E+15,6.70091E+15,4.09736E+16,1
4.85559E+15,1.4579E+15,1.49053E+16,9.82967E+15,3.92667E+15,4.59288E+16,1.04466E+15,5.22895E+15,4.69715E+15,1
5.23045E+15,1.52094E+15,2.47907E+16,6.30873E+15,3.88998E+15,3.07918E+16,1.25942E+15,5.16252E+16,3.69562E+16,1
7.0173E+15,1.70132E+16,2.01693E+16,5.21628E+15,3.78227E+16,5.12768E+15,1.5506E+16,646249442093205,4.89961E+15,1
4.94197E+15,1.6671E+16,1.98064E+16,8.03186E+15,4.26158E+15,3.52039E+15,1.54969E+16,6.86084E+15,5.07615E+15,1
9.63822E+15,2.2647E+15,307396890854019,6.8494E+15,,2.78251E+16,1.37289E+16,6.92681E+15,4.61437E+15,1
7.3374E+15,1.76753E+16,1.85435E+16,7.12708E+15,2.78361E+16,4.27931E+15,1.4773E+16,8.56808E+15,4.98183E+15,1
,2.41067E+16,2.26567E+16,7.29382E+15,,3.15604E+15,1.64048E+16,4.61392E+15,3.7352E+15,1
,1.8163E+16,2.26651E+16,7.22107E+15,,5.21874E+15,1.09854E+16,7.61264E+15,3.29194E+16,1
8.2576E+15,208404165637212,2.0109E+15,6.23058E+15,2.35771E+15,5.28069E+15,1.44108E+16,7.49849E+15,4.52857E+15,1
8.31527E+15,2.29757E+16,1.50779E+16,7.0535E+15,,4.46955E+15,1.21951E+16,7.75234E+15,4.12853E+16,1
,1.14734E+15,1.3678E+15,9.9812E+15,4.41827E+16,524000355172102,1.13849E+16,7.11533E+15,3.29385E+16,1
7.17159E+15,2.50225E+16,2.2431E+16,7.69767E+15,,4.62767E+16,792339763408296,7.96978E+15,462273611029743,1
6.94128E+15,1.80818E+16,1.54331E+16,7.14012E+15,3.25516E+15,4.80879E+15,2.03023E+16,6.15207E+15,4.17896E+15,1
,2.56936E+15,1.37663E+16,5.08387E+15,2.90311E+16,3.84907E+16,177315232008296,583548558852614,3.9793E+16,1
6.88855E+15,1.79632E+15,3.07223E+15,6.57933E+15,2.84886E+15,3.93493E+16,7.70101E+15,6.32936E+15,2.90143E+16,1
6.83311E+16,1.78658E+15,3.14612E+15,794285715338279,3.02535E+15,4.15097E+16,1.93703E+16,,3.02157E+16,1
8.24796E+15,1.9554E+16,2.83272E+15,5.37829E+15,2.8123E+15,5.88699E+15,1.80769E+16,7.0793E+15,4.72323E+15,1
8.92238E+15,2.78619E+16,2.19635E+16,8.10564E+15,3.34054E+16,3.85875E+15,8.80348E+15,,5.82183E+15,1
7.35606E+16,2.34782E+16,3.14091E+16,73955296826678,2.8351E+15,4.28753E+16,2.21663E+16,8.73991E+15,4.54992E+15,1
,1.6841E+16,2.61485E+15,9.03044E+15,4.24302E+16,4.45346E+15,1.06746E+15,5.1877E+15,3.89333E+16,1
9.7527E+15,2.6964E+15,1.01943E+15,797804398390079,2.98082E+15,5.80004E+15,1.25626E+16,5.13531E+15,3.42211E+16,1
6.84414E+15,1.84393E+16,4.14081E+15,6.45999E+15,,3.98047E+16,1.31664E+16,6.88906E+15,3.41285E+15,1
6.91077E+15,242091338295218,7.76444E+15,8.04587E+15,4.40636E+16,4.87932E+16,1.83768E+15,4.53065E+16,4.34015E+15,1
880184604561893,2.05408E+15,1.31212E+16,6.70177E+15,2.63483E+16,3.99284E+15,1.8909E+16,6.79633E+15,4.0315E+15,1
6.2831E+15,2.36823E+16,2.61882E+16,9.36436E+15,3.28504E+16,4.70822E+15,1.63519E+16,6.89103E+15,2.66392E+15,1
635403811007823,2.27233E+16,161744337385309,7.56742E+15,4.11285E+16,3.55527E+15,9.9697E+15,8.24926E+15,4.93524E+15,1
5.92877E+15,1.92048E+16,1.92401E+15,8.98686E+15,4.00164E+16,4.59261E+16,9893655008905,5.21578E+16,3.59291E+15,1
6.82364E+16,1.70328E+16,1.40532E+16,812063135094418,,5.44011E+15,1.35422E+16,7.7227E+15,3.38636E+16,1
7.34223E+16,1.98169E+16,3.5274E+15,5.26881E+16,3.00406E+15,4.48152E+15,1.23885E+15,6.27434E+16,4.2615E+15,1
714601971618829,1.95922E+15,2.24452E+16,6.65204E+16,,4.84443E+16,1.23671E+16,5.75307E+15,5.39348E+15,1
5.08939E+15,1.47995E+16,3.96599E+15,8.42488E+15,,4.98701E+15,1.49436E+16,8.42543E+15,3.05405E+16,1
8.59422E+15,2.28161E+16,2.97062E+16,5.92446E+15,2.57149E+16,5.17845E+15,1.59638E+16,5.295E+16,448954479397793,1
8.14944E+15,2.20204E+16,2.39781E+15,7.38413E+15,3.60414E+16,4.61805E+16,1.33647E+16,1.0338E+16,4.94926E+15,1
9.27158E+15,2.74021E+15,3.88864E+15,8.04599E+15,2.44086E+15,5.04617E+15,1.59811E+16,6.232E+15,3.54961E+16,1
7.02162E+15,2.03201E+16,1.23528E+16,6.84574E+15,3.80804E+15,4.35674E+16,1.4507E+16,682333855535937,3.85564E+15,1
783336100102891,2.4934E+15,1.33947E+16,8.34167E+15,3.93138E+15,4.43629E+15,1.09833E+15,7.66457E+15,427097313834306,1
6.64373E+15,202413637897938,141109209679882,8.75411E+15,3.40976E+16,2.91085E+15,1.59547E+16,6.43638E+15,3.92061E+15,1
6.76141E+15,2.16532E+16,3.21568E+16,8.72306E+15,3.43601E+16,526325213716472,2.03147E+16,6.05216E+15,4.35021E+15,1
7.24348E+15,1.96982E+15,2.9772E+16,6.4972E+15,,3.22365E+15,1.4155E+16,506550008331396,4.76358E+15,1
7.99066E+15,2.11286E+16,2.69519E+16,7.51078E+15,,6.38E+15,1.39428E+16,6.93944E+15,3.16092E+15,1
7.61252E+15,2.25493E+16,1.4813E+16,7.9826E+15,356690173623383,3.41075E+16,1.49947E+16,5.58939E+15,2.93959E+16,1
6.08099E+15,1.82414E+16,313210824263096,7.62424E+15,3.18723E+16,4.98454E+15,1.1398E+15,8.12884E+15,2.09179E+15,1
7.88842E+15,2.69573E+15,1.57619E+16,8.17347E+15,,4.90895E+16,702553623282671,7.85023E+15,2.99807E+15,1
6.65883E+15,1.8239E+16,1.68289E+15,7.0713E+15,3.55897E+16,4.34659E+16,1.66181E+16,6.94123E+15,3.96974E+15,1
,2.08304E+16,2.34953E+16,5.80034E+15,2.74975E+16,4.65331E+16,5.98034E+16,572030892162083,3.21075E+15,1
7.223E+15,1.7956E+16,2.13149E+15,5.86472E+15,,4.35574E+16,1.18784E+16,7.9394E+15,3.96626E+16,1
,1.94714E+16,4.06117E+15,742319211679342,2.90332E+15,5.17627E+15,1.63402E+16,7.20936E+15,3.12561E+16,1
6.42772E+15,1.6685E+16,1.22154E+16,7.69675E+15,3.76283E+16,3.52745E+15,2.01305E+16,6.6735E+15,2.90445E+16,1
5.02338E+15,1.36977E+16,1.50408E+16,7.58802E+15,409918701703617,4.54885E+15,1.42451E+16,7.19839E+15,4.47735E+15,1
,192057661022839,2.57957E+16,611686336752183,3.18927E+16,5.09063E+16,1.39392E+16,8.43154E+15,3.7892E+15,1
8.164E+15,1.95212E+16,2.74149E+16,5.41248E+16,2.31724E+16,5.29682E+15,1.24254E+16,6.99901E+15,367308809381557,1
,2.02882E+16,1.75059E+16,7.10437E+15,3.10533E+16,4.2929E+16,17958968013429,7.85875E+15,3.53704E+15,1
5.27216E+15,1.81733E+16,1.90155E+15,9.01302E+15,4.46724E+16,3.90012E+16,1.11035E+16,6.3826E+16,4.06383E+15,1
6.90307E+15,2.06923E+16,1.7948E+16,7.04802E+15,,6.01985E+15,1.17751E+16,5.81763E+15,4.47389E+15,1
746655835764527,2.12816E+16,1.66797E+15,5.43626E+15,3.66601E+15,3.5891E+15,613421040957104,4.66554E+16,4.99167E+15,1
7.39765E+15,2.60083E+16,2.67306E+16,8.077E+15,3.61113E+15,3.76482E+16,1.78478E+16,1.01467E+16,3.07848E+16,1
,1.54926E+16,3.00372E+16,5.79657E+15,2.52067E+16,3.1175E+15,1.39047E+16,7.7532E+15,4.11359E+16,1
,2.26319E+16,1.84653E+16,6.0263E+16,3.58697E+16,3.66926E+15,1.02694E+16,6.11593E+15,3.40656E+16,1
553953369002387,2.00712E+16,2.10214E+15,9.82731E+15,3.90554E+16,4.37342E+16,1.49559E+16,6.71698E+15,3.75566E+15,1
7.37616E+15,1.9917E+16,1.7181E+16,6.60245E+15,3.88029E+16,3.57373E+16,1.69483E+16,7.58862E+15,4.01024E+16,1
9.31861E+15,3.17338E+16,2.44979E+16,7.59745E+15,3.57167E+15,4.7651E+15,1.20324E+16,6.85998E+15,4.64272E+15,1
6.70194E+15,1.68745E+16,1.71769E+15,6.39097E+15,3.30675E+16,4.04931E+16,1.08278E+16,5.21127E+15,4.17945E+15,1
5.54758E+16,1.82645E+16,2.7418E+15,9.58609E+15,3.78526E+15,5.9665E+15,1.15652E+16,7.88786E+15,4.44867E+15,1
9.00182E+15,2.63514E+15,1.53799E+16,6.47367E+15,3.55006E+16,5.61687E+15,2.20455E+15,6.15143E+15,3.97687E+15,1
9.13077E+15,2.66745E+16,9.92919E+15,6.01196E+15,3.52153E+16,5.42807E+15,1.09742E+16,65782453044405,4.77144E+15,1
4.07792E+15,1.85852E+16,9.9756E+15,1.07585E+16,,3.07878E+16,9.70258E+15,6.43611E+15,478905205310489,1
7.12521E+16,2.09747E+15,1.67016E+15,7.45874E+15,3.20501E+16,4.04705E+15,189527967341603,9.23474E+15,39080753459125,1
1.35412E+16,1.87607E+16,1.34759E+16,6.75605E+15,,4.11264E+15,1.51427E+16,7.44486E+15,352919095680354,0
7.17122E+15,1.9916E+16,1.3163E+16,5.76252E+15,3.51278E+15,4.36602E+15,1.91032E+15,5.25775E+15,2.20909E+16,0
,1.76387E+16,2.60032E+15,7.80925E+15,3.5843E+15,336142004500941,1.4448E+16,9.02248E+15,4.41067E+15,0
6.97774E+15,1.66846E+15,1.86224E+16,660970624817921,3.5334E+16,3.33969E+16,1.25346E+16,4.84636E+15,3.53062E+16,0
6.35717E+16,1.91136E+16,1.47828E+16,6.15445E+15,,5.27933E+15,1.88631E+16,696263249929547,5.22208E+15,0
,2.31305E+16,1.56298E+16,7.01807E+15,297748867080222,4.0634E+15,1.18355E+16,4.96797E+15,4.46424E+15,0
8.33944E+15,1.75597E+16,1.26299E+16,6.97631E+15,,4.52338E+15,1.75288E+16,1.01851E+15,4.1337E+15,0
6.27696E+15,1.78264E+16,2.55907E+16,6.7487E+15,,4.45186E+16,8.56797E+15,7.07655E+15,3.21429E+15,0
1.09475E+15,1.46883E+16,2.76715E+16,7.27914E+15,,3.76904E+16,1.73465E+15,8.52929E+15,3.11232E+15,0
987179123237563,1.14371E+16,2.79129E+15,8.66027E+15,3.40046E+15,4.90452E+15,8.51776E+15,6.48312E+15,3.65226E+16,0
4.31719E+15,2.25515E+15,271634578756059,6.88814E+15,3.25934E+16,4.46341E+16,1.71529E+15,4.33859E+15,4.07828E+15,0
4.22754E+15,2.01447E+16,1.31223E+16,6.93256E+15,3.74844E+16,4.02661E+15,2.28233E+16,7.64694E+15,4.47963E+15,0
4.14008E+15,2.536E+16,4.06268E+16,7.75453E+15,2.65469E+15,4.32511E+15,1.91267E+16,6.152E+16,3.16758E+16,0
5.35E+15,193808121052722,3.17956E+15,8.21782E+15,3.27233E+16,4.31476E+16,1.17762E+15,558165102235002,3.83872E+16,0
7.57801E+15,2.0473E+16,1.99446E+15,6.19265E+15,,5.17483E+15,1.39758E+16,5.46377E+16,3.50382E+16,0
7.71014E+15,1.74351E+16,3.10172E+16,821223430803513,2.6986E+15,4.37514E+16,9.32004E+15,5.15453E+15,3.89867E+16,0
8.33074E+15,1.98996E+15,2.89198E+16,7.43621E+15,3.04294E+15,4.29226E+15,1.47132E+16,8.36278E+15,2.40805E+16,0
6.51097E+15,1.88883E+16,2.00817E+15,6.5597E+15,3.68986E+15,3.67935E+15,1.48076E+16,1.01248E+16,3.96253E+16,0
,2.06036E+16,8.66772E+15,6.32995E+15,35352938148613,5.99546E+15,2.11189E+16,5.59323E+16,4.12875E+15,0
6.93431E+16,2.28194E+16,1.39016E+16,6.0455E+15,2.81552E+16,4.03215E+15,1.78119E+15,6.67793E+15,4.21098E+15,0
8.61865E+15,2.57596E+15,1.15954E+15,6.39993E+15,,3.4374E+15,1.53312E+15,7.56874E+15,4.14134E+15,0
8.46096E+15,2.36832E+16,1.31588E+16,5.47828E+15,,5.47912E+15,1.67415E+15,7.42515E+15,4.72849E+15,0
4.00425E+15,2.10486E+16,3.28219E+16,6.86844E+15,,3.5444E+16,1.45041E+15,5.85141E+15,4.44595E+15,0
3.7621E+15,1.96024E+16,4.505E+15,8.72558E+15,3.24146E+16,493226463387201,8.66221E+15,8.51571E+15,4.98607E+15,0
3.79513E+15,1.78433E+16,2.71794E+16,6.48102E+15,,3.65492E+15,1.235E+16,7.38096E+15,3.18508E+16,0
5.66074E+15,2.3275E+16,164880175125724,6.26293E+15,2.9421E+16,3.85748E+15,1.88759E+15,7.69827E+15,5.01619E+15,0
9.39615E+15,2.24754E+15,2.58254E+16,7.3913E+15,3.01615E+15,5.03794E+15,1.68769E+16,5.89741E+15,4.60606E+15,0
1.33499E+16,1.52776E+15,184649007746443,6.71797E+15,3.34864E+16,4.50846E+16,1.71926E+16,8.58835E+15,2.53107E+16,0
,1.84688E+16,2.08579E+15,6.46295E+15,3.22681E+15,3.95786E+16,184437863688446,6.62427E+15,3.7761E+16,0
7.8179E+16,2.2109E+16,1.37421E+16,6.37374E+15,2.87698E+15,4.60599E+16,1.27048E+15,6.67776E+15,4.62267E+15,0
,2.20893E+16,7.46025E+15,4.98754E+15,,3.20355E+15,1.31144E+16,4.06129E+15,4.26687E+15,0
1.43178E+16,2.2813E+15,1.29372E+16,6.21477E+15,3.19734E+16,4.9538E+15,1.20333E+16,6.11411E+15,4.94844E+15,0
6.97004E+15,1.82889E+16,3.20376E+16,7.41277E+15,3.76952E+16,3.25792E+16,1.43512E+16,7.00527E+15,427528772019042,0
1.08519E+16,1.66742E+15,1.28872E+16,7.70193E+15,,5.89628E+15,1.57865E+16,,4.34501E+15,0
6.58801E+15,2.44943E+16,2.3899E+15,678093611514574,2.73737E+15,3.30915E+16,9.25063E+15,4.73887E+15,4.21645E+15,0
9.00435E+15,2.2249E+15,1.65448E+15,612409517358475,,4.11194E+15,1.60369E+16,6.72647E+15,3.52789E+16,0
,1.61579E+16,1.15825E+15,6.72047E+16,,3.93838E+15,1.13195E+16,7.88985E+15,4.37433E+15,0
4.32828E+15,1.92166E+16,3.05925E+15,7.42589E+15,3.27303E+15,543716028645934,1.11869E+16,7.25664E+15,3.70853E+16,0
7.41782E+15,2.43305E+16,320942611274359,4.59867E+15,3.36098E+15,3.61102E+16,2.04215E+16,8.70526E+15,3.47081E+16,0
3.26167E+16,1.90957E+15,2.876E+15,7.92954E+15,,4.24213E+15,1.33726E+16,5.80956E+15,4.28067E+15,0
,2.39758E+16,1.23184E+16,6.40773E+16,2.59122E+15,4.8198E+16,1.46694E+15,7.88014E+15,4.74216E+15,0
7.92883E+15,2.31252E+16,1.74448E+16,6.2918E+15,,3.89006E+15,1.38797E+16,955530547696418,3.41357E+15,0
797532990104869,1.65714E+16,1.71825E+15,7.00219E+16,3.83267E+16,3.63854E+15,1.86593E+16,7.60327E+15,3.30613E+15,0
9.50416E+15,1.95109E+15,199462646652382,7.46768E+15,3.0068E+16,3.82473E+15,1.43594E+16,7.83069E+15,4.34304E+15,0
5.15872E+15,1.19094E+16,3.38922E+15,7.57218E+15,4.07477E+15,3.25203E+15,1.6964E+15,7.32248E+15,4.09461E+15,0
3.92347E+16,2.27706E+16,2.42004E+16,7.00088E+15,,292390155079548,1.93943E+15,6.17857E+16,4.58298E+15,0
,1.93462E+16,1.38525E+16,7.1457E+15,3.58957E+15,4.80311E+16,1.0256E+15,,3.67324E+16,0
5.84978E+15,2.29937E+16,2.74353E+15,6.57496E+15,2.77033E+15,5.96403E+15,1.49086E+16,676444838248747,3.64382E+15,0
5.89087E+15,1.84056E+16,3.492E+15,7.40137E+15,3.43792E+15,2.81544E+16,1.47288E+16,6.26017E+15,4.37078E+15,0
5.96348E+15,2.23032E+16,2.44356E+16,622129199951579,3.05947E+16,2.84497E+15,1.51886E+16,4.01427E+15,37278133228957,0
6.10676E+16,2.11454E+15,3.94303E+15,8.3169E+15,3.48777E+15,3.89591E+15,1.2897E+16,8.5358E+15,3.92497E+15,0
6.89893E+15,2.09636E+15,1.54222E+16,6.88492E+15,2.93562E+16,3.96811E+15,1.56717E+16,6.65973E+15,3.68846E+15,0
8.09181E+15,2.00973E+16,2.64727E+15,6.72568E+15,,4.3219E+15,1.37987E+16,3.26671E+15,4.37003E+15,0
7.61198E+15,1.90663E+15,913802934425656,5.22426E+16,3.29581E+15,5.77445E+15,1.72094E+16,6.53332E+15,6.49475E+15,0
888697933200267,1.80564E+15,2.60624E+16,8.80896E+15,3.27224E+15,3.78659E+16,1.76187E+16,4.8476E+15,4.7312E+15,0
6.5321E+15,1.63396E+16,8.24081E+15,6.64154E+16,402836817024057,6.01033E+15,1.78961E+16,5.50224E+15,4.59932E+15,0
7.83398E+16,2.03169E+16,1.11743E+16,6.2465E+15,3.94891E+16,3.38231E+15,1.62766E+15,4.79316E+15,4.25448E+15,0
1.15632E+16,1.74943E+16,1.93594E+16,6.49562E+15,3.32446E+15,3.66313E+15,1.75295E+16,3.84312E+15,5.10724E+16,0
6.78287E+15,1.96183E+15,2.53668E+16,7.20036E+15,3.12427E+15,4.35095E+15,1.21185E+16,7.6348E+15,5.46859E+15,0
8.28877E+15,2.11453E+15,1.1234E+15,6.38551E+15,3.60843E+15,5.25089E+15,1.50986E+15,629999988960557,3.58052E+16,0
975577989772022,2.21204E+16,3.11451E+16,7.61558E+16,3.33678E+15,4.39113E+15,2.1146E+16,,2.534E+15,0
7.52898E+15,2.25341E+16,8.12973E+15,6.30547E+15,3.09231E+16,3.79339E+16,169619443701651,6.42658E+15,3.64441E+15,0
9.76466E+15,1.19164E+16,3.87815E+15,933463209267385,3.80231E+15,5.12332E+15,1.49677E+16,5.91932E+16,3.02457E+16,0
1.01917E+15,2.11567E+15,1.363E+16,6.52448E+15,2.97049E+16,4.68371E+15,1.74117E+15,7.27206E+15,3.40342E+15,0
29251743203391,2.60458E+16,3.92331E+15,7.67015E+16,3.03402E+16,4.03244E+15,1.13092E+16,6.92384E+15,3.67859E+16,0
,2.00662E+16,2.95138E+16,7.9663E+15,3.47541E+15,4.76202E+16,1.99501E+16,,3.02795E+15,0
6.65779E+15,2.05543E+15,1.8844E+16,67342280682127,3.63398E+15,5.55899E+15,800696575983045,6.69348E+15,3.86893E+16,0
7.00523E+15,2.19922E+16,2.65976E+15,7.35102E+15,3.33584E+16,3.79599E+15,1.32847E+16,9.89654E+15,3.58987E+16,0
,1.7808E+15,3.50444E+16,7.76003E+15,3.57083E+15,3.81645E+16,1.75514E+16,7.11112E+15,3.76163E+15,0
6.22784E+16,1.83309E+15,389760352139622,8.24733E+15,,5.31631E+15,1.58478E+15,4.66436E+15,4.59957E+15,0
6.39276E+16,2.16676E+15,1.93237E+16,5.90641E+16,2.83206E+16,35817449357422,1.49826E+16,4.15866E+15,4.42153E+15,0
6.08802E+15,1.62278E+16,2.35671E+16,7.69858E+15,3.72835E+16,3.87971E+16,1.36636E+16,7.52661E+15,4.17308E+16,0
3.96139E+16,1.7303E+15,2.40284E+15,8.00563E+15,3.91002E+16,4.44794E+15,1.99453E+15,598345407453442,409296589972163,0
4.27516E+15,2.29443E+16,2.60986E+16,6.5252E+15,2.81897E+15,5.08792E+15,1.61332E+15,6.66542E+15,3.73286E+16,0
7.3019E+15,2.24468E+15,2.35652E+15,7.55405E+15,2.80129E+16,4.87333E+15,852486424037835,689401927682938,3.4307E+16,0
1.08935E+16,1.77734E+15,2.57025E+16,7.65983E+15,3.12399E+16,3.832E+15,1.74721E+16,4.28146E+16,3.63497E+16,0
6.7981E+15,1.98116E+16,3.58838E+15,7.05181E+15,,4.70494E+16,1.08886E+16,5.84738E+15,3.57162E+16,0
1.14967E+16,1.95989E+15,1.41582E+16,7.23522E+15,3.11965E+15,3.57523E+15,1.93217E+16,823500128272474,3.13225E+16,0
5.80824E+15,195514515850357,4.31105E+15,736881918172737,2.81919E+15,3.25831E+16,150470187768193,5.12948E+15,4.81906E+15,0
,1.83521E+15,2.04613E+16,7.33321E+15,3.33119E+16,3.56369E+15,2.0179E+16,6.70199E+15,4.88663E+15,0
567933046540694,1.82145E+16,1.79091E+16,7.53859E+15,,5.46895E+15,1.52194E+15,815555973961715,3.29207E+15,0
7.78331E+15,1.96816E+16,2.47894E+16,6.5485E+15,3.31037E+16,3.72765E+15,1.20662E+16,1.43432E+16,5.04562E+15,0
6.31647E+15,1.8703E+16,3.26518E+16,814917752207392,3.14208E+15,463341216610962,1.42434E+16,6.02692E+15,4.90274E+15,0
8.60537E+15,2.17043E+16,2.2971E+16,7.40996E+15,,2.64699E+15,1.66929E+16,4.65017E+15,3.66532E+16,0
,1.62979E+16,2.62813E+15,852367057619763,3.69863E+16,4.036E+16,1.23882E+16,,5.18564E+15,0
7.05755E+15,1.77674E+15,1.31291E+15,7.31235E+15,3.67329E+16,3.9374E+16,1.63563E+15,5.38418E+15,4.4864E+15,0
4.8501E+15,1.86676E+16,3.28083E+16,7.49626E+15,2.93758E+16,3.927E+15,1.06308E+15,8.5158E+15,3.88539E+16,0
,2.02614E+15,3.16063E+15,6.46458E+15,,3.80975E+15,1.34604E+16,6.70591E+15,4.77512E+15,0
4.56092E+16,1.65773E+16,2.29391E+16,7.98823E+15,3.52794E+16,3.23783E+16,1.35642E+16,7.93166E+15,41236217363003,0
9.13083E+15,2.09743E+15,1.16437E+15,6.59468E+15,3.26395E+16,5.09662E+15,1.12741E+15,6.75283E+15,3.07413E+16,0
,1.85122E+15,1.61102E+15,6.44443E+15,3.55567E+15,3.86509E+16,1.12157E+16,3.80415E+16,2.84089E+15,0
4.23356E+15,1.94975E+16,2.21858E+16,7.11681E+15,3.77847E+16,3.55817E+15,1.48592E+16,6.20164E+15,3.51567E+16,0
5.57102E+16,1.89728E+16,2.61381E+16,883276202975628,3.61856E+15,4.34051E+16,1.61669E+16,8.87274E+15,3.93131E+15,0
,1.55318E+16,2.29116E+16,8.31582E+15,4.09586E+16,4.2478E+15,1.62932E+15,8.48924E+15,4.8257E+15,0
852714249773106,2.17395E+16,341308163340648,5.67003E+15,3.37631E+16,6.15611E+15,1.49268E+16,8.25902E+15,2.64942E+15,0
4.57085E+15,1.94968E+16,4.42602E+15,8.03045E+15,,4.60779E+16,1.79422E+16,790082720110365,4.48419E+15,0
890373377508948,194216275243167,1.33195E+16,556689579210772,3.23424E+16,3.17349E+15,1.71302E+16,6.14288E+15,4.36517E+15,0
9.45993E+15,2.22895E+15,1.44502E+15,6.79091E+15,2.93746E+15,4.33145E+16,906916147795522,679068127249165,3.32289E+15,0
6.04028E+15,1.39771E+16,2.04729E+16,6.81098E+15,3.57593E+16,488274930061853,1.58823E+16,5.3279E+15,57615803220339,0
,1.71167E+16,2.04123E+16,6.89632E+16,3.6719E+15,3.5427E+15,1.64032E+16,6.32579E+16,3.97893E+16,0
466349219217203,1.70952E+16,4.14526E+15,8.72577E+15,3.62415E+16,3.78149E+16,1.62741E+16,6.06188E+15,3.74229E+16,0
5.72634E+15,1.91752E+16,3.58993E+16,8.06665E+15,3.78775E+16,3.07988E+15,1.25687E+16,6.01924E+15,3.91229E+16,0
1.09331E+16,1.62425E+15,1.88466E+16,7.08526E+15,,5.93726E+15,1.49772E+16,6.06906E+15,389498862443327,0
4.28152E+15,1.88784E+16,2.23305E+16,69576761985003,3.25161E+15,3.06693E+16,1.62749E+16,8.25952E+15,4.37117E+16,0
7.94849E+16,1.97595E+15,2.36022E+15,7.09846E+15,,3.94768E+15,1.48767E+16,7.89742E+15,3.89112E+16,0
6.82565E+15,1.76841E+16,1.28389E+16,5.79242E+15,3.93799E+15,4.47289E+16,1.58213E+16,1.04231E+16,2.80448E+16,0
7.28537E+15,1.69149E+15,1.7376E+15,9.40469E+15,3.94092E+15,3.7319E+16,1.52605E+15,8.0796E+15,3.69448E+16,0
5.98494E+15,1.80777E+16,332445555969906,8.08652E+15,3.64706E+15,3.92971E+16,204718167641509,5.01416E+15,3.48868E+16,0
5.36899E+15,2.50661E+16,1.59737E+16,6.4163E+16,2.77152E+16,3.3482E+16,1.56844E+16,4.40404E+15,3.73788E+15,0
4.01659E+15,2.55617E+15,2.86123E+16,7.3406E+15,2.90691E+16,4.42385E+16,9.30573E+15,7.13421E+15,4.41713E+15,0
,2.54125E+15,9.95914E+15,4.00858E+15,,3.64806E+16,1.13166E+16,5.93532E+15,3.17054E+16,0
7.719E+15,1.96008E+16,1.39393E+16,6.93555E+15,3.45654E+16,4.23204E+16,1.68368E+16,8.93386E+15,2.88482E+16,0
5.98373E+16,221557383042121,1.84388E+16,6.65437E+15,3.16779E+15,4.43544E+15,1.91364E+16,5.36618E+15,3.84938E+16,0
7.7326E+15,1.66987E+15,1.84457E+15,7.17285E+15,,4.53386E+16,1.31114E+16,772321269958183,3.85499E+15,0
8.84788E+15,1.90701E+16,1.17051E+16,6.6634E+15,3.80592E+16,3.86464E+15,1.63191E+16,856936490771539,4.14345E+15,0
7.56183E+15,1.70175E+16,232540096194587,7.58333E+15,3.28703E+16,3.97588E+15,1.61403E+16,6.67468E+15,403215034240876,0
875856005645011,1.74729E+16,2.55648E+15,8.07025E+15,,3.71915E+15,1.49437E+16,4.71856E+16,4.44438E+15,0
,1.88445E+16,2.87916E+16,8.04036E+15,3.82009E+15,4.22235E+16,1.05757E+16,6.32354E+16,3.22838E+15,0
3.83292E+15,2.18724E+16,235350289007381,6.4754E+15,3.52506E+15,4.21183E+16,1.92736E+16,589036980330163,4.76866E+15,0
3.73013E+15,2.30299E+15,1.68929E+16,6.99717E+15,3.2352E+15,4.56906E+15,1.03421E+16,4.70955E+15,4.94303E+15,0
5.80157E+15,2.01892E+15,1.53279E+16,6.86065E+16,3.28933E+16,2.81085E+16,1.98125E+15,553975636525551,442537756358649,0
3.67843E+16,1.87497E+16,2.31034E+16,7.14514E+15,,3.5054E+15,1.01401E+16,6.74562E+15,4.48011E+15,0
5.14359E+15,1.80383E+15,3.27406E+15,7.98889E+15,3.28437E+16,3.89242E+16,1.39432E+15,,3.09616E+16,0
6.62826E+16,1.98866E+15,1.59114E+16,7.51791E+15,3.42016E+15,4.37919E+15,1.50057E+16,3.8846E+16,4.46446E+16,0
,1.96084E+16,1.85921E+15,7.24544E+15,3.21814E+16,5.52879E+15,1.56648E+16,8.10808E+15,4.76287E+15,0
3.10208E+16,1.98489E+16,4.51488E+15,7.82165E+15,3.24644E+16,4.27217E+15,1.55301E+15,5.45743E+16,4.24808E+16,0
4.49759E+15,1.93937E+16,2.77684E+16,6.90635E+16,3.30431E+15,5.56033E+15,22618411189092,812658162848684,4.96574E+15,0
5.58412E+15,2.03756E+16,3E+15,7.21333E+15,3.1066E+15,3.66558E+16,1.4183E+15,658812708385787,3.85273E+16,0
,2.05066E+15,1.60345E+15,7.13601E+15,3.9747E+15,4.59298E+16,1.96379E+16,7.00598E+15,4.85816E+15,0
1.03313E+15,1.6646E+15,1.58248E+16,6.39636E+15,3.61156E+16,3.76102E+16,1.38443E+16,520573806035065,267344087146352,0
9.1308E+15,2.00032E+15,2.82736E+16,7.49753E+15,,4.53874E+15,1.28605E+16,6.41785E+15,3.02571E+16,0
4.61885E+15,1.99319E+15,2.71747E+16,7.21859E+16,3.71057E+15,3.12281E+15,1.40408E+16,,4.32212E+15,0
6.93124E+15,2.07589E+16,2.43595E+15,7.222E+15,3.1382E+15,4.77063E+16,1.64951E+16,7.50419E+15,489795711765109,0
5.60216E+15,2.64574E+16,2.98603E+16,7.01453E+15,,530204760125255,1.60302E+16,2.98509E+16,4.06705E+15,0
7.52052E+15,2.28563E+15,2.21608E+15,7.4738E+15,,5.45147E+15,1.64606E+16,9.09449E+15,4.22777E+15,0
558246981997149,1.72332E+16,2.35128E+16,8.01132E+15,3.64483E+15,4.52081E+15,1.6472E+16,9.50457E+15,4.04811E+15,0
7.99275E+15,1.93609E+16,1.46104E+16,7.2189E+15,3.32469E+15,4.68603E+15,1.08771E+16,6.71813E+15,4.06291E+15,0
8.21036E+15,2.10222E+16,2.26192E+16,7.56799E+15,,3.61614E+15,1.46502E+16,7.0368E+15,3.71666E+16,0
9.90193E+15,2.06746E+16,1.31807E+16,5.87883E+15,,4.26535E+15,1.43219E+16,754087541254813,4.22695E+15,0
,1.91259E+16,1.40649E+16,7.03695E+15,3.61155E+15,3.99839E+16,1.08453E+16,3.5583E+15,3.73234E+15,0
9.40588E+15,1.49308E+16,2.71801E+16,7.86731E+15,,3.98806E+15,1.73647E+16,5.79626E+15,4.03373E+16,0
958789502997377,1.95837E+16,1.13519E+15,6.26748E+15,3.66429E+16,3.23795E+16,1.30682E+16,3.73531E+15,4.66692E+15,0
4.6332E+15,2.08908E+15,2.93071E+15,6.12559E+15,3.04032E+15,4.56215E+15,1.08172E+16,1.11115E+16,4.75186E+15,0
6.90111E+15,1.54474E+16,2.11033E+15,7.9287E+15,3.76001E+15,4.50253E+15,1.46433E+16,7.13214E+15,361649834167658,0
779555762878438,1.36091E+16,2.64845E+15,7.55532E+15,4.265E+16,4.71413E+16,1.45449E+15,5.14912E+15,3.62925E+15,0
,2.15432E+16,1.99099E+16,6.90263E+15,2.99086E+16,3.71483E+15,1.07663E+16,852671816033829,459253797924015,0
0,2.14846E+16,494565871084231,7.89754E+15,,5.83449E+15,7.70233E+15,7.77129E+15,4.92884E+15,0
8.39826E+15,1.77347E+16,1.80033E+16,739092401712103,,4.98365E+16,1.03513E+16,5.57157E+15,2.62786E+15,0
6.25515E+15,1.5364E+15,2.43162E+15,8.2116E+15,3.67345E+15,2.95042E+16,1.25037E+15,9.12708E+15,3.14648E+15,0
1.14969E+16,1.86125E+15,1.22533E+16,8.06698E+15,3.25409E+16,2.60532E+16,9.67408E+15,6.80739E+15,5.00519E+16,0
,2.00717E+16,4.05815E+15,6.75998E+15,2.63876E+15,283172007740677,149153250616626,5.88795E+15,4.00844E+15,0
9.34734E+15,2.01633E+16,1.37496E+15,7.33374E+15,3.22045E+16,5.12446E+15,1.24347E+16,4.38271E+16,3.61515E+15,0
1.16211E+15,2.0373E+16,1.51022E+16,781641497645993,,4.47045E+15,2.16324E+16,6.18018E+15,3.47207E+15,0
1.03377E+16,1.63276E+15,2.18203E+16,7.89952E+15,3.5618E+15,5.61206E+15,1.41163E+16,5.61931E+16,5.06311E+15,0
,1.96052E+15,2.19195E+16,6.73028E+15,3.59701E+15,4.01731E+15,1.42193E+16,77605726493937,3.95496E+16,0
5.28798E+15,2.45023E+16,2.77337E+15,7.13506E+15,2.38844E+15,4.64075E+16,1.34522E+16,5.56424E+15,3.31103E+16,0
7.61752E+15,1.79596E+16,3.03082E+16,6.95262E+15,3.29422E+15,3.55426E+15,1.34008E+16,6.62236E+15,3.69832E+16,0
7.14912E+15,2.02583E+16,2.31584E+15,6.06781E+15,3.02003E+16,3.01984E+15,1.76226E+16,4.22928E+15,3.78703E+15,0
8.65139E+15,1.54547E+16,1.59013E+16,6.51098E+16,4.19216E+15,4.44844E+15,1.46567E+16,4.95152E+15,3.26641E+16,0
5.29E+15,1.74738E+16,2.8697E+16,860678979248583,3.17016E+16,4.8068E+15,1.37483E+16,5.24759E+16,3.53232E+16,0
5.36958E+15,1.70835E+16,2.71996E+15,8.06589E+15,3.76056E+15,4.01833E+16,1.4082E+16,8.17402E+15,33574844355981,0
874727152353787,1.98712E+16,3.03482E+15,7.3245E+15,,3.33639E+15,1.38661E+16,9.47281E+15,4.76471E+15,0
8.04039E+15,2.00638E+16,1.29991E+15,6.69636E+15,3.5687E+15,3.94018E+16,1.11004E+16,4.36259E+15,3.0178E+15,0
8.55043E+15,2.06523E+16,1.04531E+16,648200928116253,3.26125E+15,3.47824E+16,1.39975E+16,4.22905E+15,4.90387E+15,0
7.73933E+15,2.07764E+15,3.04124E+16,7.81397E+15,2.89414E+16,2.73697E+16,1.91134E+16,5.22811E+16,3.64579E+15,0
7.10459E+15,2.01627E+16,1.8094E+15,8.47412E+15,3.61629E+16,3.48733E+15,85824611658241,4.93827E+15,476305799060742,0
6.98821E+15,1.4421E+16,3.33575E+15,6.77194E+15,,4.09007E+15,1.78803E+15,5.41118E+15,1.89968E+16,0
7.86978E+15,1.84066E+15,1.86087E+15,7.41103E+15,,3.64578E+15,1.75807E+15,7.38E+15,4.21958E+15,0
8.8597E+15,1.94556E+15,2.02315E+16,6.51966E+15,3.3235E+15,4.76232E+15,1.78896E+15,5.29091E+15,4.57533E+15,0
7.39754E+15,184840924899607,1.97971E+15,8.422E+15,3.8719E+15,4.28415E+15,131434437950669,6.2338E+15,3.94714E+16,0
5.1749E+15,2.05519E+16,1.28716E+16,709959894625112,365684400622355,5.01194E+15,2.05587E+15,7.71235E+15,3.44503E+16,0
,1.84218E+16,3.23285E+16,8.38123E+15,,4.5289E+15,1.21679E+16,799378458756982,503749221567298,0
547098182179818,1.91813E+15,3.64358E+15,7.36965E+16,3.2312E+15,3.83871E+16,1.58814E+16,5.2765E+16,384401987082408,0
6.71181E+15,2.32206E+16,2.39363E+16,6.61909E+15,,4.6351E+16,1.39119E+16,7.81909E+15,341364670316115,0
4.93311E+15,1.62184E+16,2.77711E+15,7.7577E+15,3.17935E+15,4.93304E+16,1.42617E+16,7.71421E+15,145,0
6.26089E+15,1.88062E+16,3.38092E+15,8.1413E+15,3.41498E+15,5.22301E+15,1.44675E+16,4.70502E+15,4.39739E+16,0
7.69356E+15,2.24393E+15,2.18561E+16,7.04144E+15,2.75272E+15,4.04824E+15,1.2849E+16,6.31549E+15,2.7507E+16,0
5.62281E+15,1.94463E+16,1.61193E+16,6.90799E+15,3.36648E+15,4.08459E+15,1.63647E+16,7.66312E+15,3.99296E+16,0
6.17488E+15,1.93028E+16,2.30062E+16,8.09831E+15,3.40253E+15,2.97113E+15,1.34752E+15,7.83252E+15,3.6233E+16,0
5.03941E+15,1.94404E+16,1.93366E+16,7.19477E+15,3.39232E+15,5.15807E+15,1.07287E+16,6.11295E+15,31269559002913,0
7.75694E+16,2.19576E+16,1.64781E+16,6.95054E+15,,3.62749E+15,1.30547E+16,8.2101E+15,3.87034E+16,0
9.81E+15,1.39119E+16,1.68194E+15,7.79198E+16,3.61028E+15,4.38179E+15,1.09511E+16,3.45374E+15,5.5382E+15,0
84795927987054,2.00766E+15,1.49018E+15,7.37951E+15,,4.85093E+15,1.68063E+16,5.31342E+15,4.22127E+15,0
8.86287E+15,1.81665E+16,1.74651E+15,7.1317E+15,3.56482E+16,5.29086E+15,1.54304E+16,606066029122686,5.75868E+15,0
615573862424869,1.66293E+16,3.02845E+16,8.9959E+15,,3.51627E+15,1.74048E+16,7.53362E+15,368597582848833,0
7.28729E+15,2.19695E+15,1.80855E+16,6.01057E+15,2.7733E+16,4.06565E+16,1.61368E+15,5.36774E+15,3.50427E+15,0
9.06589E+15,1.64675E+16,2.02604E+15,758817501892342,3.04568E+16,4.08901E+15,1.01785E+15,8.47231E+15,4.2995E+16,0
9.31452E+15,2.03342E+16,2.30872E+15,643707052209314,2.97567E+15,3.73044E+15,1.64028E+16,7.91635E+15,3.09294E+15,0
9.75994E+15,1.82751E+16,1.99454E+16,6.71926E+15,,3.43597E+16,1.98634E+16,8.57026E+15,5.38175E+16,0
7.98541E+15,2.00135E+16,1.75831E+15,6.77173E+15,2.9657E+15,3.77584E+16,1.02893E+15,6.68907E+15,4.75245E+16,0
8.10835E+15,2.0251E+16,2.67302E+16,8.39513E+15,3.23952E+15,3.68455E+15,1.73371E+16,,4.75336E+16,0
824309098646176,2.14533E+15,2.9461E+16,8.31513E+15,,5.1449E+15,1.63018E+16,9.00759E+15,3.55072E+16,0
1.02894E+16,1.6278E+16,1.88692E+16,6.9065E+15,3.44188E+15,5.8568E+15,1.88571E+15,7.42938E+15,3.50017E+15,0
398903207830178,2.16076E+16,4.01752E+16,7.48742E+15,3.09801E+16,3.99047E+15,1.11867E+16,8.69575E+15,4.40941E+16,0
,2.09532E+16,4.49827E+16,8.89802E+15,,3.49385E+16,1.56533E+16,,3.83248E+16,0
8.51964E+15,1.90995E+15,1.4579E+15,660269349542669,,4.98534E+16,1.13166E+16,5.71816E+15,3.42725E+16,0
,1.69547E+16,2.00047E+16,643767486900497,,3.49865E+16,1.13325E+16,4.17038E+15,3.882E+15,0
,2.23377E+16,2.09923E+15,7.76041E+15,3.40366E+15,3.32488E+16,1.80854E+16,6.10165E+16,464778224578437,0
4.49536E+15,2.34192E+16,1.40808E+16,6.34068E+15,2.96314E+15,3.82408E+15,1.73535E+16,5.90043E+16,4.9629E+15,0
,1.93091E+16,1.77771E+16,6.08795E+15,,5.43115E+15,1.07176E+16,,3.87866E+16,0
5.62053E+15,2.26988E+16,2.78521E+16,6.52147E+16,3.09228E+15,414061545184682,1.69329E+15,7.84393E+15,3.43948E+16,0
8.55299E+15,1.996E+16,1.04527E+16,6.58793E+15,,3.16258E+15,2.30424E+16,4.52537E+15,3.10867E+15,0
,2.16238E+15,2.08868E+16,7.32637E+15,3.03499E+16,2.69818E+15,1.52528E+16,1.04683E+16,3.86035E+15,0
1.021E+16,1.48379E+16,1.84131E+16,7.40797E+15,3.90619E+16,4.10568E+16,1.51036E+16,8.91785E+15,4.1126E+15,0
,2.05234E+16,2.18293E+15,6.67706E+15,3.31675E+16,3.38568E+15,1.55667E+16,566086789870826,2.54563E+16,0
6.58821E+15,179699151482952,3.52636E+15,7.44534E+16,,527449342027736,1.61493E+16,8.15035E+15,3.97226E+15,0
8.55839E+15,1.98889E+16,853540295572258,4.79667E+16,3.21403E+15,4.53571E+15,1.43516E+16,7.43262E+15,3.94623E+16,0
842690635667539,1.5969E+16,1.95765E+16,7.66438E+15,3.44145E+16,3.90691E+16,1.7747E+16,5.36315E+15,4.24451E+15,0
7.20754E+15,1.74805E+16,1.57964E+16,6.95404E+15,,5.55596E+15,1.41712E+16,6.05313E+15,4.29519E+15,0
1.02277E+16,2.25919E+16,9.54613E+15,5.89968E+15,3.13987E+16,3.72533E+15,1.52843E+16,6.1258E+15,4.78633E+15,0
1.13905E+15,1.45342E+16,1.61752E+15,6.61386E+15,,5.53489E+15,1.20912E+16,6.97362E+15,2.27736E+16,0
,1.99383E+15,5.57663E+15,4.99884E+15,3.41088E+16,3.88249E+15,1.07452E+16,5.07475E+15,3.21641E+15,0
6.58004E+15,220575466415346,276684857194752,6.19807E+15,,4.74628E+15,1.14702E+16,5.3508E+15,4.75645E+15,0
1.08178E+15,1.41488E+15,2.399E+16,796206646334495,3.89393E+16,3.61632E+16,149087253915078,571645558215944,3.59084E+16,0
5.09368E+15,2.51314E+16,3.0246E+15,6.71883E+16,2670260928274,2.71631E+16,1.48824E+16,7.07784E+15,4.55257E+15,0
526428380172951,1.42534E+15,2.55561E+15,6.60079E+15,4.16263E+16,4.43759E+15,7.49136E+15,7.28798E+15,5.10024E+15,0
7.9713E+15,1.51033E+16,2.98278E+16,7.66215E+16,4.0583E+15,3.76912E+16,1.93827E+16,7.81601E+15,2.43914E+16,0
83503510398453,2.39816E+16,1.71778E+15,6.10895E+15,2.72845E+15,2.94876E+15,1.06035E+16,6.28527E+15,3.50723E+15,0
,184614847643805,2.22897E+16,7.1674E+15,3.92462E+16,4.09491E+15,1.22156E+15,6.39043E+15,3.35177E+15,0
4.03206E+15,2.00068E+16,1.47205E+16,6.48268E+16,,5.19213E+15,1.66008E+16,772939404960377,48142350960663,0
2.12853E+16,192696421954902,2.49053E+15,7.75777E+15,3.8352E+15,4.7355E+15,1.42865E+16,5.63478E+15,3.84211E+15,0
9.84206E+15,2.17897E+16,6.78515E+15,6.0289E+15,333073545745888,432332405574233,1.23655E+16,4.5822E+15,4.1792E+15,0
7.66463E+15,1.50667E+15,3.3918E+15,874629542154002,4.06476E+15,4.36336E+15,1.52169E+15,,3.48741E+16,0
,2.33993E+16,271973024410022,729745250363261,3.01849E+16,4.90766E+16,1.60228E+16,5.85247E+15,3.19834E+16,0
7.26032E+15,194247742095427,8.12707E+15,6.67403E+15,3.94556E+16,3.12349E+15,1.6005E+16,6.5024E+15,4.28231E+15,0
9.53788E+15,2.00558E+15,2.00442E+16,7.07869E+15,3.03919E+16,3.35555E+15,1.66362E+16,7.1309E+15,3.02456E+16,0
1.98538E+16,2.1648E+15,2.30393E+16,6.76927E+15,3.44014E+15,3.41078E+16,1.14982E+16,7.87334E+15,3.92309E+15,0
724899119805637,1.84071E+16,3.31234E+15,7.18617E+16,3.22366E+15,3.45357E+16,1.51641E+16,6.88475E+15,4.25598E+15,0
696820896010586,1.78217E+16,3.99952E+15,8.93069E+15,3.37065E+16,3.93677E+15,1.42434E+16,7.53757E+15,3.63264E+16,0
6.15055E+15,2.12819E+16,1.50177E+16,5.54444E+15,3.19495E+15,2.79447E+16,1.28505E+16,7.50288E+15,4.81054E+16,0
6.30076E+15,1.79453E+16,2.56682E+16,8.93153E+15,3.41493E+15,4.58835E+16,1.4063E+16,,5.70811E+15,0
6.9208E+15,2.18099E+15,1.34774E+16,5.65984E+15,,3.02412E+15,1.10546E+16,6.19338E+16,4.91573E+15,0
6.48189E+15,1.7992E+16,3.46986E+15,8.53849E+15,3.38012E+15,504397152163848,1.64094E+15,5.99548E+15,5.00236E+15,0
,208931457645234,1.64299E+16,5.87328E+15,3.10986E+16,3.64919E+16,1.78016E+16,1.07306E+16,4.45496E+15,0
7.3096E+15,1.93473E+15,1.93431E+16,7.66406E+15,3.06685E+16,4.26562E+15,1.28444E+15,1.11595E+16,4.0482E+15,0
5.96727E+16,1.87085E+15,3.08466E+16,7.28111E+15,3.39064E+16,3.23963E+15,1.26519E+16,722735904472921,3.91454E+15,0
8.63127E+15,1.64371E+16,1.48807E+16,7.27826E+15,350951581415931,4.44108E+15,1.68575E+16,5.81779E+15,364094400316757,0
91726245193336,1.65688E+15,1.13191E+15,6.61885E+16,3.72555E+15,4.20429E+15,1.33533E+16,7.29741E+15,3.6864E+15,0
,1.56773E+16,2.30841E+16,7.26979E+15,3.34956E+15,3.78254E+15,1.92471E+16,8.15716E+15,5.5649E+15,0
3.33763E+16,2.16257E+16,4.23108E+15,8.13066E+15,,3.52264E+16,1.40297E+16,5.2761E+15,3.30019E+16,0
1.14497E+16,1.86653E+16,1.23553E+16,7.06558E+15,3.21832E+16,5.03964E+15,1.62824E+16,7.71522E+15,5.1669E+16,0
6.28368E+15,2.05377E+16,1.99054E+16,7.07834E+15,2.84206E+16,4.71904E+16,1.80272E+16,6.43626E+15,4.48077E+15,0
,1.92408E+16,254603007927854,823147460968343,,4.65884E+16,1.66573E+16,5.83601E+16,3.5437E+15,0
876176840475976,2.12427E+16,1.41689E+16,6.38573E+15,,4.886E+16,1.26018E+16,6.02371E+15,4.67355E+16,0
6.61673E+15,1.95097E+16,3.42778E+16,7.63264E+15,,4.17465E+16,1.34326E+15,4.79459E+15,3.62238E+15,0
7.73457E+15,2.3092E+16,2.17766E+16,6.90859E+15,,3.95115E+16,1.50336E+16,9.26974E+15,3.82146E+15,0
6.97158E+15,1.85907E+16,2.796E+16,7.21451E+16,3.49744E+15,4.14067E+15,1.98829E+16,3.6179E+15,3.22635E+16,0
4.70919E+16,1.79141E+16,2.22914E+16,6.77428E+15,4.07418E+16,3.71265E+16,1.81868E+16,8.65286E+15,3.86008E+15,0
5.23E+15,1.76714E+16,2.79719E+16,7.59798E+15,4.13914E+15,4.40355E+16,1.44236E+16,7.28374E+15,3.04561E+15,0
5.27419E+15,2.2734E+16,1.76055E+16,6.32698E+15,358589902963265,4.89435E+15,1.11992E+16,,4.36443E+15,1
843344310417292,2.24856E+16,1.28335E+16,6.1795E+15,3.27533E+15,4.1185E+15,1.74004E+16,7.29173E+15,3.82473E+16,1
6.84786E+15,2.34942E+15,2.44562E+16,5.59624E+15,3.34873E+16,3.37573E+15,9.51529E+15,7.72973E+15,4.9212E+16,1
7.26355E+15,1.60443E+16,1.61297E+16,8.09101E+15,3.28447E+15,4.78515E+15,1.28148E+16,4.35923E+15,3.95053E+16,1
6.73327E+15,1.91306E+16,6.19333E+15,7.73977E+15,,4.24667E+15,2.08113E+16,9.83678E+15,3.76569E+16,1
,2.58447E+15,2.54983E+16,492216687925756,3.4104E+15,4.25797E+15,1.89937E+16,6.74007E+15,3.69195E+15,1
,2.32943E+16,8.7291E+15,5.88599E+15,,4.00518E+16,8.77274E+15,6.97239E+15,3.39973E+15,1
777766536646659,2.33762E+16,1.67801E+15,6.1233E+15,3.23538E+15,5.20285E+15,1.77947E+15,60343890907079,4.68333E+15,1
6.10373E+15,1.84329E+16,1.79775E+15,7.27553E+16,,3.3495E+16,7.65538E+15,5.90007E+15,3.38305E+15,1
6.66577E+15,1.5571E+15,3.061E+16,8.17255E+15,3.37174E+15,4.25692E+15,1.51015E+16,7.97805E+15,4.90355E+15,1
,2.15941E+16,1.01717E+16,6.62228E+15,,3.78318E+15,1.31908E+16,8.27854E+15,3.7578E+16,1
4.95985E+15,2.15855E+16,9.88783E+15,6.95423E+15,3.79505E+15,5.2748E+15,1.43266E+16,5.23888E+16,3.45504E+15,1
6.39791E+15,2.49969E+16,2.20571E+16,4.89272E+15,3.75494E+15,3.3427E+15,1.41504E+16,9.70305E+15,3.95854E+16,1
81403444634267,1.53748E+16,5.07939E+16,7.8435E+15,3.06219E+16,4.23456E+15,1.4322E+16,6.50766E+15,4.36279E+15,1
6.85063E+16,2.32931E+16,153380616411657,6.14262E+15,,4.38347E+15,1.81486E+15,8.15516E+15,2.59383E+15,1
6.71478E+15,1.85909E+15,3.45584E+15,6.55486E+15,3.60508E+15,3.03968E+15,1.02265E+16,5.0214E+15,4.68485E+15,1
433711946912069,2.07362E+15,3.43556E+15,6.80915E+15,3.74073E+16,530069602099354,1.2622E+16,447503592018025,4.40164E+15,1
8.43329E+15,1.61195E+16,1.59042E+16,8.42377E+15,3.00119E+15,4.79996E+15,1.53038E+16,7.14785E+15,3.63154E+15,1
7.27421E+15,1.97661E+16,2.71984E+15,7.79784E+15,3.0485E+16,3.0002E+15,1.46116E+15,6.66089E+15,4.71026E+15,1
6.57918E+15,1.86987E+16,1.67E+16,6.45492E+15,3.79041E+16,4.05277E+15,1.4996E+16,6.21523E+15,3.81356E+15,1
,2.40612E+16,2.00062E+15,4.9073E+15,3.79759E+16,3.27306E+15,132858383815082,8.31844E+15,3.45313E+16,1
8.65102E+15,1.88712E+16,1.32079E+16,6.83467E+15,3.35245E+16,3.99691E+15,1.06894E+16,4.39533E+15,3.64428E+16,1
835761299314161,1.63098E+16,3.4989E+15,7.69694E+15,3.17302E+16,4.04493E+15,8.27188E+15,6.75982E+15,4.36624E+15,1
,2.42828E+16,2.92981E+16,5.85384E+15,3.40349E+16,4.63115E+16,5.42665E+15,,3.52259E+16,1
6.65874E+15,2.16565E+16,2.51726E+16,6.78552E+15,330517558442994,6.20449E+15,1.90951E+16,8.22441E+15,3.40099E+15,1
1.05038E+16,1.25975E+16,3.86053E+15,8.71055E+15,,6.74443E+15,971421973743594,5.16979E+15,5.37046E+15,1
6.33239E+15,1.86838E+15,2.30731E+16,8.082E+15,3.2698E+16,2.33908E+16,964144153860542,6.094E+15,5.159E+15,1
,2.14594E+15,2.20385E+16,619962761036146,2.94241E+16,3.32473E+15,1.84695E+16,4.60463E+15,4.23854E+15,1
6.73043E+15,1.83915E+15,9.25877E+15,8.00517E+15,3.45072E+15,3.20668E+16,1.20668E+16,5.64375E+15,3.96194E+15,1
8.29778E+15,1.83614E+16,2.03164E+16,7.10881E+15,3.22096E+16,2.95654E+15,1.35032E+16,6.22301E+16,4.23922E+15,1
6.25927E+15,1.30374E+15,9.73468E+15,1.02823E+16,3.2036E+15,3.99351E+16,1.08468E+16,4.34202E+16,3.93214E+16,1
8.07613E+15,1.3267E+15,1.08163E+16,9.51327E+15,3.1497E+15,4.79759E+16,1.46859E+16,7.26383E+15,4.29136E+15,1
5.73104E+16,2.23705E+16,1.35191E+16,6.49672E+15,3.80514E+16,6.20305E+15,1.46729E+16,6.20236E+15,3.67581E+15,1
6.56336E+15,2.41286E+16,5.63206E+16,536555757971842,,4.15817E+15,1.16519E+16,7.06376E+15,5.29295E+16,1
5.30376E+15,2.31019E+16,6.67568E+15,6.10006E+15,3.88802E+15,4.65831E+16,1.45312E+16,77668020274499,4.02452E+15,1
7.64787E+15,1.60774E+16,2.90006E+16,7.21741E+15,,4.38801E+15,1.31825E+15,6.71E+15,3.07867E+16,1
,1.3917E+16,3.37848E+15,9.64052E+15,2.75332E+15,4.99428E+15,1.36645E+16,7.03684E+15,4.67875E+15,1
7.95145E+15,1.85422E+16,6.1088E+15,7.11786E+15,3.44796E+15,2.83877E+15,1.89044E+16,8.57998E+15,3.88688E+15,1
8.83214E+15,1.76809E+16,1.2171E+16,7.47534E+16,3.21258E+15,3.95387E+16,1.24816E+16,6.58672E+15,3.91451E+16,1
8.25083E+15,1.84385E+15,2.16166E+16,7.16673E+15,3.05177E+16,4.12947E+15,1.37913E+16,71799129123049,2.60471E+16,1
5.86057E+15,2.40887E+15,1.8322E+16,6.04639E+15,3.5105E+15,4.91875E+16,8.99723E+15,4.46157E+16,4.27724E+15,1
8.1821E+15,1.8667E+16,1.96424E+16,7.71514E+15,,3.70321E+15,1.15216E+16,5.54939E+15,4.60524E+15,1
7.88958E+16,1.5357E+16,4.12107E+15,845763867714476,2.9426E+16,3.54483E+15,1.12926E+16,6.73548E+15,3.22736E+16,1
8.71348E+15,1.69579E+16,2.38388E+16,8.16269E+15,,4.78983E+16,1.45209E+16,6.39453E+15,2.92219E+16,1
6.18592E+16,2.36035E+16,1.19894E+16,6.14003E+15,3.74095E+16,4.36236E+16,1.10938E+16,9.97751E+15,4.09026E+15,1
9.07972E+15,2.22043E+16,5.37359E+15,6.89492E+15,2.54041E+16,3.82896E+15,1.27049E+16,1.01615E+15,4.55172E+15,1
8.37951E+15,1.64168E+15,2.44091E+16,8.19902E+15,,4.30239E+16,1.935E+15,6.31052E+16,3.74982E+16,1
9.22196E+15,1.51455E+16,2.65026E+16,8.09719E+15,2.94193E+15,5.41601E+15,1.39518E+16,395724068284221,4.29425E+15,1
9.3707E+15,1.57719E+16,1.51063E+16,7.76286E+16,3.16392E+16,4.24916E+16,1.5646E+16,1.08214E+16,4.3808E+16,1
7.48757E+15,1.49769E+16,2.88373E+15,8.56097E+15,,5.31181E+15,9.53654E+15,5.79495E+15,1.80133E+16,1
602834878509831,2.25675E+16,1.21455E+16,6.12627E+15,3.65962E+15,5.03112E+15,1.56519E+16,734005779258381,3.14208E+16,1
6.28332E+15,2.28525E+16,1.16016E+16,6.32222E+15,,4.14784E+16,1.16797E+15,8.83459E+15,4.15399E+15,1
5.66645E+16,1.42148E+16,2.43837E+16,9.98955E+15,320264283097194,5.11954E+15,2.36043E+15,7.70305E+15,3.83682E+15,1
6.9853E+15,2.19586E+16,1.6471E+16,6.44551E+15,3.39054E+16,4.92903E+16,1.58044E+16,706006825873015,3.0818E+16,1
7.27337E+15,1.75015E+16,1.42064E+16,7.83907E+15,3.37645E+15,3.22491E+15,1.81078E+16,5.81817E+16,4.19642E+16,1
7.44966E+15,1.93042E+15,3.22514E+16,6.0866E+15,3.37135E+15,5.72806E+15,1.80603E+15,5.74013E+15,4.3704E+16,1
7.61812E+15,2.02716E+15,4.45397E+15,5.81622E+16,3.3807E+15,4.59078E+16,1.33517E+15,7.36019E+15,3.7697E+15,1
6.69815E+15,1.98286E+15,3.46759E+16,6.2636E+15,3.60233E+15,4.30935E+16,1.21767E+16,,3.75818E+15,1
7.0273E+15,1.85839E+16,3.11516E+16,762554508089964,3.27222E+15,3.98705E+15,1.94615E+16,8.06936E+15,3.39267E+16,1
8.61096E+15,1.25159E+16,3.20798E+16,9.84492E+15,2.64053E+15,3.42205E+15,1.29474E+16,5.39503E+16,4.6144E+16,1
7.42359E+15,1.80454E+16,3.4452E+15,7.93065E+15,3.0379E+16,4.2986E+15,7.66592E+15,6.67005E+15,336539749533764,1
5.45668E+16,2.1952E+16,2.09678E+15,6.82678E+15,3.55083E+15,3.1202E+15,1.40293E+16,5.78525E+15,3.79947E+16,1
9.6129E+15,9.4909E+15,165985775109041,9.14305E+15,3.11296E+16,5.35699E+15,1.2312E+16,6.7427E+15,4.01641E+15,1
8.24692E+15,1.19028E+16,7.74758E+16,912422522149445,,5.79248E+15,1.30012E+15,7.28037E+15,409661966700433,1
6.64117E+15,1.91917E+16,1.02207E+16,6.67508E+15,3.80364E+15,4.21417E+15,1.22433E+16,6.51799E+15,3.1547E+16,1
6.64607E+15,1.97222E+16,168634387250849,6.79393E+15,,5.05296E+15,1.67124E+15,4.56604E+15,3.05398E+16,1
716447829539951,2.13002E+15,3.27519E+16,6.29215E+15,,4.90933E+15,1.26838E+16,5.82526E+15,4.9982E+15,1
82850715273713,1.51574E+16,1.44027E+16,9.05008E+15,3.03082E+16,3.22522E+16,1.36527E+16,1.14035E+16,42746613334345,1
6.11002E+15,2.34801E+16,1.66635E+15,5.98454E+15,3.48055E+16,4.37892E+15,1.00595E+16,,2.81778E+15,1
8.31666E+15,1.10904E+16,2.48145E+15,9.48957E+15,,4.80472E+16,1.42712E+16,7.78545E+15,2.6958E+16,1
,1.84994E+16,1.4876E+16,7.49821E+15,3.67327E+15,4.35603E+15,1.98399E+16,7.51995E+15,1.92238E+16,1
9.00468E+15,1.73739E+15,2.83113E+15,84750833706704,,5.31521E+15,1.28388E+16,3.77648E+15,3.77501E+16,1
6.88651E+15,2.11454E+16,3.50183E+15,6.0676E+15,,5.49997E+15,8.44513E+15,2.76632E+16,3.59976E+16,1
9.29362E+15,1.93062E+15,5.01665E+15,6.30188E+15,,3.65439E+15,1.42259E+16,986254571436827,3.66188E+15,1
6.98519E+15,1.33432E+16,2.19446E+16,8.57765E+15,3.4124E+15,5.36277E+15,1.61767E+16,9.17088E+15,4.2462E+15,1
5.09416E+16,2.23167E+15,2.29577E+15,6.97742E+16,3.50101E+15,4.76625E+16,1.30346E+16,7.80759E+15,4.71094E+15,1
6.15003E+15,1.88413E+16,840672324367801,7.74471E+15,358591737823466,4.49359E+16,1.32203E+16,5.29566E+15,3.44444E+16,1
6.1897E+15,2.24433E+15,1.52297E+16,5.87918E+15,3.66501E+15,6.49806E+15,1.02575E+16,7.17809E+15,3.02737E+15,1
7.49799E+15,1.8581E+16,3.09274E+16,7.57938E+15,,4.76387E+15,1.51243E+16,7.29284E+15,5.73899E+15,1
6.96528E+15,1.62699E+15,2.4312E+16,9.12975E+15,3.07759E+16,4.90816E+15,1.55121E+16,1.02696E+16,3.96932E+16,1
5.41212E+15,2.72515E+15,2.8353E+16,5.77801E+15,,3.47804E+16,1.53077E+16,6.66615E+15,5.68035E+15,1
7.50309E+15,1.86713E+16,3.20002E+16,7.64178E+15,3.15974E+16,4.73532E+15,1.20491E+16,4.32805E+15,43055136249312,1
,2.0915E+15,270307549992564,6.09375E+15,3.5006E+15,407910645101354,1.10469E+16,8.17579E+15,3.99313E+16,1
8.58104E+15,1.53709E+15,1.99704E+16,7.66169E+15,3.12885E+16,5.20808E+15,1.47816E+16,7.41278E+15,2.88315E+15,1
5.53006E+15,2.07998E+16,3.89188E+15,6.54313E+15,3.60071E+16,4.27664E+15,1.88131E+16,6.1215E+16,3.32747E+16,1
8.74396E+15,1.97749E+16,4.08436E+15,6.36886E+15,3.10677E+15,3.26253E+16,1.25032E+16,6.64219E+15,4.11897E+15,1
9.05238E+15,1.20022E+16,2.22035E+16,9.36834E+15,2.85234E+15,3.72275E+15,1.45384E+16,641324260352138,4.25972E+15,1
8.07726E+15,1.25303E+16,2.39313E+15,8.77316E+15,3.17693E+16,3.98329E+16,1.52796E+16,6.26684E+16,4.27987E+15,1
6.6821E+15,2.28303E+16,7.7053E+15,5.94735E+16,3.63537E+15,2.54392E+16,1.31404E+16,647839535912982,3.44983E+16,1
473132007599374,2.30939E+16,1.55174E+15,6.61471E+15,,3.84807E+16,1.66209E+16,6.40383E+15,5.45789E+15,1
924141997355796,1.27919E+16,3.95668E+15,8.86082E+15,2.81996E+15,4.87339E+15,9.5345E+15,6.55167E+15,4.71885E+15,1
5.62831E+15,1.92341E+16,2.28567E+16,7.76469E+15,3.4304E+15,4.39055E+16,1.51999E+16,5.02299E+15,4.06164E+16,1
4.8578E+15,2.224E+16,1.56683E+15,7.90079E+15,3.20395E+15,4.17804E+15,1.55306E+16,8.42288E+15,3.96657E+15,1
8.43047E+15,1.95717E+15,3.5254E+15,6.70354E+15,3.14728E+15,2.826E+16,1.22692E+16,4.64879E+16,3.25392E+16,1
6.81761E+15,2.19337E+16,2.75486E+16,6.29812E+15,3.40938E+15,530710025503962,1.94868E+16,6.85688E+15,3.04829E+16,1
5.91376E+15,1.75326E+15,1.20446E+16,8.36879E+15,3.4788E+16,3.80967E+15,1.25308E+16,6.51941E+15,4.02378E+15,1
,2.57235E+15,2.81491E+16,5.99456E+15,3.36062E+16,5.5185E+15,1.42529E+16,6.84038E+15,2.67404E+15,1
5.50028E+15,2.63683E+15,1.99112E+15,4.75531E+15,3.66943E+16,4.35866E+15,1.27612E+15,5.14399E+16,5.14754E+15,1
5.60862E+15,2.71882E+15,4.36802E+15,4.15734E+15,3.66867E+16,4.50896E+16,1.64428E+16,6.12498E+16,3.77751E+16,1
5.60924E+16,2.16123E+15,1.48259E+16,7.00179E+15,3.55212E+15,3.30093E+16,977951770968258,4.125E+15,3.22468E+16,1
,983679148956603,2.84156E+15,1.05589E+16,296843207792478,5.0524E+16,1.28826E+16,8.533E+15,4.11909E+15,1
5.85982E+15,2.87976E+15,3.64073E+16,4.07263E+16,3.91697E+15,4.47122E+16,6.36317E+15,4.91553E+15,3.42663E+16,1
6.41772E+15,209702425225232,3.19745E+15,7.26343E+15,3.21382E+15,2.8945E+16,1.13691E+15,,4.21033E+15,1
6.17053E+15,1.93336E+15,1.62062E+16,7.12397E+15,,5.28096E+15,205322774847769,7.50677E+15,3.65221E+15,1
403406341143777,3.03703E+15,332190745454325,4.42556E+15,,4.94321E+16,1.34152E+16,7.20126E+15,5.02474E+15,1
4.97947E+16,2.40813E+15,2.41678E+16,5.59383E+15,,3.98029E+15,6.09123E+15,6.24195E+16,343902165089796,1
8.09745E+15,2.18992E+16,1.81123E+15,6.19695E+15,,3.7657E+16,177462635237124,5.99099E+16,4.27908E+15,1
,1.98219E+15,3.10817E+15,7.41911E+15,,5.17926E+15,1.17114E+16,8.54288E+15,3.34554E+16,1
8.46874E+15,1.32456E+16,2.10384E+16,8.00138E+15,3.45001E+16,3.60576E+15,1.0743E+16,6.45089E+15,2.877E+16,1
7.87085E+15,2.10628E+15,5.17318E+15,6.19096E+15,,5.33291E+15,1.50299E+16,8.43351E+15,4.22161E+15,1
7.6796E+15,2.00073E+15,320008439113861,7.63373E+15,2.9074E+16,5.83608E+15,1.68445E+16,3.93671E+15,3.29753E+15,1
7.22659E+15,2.07832E+16,2.20974E+15,5.86272E+16,3.54708E+15,3.53654E+15,1.04011E+16,66864140327047,4.33712E+15,1
,2.03205E+15,1.06432E+15,6.82894E+15,,3.84598E+15,1.60113E+16,7.29116E+15,3.06591E+16,1
8.65911E+15,1.14808E+16,2.35146E+15,8.73532E+15,3.33027E+15,3.18641E+16,1.65591E+16,5.28664E+15,289577427975715,1
,2.25754E+16,2.81945E+16,5.89283E+15,3.66202E+15,4.18273E+16,1.73068E+16,1.03913E+16,3.85589E+16,1
6.3602E+15,1.98911E+15,1.37421E+16,7.44149E+15,3.3841E+15,4.23626E+15,1.19159E+16,5.77131E+15,2.71325E+16,1
1.04856E+16,1.36577E+16,3.28724E+15,8.39944E+15,2.76922E+16,4.16189E+15,1.88846E+15,6.00784E+15,4.66924E+15,1
6.60342E+15,1.90837E+16,1.94688E+16,637563198794617,3.80732E+16,4.56315E+16,593458832142386,8.35593E+15,4.27082E+15,1
5.71332E+15,1.96246E+15,1.13566E+15,8.02782E+15,3.47588E+15,3.00125E+15,1.84301E+15,4.48604E+15,4.57113E+15,1
4.76747E+15,2.5645E+16,4.80079E+15,5.77318E+15,,5.9043E+15,1.65416E+16,4.49386E+15,3.89338E+16,1
9.60983E+15,2.27367E+16,2.269E+16,538543992959052,3.14317E+16,3.94732E+15,1.69884E+15,7.53397E+15,4.30836E+15,1
9.18645E+15,1.6912E+15,2.70557E+15,7.44248E+15,,4.98635E+15,1.02474E+16,5.04012E+15,3.45386E+16,1
9.96069E+15,1.69925E+16,1.58351E+16,7.14391E+15,3.01777E+16,3.88897E+15,1.3564E+16,7.15939E+15,3.43454E+16,1
610230679390867,2.05999E+16,2.34069E+16,8.06186E+15,,380305004711283,1.54924E+16,6.91108E+15,4.28077E+15,1
679265509816682,2.41724E+16,9.09431E+15,6.43581E+15,3.38521E+15,3.61108E+15,1.45025E+16,4.54281E+16,1.91775E+16,1
591053973772753,2.41141E+15,2.57218E+15,480675901959762,3.85887E+15,4.62613E+15,1.43168E+16,6.05904E+16,4.00751E+16,1
6.12581E+15,2.41444E+15,8.8109E+15,5.74032E+15,3.69023E+15,3.67968E+15,1.68165E+15,4.76617E+15,4.95306E+16,1
583610452509449,2.77066E+16,1.77115E+16,3.45819E+16,4.00168E+16,4.56733E+15,1.75523E+16,7.20599E+15,3.73899E+16,1
,1.88537E+16,2.47114E+15,7.12952E+15,,5.55549E+15,1.69593E+16,5.60387E+15,43316909034515,1
1.06674E+16,173381945364966,2.89122E+16,7.07129E+15,2.76634E+16,286063394408431,1.76857E+16,5.51474E+15,4.13557E+15,1
8.6283E+15,1.85927E+15,3.1548E+15,7.07946E+15,,3.42356E+16,1.82484E+16,6.21887E+16,5.10086E+16,1
6.26011E+15,2.11594E+16,1.85776E+16,7.15489E+15,3.40793E+15,3.57098E+16,7.99221E+15,8.23654E+15,5.40361E+15,1
1.08082E+16,1.98597E+16,2.96143E+16,5.78242E+15,3.04622E+15,383269410360684,1.49028E+16,4.78964E+15,4.36254E+15,1
7.37191E+15,1.48194E+15,4.20594E+15,7.96671E+15,3.24546E+16,5.44848E+15,1.71665E+15,626777563218408,4.33896E+15,1
4.82559E+15,2.34784E+16,1.11424E+16,6.44277E+15,3.70417E+15,3.70189E+15,1.30464E+16,4.6316E+15,346309715357363,1
486882713540531,2.58679E+15,1.34004E+16,48809103387274,,3.28765E+16,1.73521E+16,559682167013825,3.2556E+16,1
7.39545E+15,1.90478E+16,2.25615E+16,8.31019E+15,2.9403E+16,4.1391E+15,1.33014E+16,6.34102E+15,4.99024E+15,1
8.86211E+15,1.31635E+16,1.74336E+15,7.63957E+15,3.40133E+16,3.99463E+15,1.67122E+15,5.35941E+16,4.95508E+15,1
6.00897E+15,2.2508E+16,5.10009E+15,7.45224E+15,3.36119E+16,3.25134E+16,1.108E+16,3.6341E+15,4.01234E+15,1
7.60722E+15,1.60565E+15,391848467196431,7.82641E+16,3.12056E+15,5.03158E+15,1.3367E+16,6.20223E+15,3.52503E+16,1
6.68337E+15,272111698452723,1.89893E+16,533620199356427,3.36555E+15,3.07725E+15,2.01787E+16,754022602836187,5.20806E+15,1
6.63841E+15,1.80827E+16,9.7725E+15,8.29598E+15,,4.01111E+15,1.26015E+16,6.10519E+15,5.16406E+15,1
9.27136E+15,1.8126E+16,1.6541E+15,7.0225E+15,3.09239E+15,4.87693E+16,1.32284E+16,,4.33395E+15,1
,1.34737E+16,9.00003E+15,9.02629E+15,,4.28214E+16,8.66867E+15,747733924065712,3.69956E+16,1
3.62992E+16,2.44187E+16,2.48566E+15,6.61807E+15,3.66968E+16,4.42076E+16,1.33029E+16,5.94893E+16,4.75483E+16,1
8.37811E+15,1.98511E+15,284742025803626,6.47706E+15,3.19477E+16,4.99867E+16,1.53891E+16,3.52212E+15,4.52469E+15,1
6.92364E+15,260593154348188,2.47925E+16,5.50116E+16,3.32232E+16,6.07774E+15,1.5483E+16,5.15359E+15,4.01334E+16,1
5.8931E+15,2.39269E+16,2.05267E+16,6.34956E+16,3.41256E+15,4.03618E+16,1.89637E+16,6.38463E+15,4.3907E+15,1
8.19735E+15,2.03105E+15,2.77018E+16,6.47291E+15,3.28887E+16,444612723622325,1.42509E+15,6.29062E+15,3.36183E+16,1
837291028476714,1.69087E+16,1.46227E+16,754798401839384,,4.64526E+16,1.1083E+16,3.84352E+16,4.90636E+15,1
8.9899E+15,2.15047E+15,1.59214E+16,629731152709713,3.12931E+16,3.9041E+15,9.89912E+15,5.50693E+15,4.61384E+15,1
6.70255E+15,2.07321E+15,1.72469E+16,7.70812E+15,3.0451E+16,3.29266E+16,1.62173E+16,2.88786E+15,3.44298E+15,1
1.1491E+16,9.48125E+15,37188826021934,9.26317E+15,258930600411521,4.39894E+15,1.61728E+15,4.15585E+15,4.36926E+15,1
6.06962E+15,1.86659E+16,2.61388E+15,7.74755E+16,3.457E+16,4.15887E+15,1.20676E+16,6.04199E+15,3.66971E+15,1
4.6681E+15,1.93682E+16,4.7581E+15,7.16664E+15,35994857436696,5.26424E+15,1.38944E+16,6.66877E+15,44358209095098,1
7.80886E+16,1.93553E+16,1.73298E+16,8.06136E+15,,3.9245E+15,1.99032E+15,,2.79824E+16,1
941951031641321,1.75763E+16,3.31556E+16,7.35023E+15,,4.32045E+16,1.10391E+16,6.98454E+15,3.29888E+15,1
5.12676E+16,2.30604E+16,1.19839E+16,6.30336E+15,,402883113121781,1.11689E+16,7.74882E+15,4.70866E+15,1
7.87467E+15,1.95102E+16,1.74042E+15,7.50931E+15,,3.2746E+15,1.61404E+16,7.86984E+15,2.30915E+15,1